--
-- PostgreSQL database dump
--

-- Dumped from database version 13.0 (Ubuntu 13.0-1.pgdg16.04+1)
-- Dumped by pg_dump version 13.0 (Ubuntu 13.0-1.pgdg16.04+1)

SET statement_timeout = 0;
SET lock_timeout = 0;
SET idle_in_transaction_session_timeout = 0;
SET client_encoding = 'UTF8';
SET standard_conforming_strings = on;
SELECT pg_catalog.set_config('search_path', '', false);
SET check_function_bodies = false;
SET xmloption = content;
SET client_min_messages = warning;
SET row_security = off;

SET default_tablespace = '';

SET default_table_access_method = heap;

--
-- Name: account_emailaddress; Type: TABLE; Schema: public; Owner: jeremih
--

CREATE TABLE public.account_emailaddress (
    id integer NOT NULL,
    email character varying(254) NOT NULL,
    verified boolean NOT NULL,
    "primary" boolean NOT NULL,
    user_id integer NOT NULL
);


ALTER TABLE public.account_emailaddress OWNER TO jeremih;

--
-- Name: account_emailaddress_id_seq; Type: SEQUENCE; Schema: public; Owner: jeremih
--

CREATE SEQUENCE public.account_emailaddress_id_seq
    AS integer
    START WITH 1
    INCREMENT BY 1
    NO MINVALUE
    NO MAXVALUE
    CACHE 1;


ALTER TABLE public.account_emailaddress_id_seq OWNER TO jeremih;

--
-- Name: account_emailaddress_id_seq; Type: SEQUENCE OWNED BY; Schema: public; Owner: jeremih
--

ALTER SEQUENCE public.account_emailaddress_id_seq OWNED BY public.account_emailaddress.id;


--
-- Name: account_emailconfirmation; Type: TABLE; Schema: public; Owner: jeremih
--

CREATE TABLE public.account_emailconfirmation (
    id integer NOT NULL,
    created timestamp with time zone NOT NULL,
    sent timestamp with time zone,
    key character varying(64) NOT NULL,
    email_address_id integer NOT NULL
);


ALTER TABLE public.account_emailconfirmation OWNER TO jeremih;

--
-- Name: account_emailconfirmation_id_seq; Type: SEQUENCE; Schema: public; Owner: jeremih
--

CREATE SEQUENCE public.account_emailconfirmation_id_seq
    AS integer
    START WITH 1
    INCREMENT BY 1
    NO MINVALUE
    NO MAXVALUE
    CACHE 1;


ALTER TABLE public.account_emailconfirmation_id_seq OWNER TO jeremih;

--
-- Name: account_emailconfirmation_id_seq; Type: SEQUENCE OWNED BY; Schema: public; Owner: jeremih
--

ALTER SEQUENCE public.account_emailconfirmation_id_seq OWNED BY public.account_emailconfirmation.id;


--
-- Name: auth_group; Type: TABLE; Schema: public; Owner: jeremih
--

CREATE TABLE public.auth_group (
    id integer NOT NULL,
    name character varying(150) NOT NULL
);


ALTER TABLE public.auth_group OWNER TO jeremih;

--
-- Name: auth_group_id_seq; Type: SEQUENCE; Schema: public; Owner: jeremih
--

CREATE SEQUENCE public.auth_group_id_seq
    AS integer
    START WITH 1
    INCREMENT BY 1
    NO MINVALUE
    NO MAXVALUE
    CACHE 1;


ALTER TABLE public.auth_group_id_seq OWNER TO jeremih;

--
-- Name: auth_group_id_seq; Type: SEQUENCE OWNED BY; Schema: public; Owner: jeremih
--

ALTER SEQUENCE public.auth_group_id_seq OWNED BY public.auth_group.id;


--
-- Name: auth_group_permissions; Type: TABLE; Schema: public; Owner: jeremih
--

CREATE TABLE public.auth_group_permissions (
    id integer NOT NULL,
    group_id integer NOT NULL,
    permission_id integer NOT NULL
);


ALTER TABLE public.auth_group_permissions OWNER TO jeremih;

--
-- Name: auth_group_permissions_id_seq; Type: SEQUENCE; Schema: public; Owner: jeremih
--

CREATE SEQUENCE public.auth_group_permissions_id_seq
    AS integer
    START WITH 1
    INCREMENT BY 1
    NO MINVALUE
    NO MAXVALUE
    CACHE 1;


ALTER TABLE public.auth_group_permissions_id_seq OWNER TO jeremih;

--
-- Name: auth_group_permissions_id_seq; Type: SEQUENCE OWNED BY; Schema: public; Owner: jeremih
--

ALTER SEQUENCE public.auth_group_permissions_id_seq OWNED BY public.auth_group_permissions.id;


--
-- Name: auth_permission; Type: TABLE; Schema: public; Owner: jeremih
--

CREATE TABLE public.auth_permission (
    id integer NOT NULL,
    name character varying(255) NOT NULL,
    content_type_id integer NOT NULL,
    codename character varying(100) NOT NULL
);


ALTER TABLE public.auth_permission OWNER TO jeremih;

--
-- Name: auth_permission_id_seq; Type: SEQUENCE; Schema: public; Owner: jeremih
--

CREATE SEQUENCE public.auth_permission_id_seq
    AS integer
    START WITH 1
    INCREMENT BY 1
    NO MINVALUE
    NO MAXVALUE
    CACHE 1;


ALTER TABLE public.auth_permission_id_seq OWNER TO jeremih;

--
-- Name: auth_permission_id_seq; Type: SEQUENCE OWNED BY; Schema: public; Owner: jeremih
--

ALTER SEQUENCE public.auth_permission_id_seq OWNED BY public.auth_permission.id;


--
-- Name: authtoken_token; Type: TABLE; Schema: public; Owner: jeremih
--

CREATE TABLE public.authtoken_token (
    key character varying(40) NOT NULL,
    created timestamp with time zone NOT NULL,
    user_id integer NOT NULL
);


ALTER TABLE public.authtoken_token OWNER TO jeremih;

--
-- Name: blog_comment; Type: TABLE; Schema: public; Owner: jeremih
--

CREATE TABLE public.blog_comment (
    id integer NOT NULL,
    "timestamp" timestamp with time zone NOT NULL,
    content text NOT NULL,
    username character varying(164) NOT NULL,
    post_id integer NOT NULL,
    user_id integer
);


ALTER TABLE public.blog_comment OWNER TO jeremih;

--
-- Name: blog_comment_id_seq; Type: SEQUENCE; Schema: public; Owner: jeremih
--

CREATE SEQUENCE public.blog_comment_id_seq
    AS integer
    START WITH 1
    INCREMENT BY 1
    NO MINVALUE
    NO MAXVALUE
    CACHE 1;


ALTER TABLE public.blog_comment_id_seq OWNER TO jeremih;

--
-- Name: blog_comment_id_seq; Type: SEQUENCE OWNED BY; Schema: public; Owner: jeremih
--

ALTER SEQUENCE public.blog_comment_id_seq OWNED BY public.blog_comment.id;


--
-- Name: blog_post; Type: TABLE; Schema: public; Owner: jeremih
--

CREATE TABLE public.blog_post (
    id integer NOT NULL,
    title character varying(1024) NOT NULL,
    short_description text NOT NULL,
    content text NOT NULL,
    "timestamp" date NOT NULL,
    thumbnail character varying(100) NOT NULL,
    image_alt character varying(600) NOT NULL,
    featured boolean NOT NULL,
    active_post boolean NOT NULL,
    slug character varying(50) NOT NULL,
    avg_read double precision,
    author_id integer NOT NULL
);


ALTER TABLE public.blog_post OWNER TO jeremih;

--
-- Name: blog_post_categories; Type: TABLE; Schema: public; Owner: jeremih
--

CREATE TABLE public.blog_post_categories (
    id integer NOT NULL,
    post_id integer NOT NULL,
    category_id integer NOT NULL
);


ALTER TABLE public.blog_post_categories OWNER TO jeremih;

--
-- Name: blog_post_categories_id_seq; Type: SEQUENCE; Schema: public; Owner: jeremih
--

CREATE SEQUENCE public.blog_post_categories_id_seq
    AS integer
    START WITH 1
    INCREMENT BY 1
    NO MINVALUE
    NO MAXVALUE
    CACHE 1;


ALTER TABLE public.blog_post_categories_id_seq OWNER TO jeremih;

--
-- Name: blog_post_categories_id_seq; Type: SEQUENCE OWNED BY; Schema: public; Owner: jeremih
--

ALTER SEQUENCE public.blog_post_categories_id_seq OWNED BY public.blog_post_categories.id;


--
-- Name: blog_post_id_seq; Type: SEQUENCE; Schema: public; Owner: jeremih
--

CREATE SEQUENCE public.blog_post_id_seq
    AS integer
    START WITH 1
    INCREMENT BY 1
    NO MINVALUE
    NO MAXVALUE
    CACHE 1;


ALTER TABLE public.blog_post_id_seq OWNER TO jeremih;

--
-- Name: blog_post_id_seq; Type: SEQUENCE OWNED BY; Schema: public; Owner: jeremih
--

ALTER SEQUENCE public.blog_post_id_seq OWNED BY public.blog_post.id;


--
-- Name: categories_category; Type: TABLE; Schema: public; Owner: jeremih
--

CREATE TABLE public.categories_category (
    id integer NOT NULL,
    meta_keywords character varying(255),
    meta_description character varying(255),
    meta_author character varying(255),
    meta_copyright character varying(255),
    title character varying(64) NOT NULL,
    seo_post text NOT NULL,
    slug character varying(50),
    sub_category_of_id integer NOT NULL
);


ALTER TABLE public.categories_category OWNER TO jeremih;

--
-- Name: categories_category_id_seq; Type: SEQUENCE; Schema: public; Owner: jeremih
--

CREATE SEQUENCE public.categories_category_id_seq
    AS integer
    START WITH 1
    INCREMENT BY 1
    NO MINVALUE
    NO MAXVALUE
    CACHE 1;


ALTER TABLE public.categories_category_id_seq OWNER TO jeremih;

--
-- Name: categories_category_id_seq; Type: SEQUENCE OWNED BY; Schema: public; Owner: jeremih
--

ALTER SEQUENCE public.categories_category_id_seq OWNED BY public.categories_category.id;


--
-- Name: categories_categoryvariation; Type: TABLE; Schema: public; Owner: jeremih
--

CREATE TABLE public.categories_categoryvariation (
    id integer NOT NULL,
    value character varying(50),
    attachment character varying(100),
    selectable boolean,
    yes_or_no boolean,
    variation_id integer NOT NULL
);


ALTER TABLE public.categories_categoryvariation OWNER TO jeremih;

--
-- Name: categories_categoryvariation_id_seq; Type: SEQUENCE; Schema: public; Owner: jeremih
--

CREATE SEQUENCE public.categories_categoryvariation_id_seq
    AS integer
    START WITH 1
    INCREMENT BY 1
    NO MINVALUE
    NO MAXVALUE
    CACHE 1;


ALTER TABLE public.categories_categoryvariation_id_seq OWNER TO jeremih;

--
-- Name: categories_categoryvariation_id_seq; Type: SEQUENCE OWNED BY; Schema: public; Owner: jeremih
--

ALTER SEQUENCE public.categories_categoryvariation_id_seq OWNED BY public.categories_categoryvariation.id;


--
-- Name: categories_faqcategory; Type: TABLE; Schema: public; Owner: jeremih
--

CREATE TABLE public.categories_faqcategory (
    id integer NOT NULL,
    question character varying(2048) NOT NULL,
    text text NOT NULL,
    category_id integer NOT NULL
);


ALTER TABLE public.categories_faqcategory OWNER TO jeremih;

--
-- Name: categories_faqcategory_id_seq; Type: SEQUENCE; Schema: public; Owner: jeremih
--

CREATE SEQUENCE public.categories_faqcategory_id_seq
    AS integer
    START WITH 1
    INCREMENT BY 1
    NO MINVALUE
    NO MAXVALUE
    CACHE 1;


ALTER TABLE public.categories_faqcategory_id_seq OWNER TO jeremih;

--
-- Name: categories_faqcategory_id_seq; Type: SEQUENCE OWNED BY; Schema: public; Owner: jeremih
--

ALTER SEQUENCE public.categories_faqcategory_id_seq OWNED BY public.categories_faqcategory.id;


--
-- Name: categories_faqmaincategory; Type: TABLE; Schema: public; Owner: jeremih
--

CREATE TABLE public.categories_faqmaincategory (
    id integer NOT NULL,
    question character varying(2048) NOT NULL,
    text text NOT NULL,
    main_category_id integer NOT NULL
);


ALTER TABLE public.categories_faqmaincategory OWNER TO jeremih;

--
-- Name: categories_faqmaincategory_id_seq; Type: SEQUENCE; Schema: public; Owner: jeremih
--

CREATE SEQUENCE public.categories_faqmaincategory_id_seq
    AS integer
    START WITH 1
    INCREMENT BY 1
    NO MINVALUE
    NO MAXVALUE
    CACHE 1;


ALTER TABLE public.categories_faqmaincategory_id_seq OWNER TO jeremih;

--
-- Name: categories_faqmaincategory_id_seq; Type: SEQUENCE OWNED BY; Schema: public; Owner: jeremih
--

ALTER SEQUENCE public.categories_faqmaincategory_id_seq OWNED BY public.categories_faqmaincategory.id;


--
-- Name: categories_maincategory; Type: TABLE; Schema: public; Owner: jeremih
--

CREATE TABLE public.categories_maincategory (
    id integer NOT NULL,
    meta_keywords character varying(255),
    meta_description character varying(255),
    meta_author character varying(255),
    meta_copyright character varying(255),
    title character varying(64) NOT NULL,
    seo_post text NOT NULL,
    slug character varying(50),
    mother_category_id integer NOT NULL
);


ALTER TABLE public.categories_maincategory OWNER TO jeremih;

--
-- Name: categories_maincategory_id_seq; Type: SEQUENCE; Schema: public; Owner: jeremih
--

CREATE SEQUENCE public.categories_maincategory_id_seq
    AS integer
    START WITH 1
    INCREMENT BY 1
    NO MINVALUE
    NO MAXVALUE
    CACHE 1;


ALTER TABLE public.categories_maincategory_id_seq OWNER TO jeremih;

--
-- Name: categories_maincategory_id_seq; Type: SEQUENCE OWNED BY; Schema: public; Owner: jeremih
--

ALTER SEQUENCE public.categories_maincategory_id_seq OWNED BY public.categories_maincategory.id;


--
-- Name: categories_mothercategory; Type: TABLE; Schema: public; Owner: jeremih
--

CREATE TABLE public.categories_mothercategory (
    id integer NOT NULL,
    meta_keywords character varying(255),
    meta_description character varying(255),
    meta_author character varying(255),
    meta_copyright character varying(255),
    title character varying(64) NOT NULL,
    seo_post text NOT NULL,
    slug character varying(50)
);


ALTER TABLE public.categories_mothercategory OWNER TO jeremih;

--
-- Name: categories_mothercategory_id_seq; Type: SEQUENCE; Schema: public; Owner: jeremih
--

CREATE SEQUENCE public.categories_mothercategory_id_seq
    AS integer
    START WITH 1
    INCREMENT BY 1
    NO MINVALUE
    NO MAXVALUE
    CACHE 1;


ALTER TABLE public.categories_mothercategory_id_seq OWNER TO jeremih;

--
-- Name: categories_mothercategory_id_seq; Type: SEQUENCE OWNED BY; Schema: public; Owner: jeremih
--

ALTER SEQUENCE public.categories_mothercategory_id_seq OWNED BY public.categories_mothercategory.id;


--
-- Name: categories_variation; Type: TABLE; Schema: public; Owner: jeremih
--

CREATE TABLE public.categories_variation (
    id integer NOT NULL,
    name character varying(50) NOT NULL,
    model character varying(64) NOT NULL,
    category_id integer NOT NULL
);


ALTER TABLE public.categories_variation OWNER TO jeremih;

--
-- Name: categories_variation_id_seq; Type: SEQUENCE; Schema: public; Owner: jeremih
--

CREATE SEQUENCE public.categories_variation_id_seq
    AS integer
    START WITH 1
    INCREMENT BY 1
    NO MINVALUE
    NO MAXVALUE
    CACHE 1;


ALTER TABLE public.categories_variation_id_seq OWNER TO jeremih;

--
-- Name: categories_variation_id_seq; Type: SEQUENCE OWNED BY; Schema: public; Owner: jeremih
--

ALTER SEQUENCE public.categories_variation_id_seq OWNED BY public.categories_variation.id;


--
-- Name: django_admin_log; Type: TABLE; Schema: public; Owner: jeremih
--

CREATE TABLE public.django_admin_log (
    id integer NOT NULL,
    action_time timestamp with time zone NOT NULL,
    object_id text,
    object_repr character varying(200) NOT NULL,
    action_flag smallint NOT NULL,
    change_message text NOT NULL,
    content_type_id integer,
    user_id integer NOT NULL,
    CONSTRAINT django_admin_log_action_flag_check CHECK ((action_flag >= 0))
);


ALTER TABLE public.django_admin_log OWNER TO jeremih;

--
-- Name: django_admin_log_id_seq; Type: SEQUENCE; Schema: public; Owner: jeremih
--

CREATE SEQUENCE public.django_admin_log_id_seq
    AS integer
    START WITH 1
    INCREMENT BY 1
    NO MINVALUE
    NO MAXVALUE
    CACHE 1;


ALTER TABLE public.django_admin_log_id_seq OWNER TO jeremih;

--
-- Name: django_admin_log_id_seq; Type: SEQUENCE OWNED BY; Schema: public; Owner: jeremih
--

ALTER SEQUENCE public.django_admin_log_id_seq OWNED BY public.django_admin_log.id;


--
-- Name: django_content_type; Type: TABLE; Schema: public; Owner: jeremih
--

CREATE TABLE public.django_content_type (
    id integer NOT NULL,
    app_label character varying(100) NOT NULL,
    model character varying(100) NOT NULL
);


ALTER TABLE public.django_content_type OWNER TO jeremih;

--
-- Name: django_content_type_id_seq; Type: SEQUENCE; Schema: public; Owner: jeremih
--

CREATE SEQUENCE public.django_content_type_id_seq
    AS integer
    START WITH 1
    INCREMENT BY 1
    NO MINVALUE
    NO MAXVALUE
    CACHE 1;


ALTER TABLE public.django_content_type_id_seq OWNER TO jeremih;

--
-- Name: django_content_type_id_seq; Type: SEQUENCE OWNED BY; Schema: public; Owner: jeremih
--

ALTER SEQUENCE public.django_content_type_id_seq OWNED BY public.django_content_type.id;


--
-- Name: django_migrations; Type: TABLE; Schema: public; Owner: jeremih
--

CREATE TABLE public.django_migrations (
    id integer NOT NULL,
    app character varying(255) NOT NULL,
    name character varying(255) NOT NULL,
    applied timestamp with time zone NOT NULL
);


ALTER TABLE public.django_migrations OWNER TO jeremih;

--
-- Name: django_migrations_id_seq; Type: SEQUENCE; Schema: public; Owner: jeremih
--

CREATE SEQUENCE public.django_migrations_id_seq
    AS integer
    START WITH 1
    INCREMENT BY 1
    NO MINVALUE
    NO MAXVALUE
    CACHE 1;


ALTER TABLE public.django_migrations_id_seq OWNER TO jeremih;

--
-- Name: django_migrations_id_seq; Type: SEQUENCE OWNED BY; Schema: public; Owner: jeremih
--

ALTER SEQUENCE public.django_migrations_id_seq OWNED BY public.django_migrations.id;


--
-- Name: django_session; Type: TABLE; Schema: public; Owner: jeremih
--

CREATE TABLE public.django_session (
    session_key character varying(40) NOT NULL,
    session_data text NOT NULL,
    expire_date timestamp with time zone NOT NULL
);


ALTER TABLE public.django_session OWNER TO jeremih;

--
-- Name: django_site; Type: TABLE; Schema: public; Owner: jeremih
--

CREATE TABLE public.django_site (
    id integer NOT NULL,
    domain character varying(100) NOT NULL,
    name character varying(50) NOT NULL
);


ALTER TABLE public.django_site OWNER TO jeremih;

--
-- Name: django_site_id_seq; Type: SEQUENCE; Schema: public; Owner: jeremih
--

CREATE SEQUENCE public.django_site_id_seq
    AS integer
    START WITH 1
    INCREMENT BY 1
    NO MINVALUE
    NO MAXVALUE
    CACHE 1;


ALTER TABLE public.django_site_id_seq OWNER TO jeremih;

--
-- Name: django_site_id_seq; Type: SEQUENCE OWNED BY; Schema: public; Owner: jeremih
--

ALTER SEQUENCE public.django_site_id_seq OWNED BY public.django_site.id;


--
-- Name: hitcount_blacklist_ip; Type: TABLE; Schema: public; Owner: jeremih
--

CREATE TABLE public.hitcount_blacklist_ip (
    id integer NOT NULL,
    ip character varying(40) NOT NULL
);


ALTER TABLE public.hitcount_blacklist_ip OWNER TO jeremih;

--
-- Name: hitcount_blacklist_ip_id_seq; Type: SEQUENCE; Schema: public; Owner: jeremih
--

CREATE SEQUENCE public.hitcount_blacklist_ip_id_seq
    AS integer
    START WITH 1
    INCREMENT BY 1
    NO MINVALUE
    NO MAXVALUE
    CACHE 1;


ALTER TABLE public.hitcount_blacklist_ip_id_seq OWNER TO jeremih;

--
-- Name: hitcount_blacklist_ip_id_seq; Type: SEQUENCE OWNED BY; Schema: public; Owner: jeremih
--

ALTER SEQUENCE public.hitcount_blacklist_ip_id_seq OWNED BY public.hitcount_blacklist_ip.id;


--
-- Name: hitcount_blacklist_user_agent; Type: TABLE; Schema: public; Owner: jeremih
--

CREATE TABLE public.hitcount_blacklist_user_agent (
    id integer NOT NULL,
    user_agent character varying(255) NOT NULL
);


ALTER TABLE public.hitcount_blacklist_user_agent OWNER TO jeremih;

--
-- Name: hitcount_blacklist_user_agent_id_seq; Type: SEQUENCE; Schema: public; Owner: jeremih
--

CREATE SEQUENCE public.hitcount_blacklist_user_agent_id_seq
    AS integer
    START WITH 1
    INCREMENT BY 1
    NO MINVALUE
    NO MAXVALUE
    CACHE 1;


ALTER TABLE public.hitcount_blacklist_user_agent_id_seq OWNER TO jeremih;

--
-- Name: hitcount_blacklist_user_agent_id_seq; Type: SEQUENCE OWNED BY; Schema: public; Owner: jeremih
--

ALTER SEQUENCE public.hitcount_blacklist_user_agent_id_seq OWNED BY public.hitcount_blacklist_user_agent.id;


--
-- Name: hitcount_hit; Type: TABLE; Schema: public; Owner: jeremih
--

CREATE TABLE public.hitcount_hit (
    id integer NOT NULL,
    created timestamp with time zone NOT NULL,
    ip character varying(40) NOT NULL,
    session character varying(40) NOT NULL,
    user_agent character varying(255) NOT NULL,
    hitcount_id integer NOT NULL,
    user_id integer
);


ALTER TABLE public.hitcount_hit OWNER TO jeremih;

--
-- Name: hitcount_hit_count; Type: TABLE; Schema: public; Owner: jeremih
--

CREATE TABLE public.hitcount_hit_count (
    id integer NOT NULL,
    hits integer NOT NULL,
    modified timestamp with time zone NOT NULL,
    object_pk integer NOT NULL,
    content_type_id integer NOT NULL,
    CONSTRAINT hitcount_hit_count_hits_check CHECK ((hits >= 0)),
    CONSTRAINT hitcount_hit_count_object_pk_53e9c38f_check CHECK ((object_pk >= 0))
);


ALTER TABLE public.hitcount_hit_count OWNER TO jeremih;

--
-- Name: hitcount_hit_count_id_seq; Type: SEQUENCE; Schema: public; Owner: jeremih
--

CREATE SEQUENCE public.hitcount_hit_count_id_seq
    AS integer
    START WITH 1
    INCREMENT BY 1
    NO MINVALUE
    NO MAXVALUE
    CACHE 1;


ALTER TABLE public.hitcount_hit_count_id_seq OWNER TO jeremih;

--
-- Name: hitcount_hit_count_id_seq; Type: SEQUENCE OWNED BY; Schema: public; Owner: jeremih
--

ALTER SEQUENCE public.hitcount_hit_count_id_seq OWNED BY public.hitcount_hit_count.id;


--
-- Name: hitcount_hit_id_seq; Type: SEQUENCE; Schema: public; Owner: jeremih
--

CREATE SEQUENCE public.hitcount_hit_id_seq
    AS integer
    START WITH 1
    INCREMENT BY 1
    NO MINVALUE
    NO MAXVALUE
    CACHE 1;


ALTER TABLE public.hitcount_hit_id_seq OWNER TO jeremih;

--
-- Name: hitcount_hit_id_seq; Type: SEQUENCE OWNED BY; Schema: public; Owner: jeremih
--

ALTER SEQUENCE public.hitcount_hit_id_seq OWNED BY public.hitcount_hit.id;


--
-- Name: merchandise_address; Type: TABLE; Schema: public; Owner: jeremih
--

CREATE TABLE public.merchandise_address (
    id integer NOT NULL,
    street_address character varying(100) NOT NULL,
    apartment_address character varying(100) NOT NULL,
    zip character varying(100) NOT NULL,
    address_type character varying(1) NOT NULL,
    "default" boolean NOT NULL,
    user_id integer NOT NULL
);


ALTER TABLE public.merchandise_address OWNER TO jeremih;

--
-- Name: merchandise_address_id_seq; Type: SEQUENCE; Schema: public; Owner: jeremih
--

CREATE SEQUENCE public.merchandise_address_id_seq
    AS integer
    START WITH 1
    INCREMENT BY 1
    NO MINVALUE
    NO MAXVALUE
    CACHE 1;


ALTER TABLE public.merchandise_address_id_seq OWNER TO jeremih;

--
-- Name: merchandise_address_id_seq; Type: SEQUENCE OWNED BY; Schema: public; Owner: jeremih
--

ALTER SEQUENCE public.merchandise_address_id_seq OWNED BY public.merchandise_address.id;


--
-- Name: merchandise_coupon; Type: TABLE; Schema: public; Owner: jeremih
--

CREATE TABLE public.merchandise_coupon (
    id integer NOT NULL,
    code character varying(15) NOT NULL,
    amount double precision NOT NULL
);


ALTER TABLE public.merchandise_coupon OWNER TO jeremih;

--
-- Name: merchandise_coupon_id_seq; Type: SEQUENCE; Schema: public; Owner: jeremih
--

CREATE SEQUENCE public.merchandise_coupon_id_seq
    AS integer
    START WITH 1
    INCREMENT BY 1
    NO MINVALUE
    NO MAXVALUE
    CACHE 1;


ALTER TABLE public.merchandise_coupon_id_seq OWNER TO jeremih;

--
-- Name: merchandise_coupon_id_seq; Type: SEQUENCE OWNED BY; Schema: public; Owner: jeremih
--

ALTER SEQUENCE public.merchandise_coupon_id_seq OWNED BY public.merchandise_coupon.id;


--
-- Name: merchandise_miniorder; Type: TABLE; Schema: public; Owner: jeremih
--

CREATE TABLE public.merchandise_miniorder (
    id integer NOT NULL,
    email character varying(254) NOT NULL,
    name character varying(164) NOT NULL,
    phone_number character varying(15) NOT NULL,
    extra_discription text,
    is_confirmed boolean NOT NULL,
    product_id integer NOT NULL,
    user_id integer NOT NULL
);


ALTER TABLE public.merchandise_miniorder OWNER TO jeremih;

--
-- Name: merchandise_miniorder_id_seq; Type: SEQUENCE; Schema: public; Owner: jeremih
--

CREATE SEQUENCE public.merchandise_miniorder_id_seq
    AS integer
    START WITH 1
    INCREMENT BY 1
    NO MINVALUE
    NO MAXVALUE
    CACHE 1;


ALTER TABLE public.merchandise_miniorder_id_seq OWNER TO jeremih;

--
-- Name: merchandise_miniorder_id_seq; Type: SEQUENCE OWNED BY; Schema: public; Owner: jeremih
--

ALTER SEQUENCE public.merchandise_miniorder_id_seq OWNED BY public.merchandise_miniorder.id;


--
-- Name: merchandise_order; Type: TABLE; Schema: public; Owner: jeremih
--

CREATE TABLE public.merchandise_order (
    id integer NOT NULL,
    ref_code character varying(20),
    start_date timestamp with time zone NOT NULL,
    ordered_date timestamp with time zone NOT NULL,
    ordered boolean NOT NULL,
    being_delivered boolean NOT NULL,
    received boolean NOT NULL,
    refund_requested boolean NOT NULL,
    refund_granted boolean NOT NULL,
    billing_address_id integer,
    coupon_id integer,
    payment_id integer,
    shipping_address_id integer,
    user_id integer NOT NULL
);


ALTER TABLE public.merchandise_order OWNER TO jeremih;

--
-- Name: merchandise_order_id_seq; Type: SEQUENCE; Schema: public; Owner: jeremih
--

CREATE SEQUENCE public.merchandise_order_id_seq
    AS integer
    START WITH 1
    INCREMENT BY 1
    NO MINVALUE
    NO MAXVALUE
    CACHE 1;


ALTER TABLE public.merchandise_order_id_seq OWNER TO jeremih;

--
-- Name: merchandise_order_id_seq; Type: SEQUENCE OWNED BY; Schema: public; Owner: jeremih
--

ALTER SEQUENCE public.merchandise_order_id_seq OWNED BY public.merchandise_order.id;


--
-- Name: merchandise_order_items; Type: TABLE; Schema: public; Owner: jeremih
--

CREATE TABLE public.merchandise_order_items (
    id integer NOT NULL,
    order_id integer NOT NULL,
    orderitem_id integer NOT NULL
);


ALTER TABLE public.merchandise_order_items OWNER TO jeremih;

--
-- Name: merchandise_order_items_id_seq; Type: SEQUENCE; Schema: public; Owner: jeremih
--

CREATE SEQUENCE public.merchandise_order_items_id_seq
    AS integer
    START WITH 1
    INCREMENT BY 1
    NO MINVALUE
    NO MAXVALUE
    CACHE 1;


ALTER TABLE public.merchandise_order_items_id_seq OWNER TO jeremih;

--
-- Name: merchandise_order_items_id_seq; Type: SEQUENCE OWNED BY; Schema: public; Owner: jeremih
--

ALTER SEQUENCE public.merchandise_order_items_id_seq OWNED BY public.merchandise_order_items.id;


--
-- Name: merchandise_order_producer; Type: TABLE; Schema: public; Owner: jeremih
--

CREATE TABLE public.merchandise_order_producer (
    id integer NOT NULL,
    order_id integer NOT NULL,
    producerprofile_id integer NOT NULL
);


ALTER TABLE public.merchandise_order_producer OWNER TO jeremih;

--
-- Name: merchandise_order_producer_id_seq; Type: SEQUENCE; Schema: public; Owner: jeremih
--

CREATE SEQUENCE public.merchandise_order_producer_id_seq
    AS integer
    START WITH 1
    INCREMENT BY 1
    NO MINVALUE
    NO MAXVALUE
    CACHE 1;


ALTER TABLE public.merchandise_order_producer_id_seq OWNER TO jeremih;

--
-- Name: merchandise_order_producer_id_seq; Type: SEQUENCE OWNED BY; Schema: public; Owner: jeremih
--

ALTER SEQUENCE public.merchandise_order_producer_id_seq OWNED BY public.merchandise_order_producer.id;


--
-- Name: merchandise_orderitem; Type: TABLE; Schema: public; Owner: jeremih
--

CREATE TABLE public.merchandise_orderitem (
    id integer NOT NULL,
    ordered boolean NOT NULL,
    quantity integer NOT NULL,
    item_id integer NOT NULL,
    user_id integer NOT NULL
);


ALTER TABLE public.merchandise_orderitem OWNER TO jeremih;

--
-- Name: merchandise_orderitem_id_seq; Type: SEQUENCE; Schema: public; Owner: jeremih
--

CREATE SEQUENCE public.merchandise_orderitem_id_seq
    AS integer
    START WITH 1
    INCREMENT BY 1
    NO MINVALUE
    NO MAXVALUE
    CACHE 1;


ALTER TABLE public.merchandise_orderitem_id_seq OWNER TO jeremih;

--
-- Name: merchandise_orderitem_id_seq; Type: SEQUENCE OWNED BY; Schema: public; Owner: jeremih
--

ALTER SEQUENCE public.merchandise_orderitem_id_seq OWNED BY public.merchandise_orderitem.id;


--
-- Name: merchandise_payment; Type: TABLE; Schema: public; Owner: jeremih
--

CREATE TABLE public.merchandise_payment (
    id integer NOT NULL,
    stripe_charge_id character varying(50) NOT NULL,
    amount double precision NOT NULL,
    "timestamp" timestamp with time zone NOT NULL,
    user_id integer
);


ALTER TABLE public.merchandise_payment OWNER TO jeremih;

--
-- Name: merchandise_payment_id_seq; Type: SEQUENCE; Schema: public; Owner: jeremih
--

CREATE SEQUENCE public.merchandise_payment_id_seq
    AS integer
    START WITH 1
    INCREMENT BY 1
    NO MINVALUE
    NO MAXVALUE
    CACHE 1;


ALTER TABLE public.merchandise_payment_id_seq OWNER TO jeremih;

--
-- Name: merchandise_payment_id_seq; Type: SEQUENCE OWNED BY; Schema: public; Owner: jeremih
--

ALTER SEQUENCE public.merchandise_payment_id_seq OWNED BY public.merchandise_payment.id;


--
-- Name: merchandise_refund; Type: TABLE; Schema: public; Owner: jeremih
--

CREATE TABLE public.merchandise_refund (
    id integer NOT NULL,
    reason text NOT NULL,
    accepted boolean NOT NULL,
    email character varying(254) NOT NULL,
    order_id integer NOT NULL
);


ALTER TABLE public.merchandise_refund OWNER TO jeremih;

--
-- Name: merchandise_refund_id_seq; Type: SEQUENCE; Schema: public; Owner: jeremih
--

CREATE SEQUENCE public.merchandise_refund_id_seq
    AS integer
    START WITH 1
    INCREMENT BY 1
    NO MINVALUE
    NO MAXVALUE
    CACHE 1;


ALTER TABLE public.merchandise_refund_id_seq OWNER TO jeremih;

--
-- Name: merchandise_refund_id_seq; Type: SEQUENCE OWNED BY; Schema: public; Owner: jeremih
--

ALTER SEQUENCE public.merchandise_refund_id_seq OWNED BY public.merchandise_refund.id;


--
-- Name: pages_aboutus; Type: TABLE; Schema: public; Owner: jeremih
--

CREATE TABLE public.pages_aboutus (
    id integer NOT NULL,
    "timestamp" timestamp with time zone NOT NULL,
    about_us_content text NOT NULL,
    about_damir_content text NOT NULL,
    buy_from_damir text NOT NULL,
    sell_in_damir text NOT NULL,
    terms_and_conditions text NOT NULL,
    privacy_and_policy text NOT NULL
);


ALTER TABLE public.pages_aboutus OWNER TO jeremih;

--
-- Name: pages_aboutus_id_seq; Type: SEQUENCE; Schema: public; Owner: jeremih
--

CREATE SEQUENCE public.pages_aboutus_id_seq
    AS integer
    START WITH 1
    INCREMENT BY 1
    NO MINVALUE
    NO MAXVALUE
    CACHE 1;


ALTER TABLE public.pages_aboutus_id_seq OWNER TO jeremih;

--
-- Name: pages_aboutus_id_seq; Type: SEQUENCE OWNED BY; Schema: public; Owner: jeremih
--

ALTER SEQUENCE public.pages_aboutus_id_seq OWNED BY public.pages_aboutus.id;


--
-- Name: pages_document; Type: TABLE; Schema: public; Owner: jeremih
--

CREATE TABLE public.pages_document (
    id integer NOT NULL,
    name character varying(10240132),
    document character varying(100) NOT NULL,
    uploaded_at timestamp with time zone NOT NULL
);


ALTER TABLE public.pages_document OWNER TO jeremih;

--
-- Name: pages_document_id_seq; Type: SEQUENCE; Schema: public; Owner: jeremih
--

CREATE SEQUENCE public.pages_document_id_seq
    AS integer
    START WITH 1
    INCREMENT BY 1
    NO MINVALUE
    NO MAXVALUE
    CACHE 1;


ALTER TABLE public.pages_document_id_seq OWNER TO jeremih;

--
-- Name: pages_document_id_seq; Type: SEQUENCE OWNED BY; Schema: public; Owner: jeremih
--

ALTER SEQUENCE public.pages_document_id_seq OWNED BY public.pages_document.id;


--
-- Name: pages_indexslider; Type: TABLE; Schema: public; Owner: jeremih
--

CREATE TABLE public.pages_indexslider (
    id integer NOT NULL,
    title character varying(225),
    slider_image character varying(100) NOT NULL,
    url character varying(255)
);


ALTER TABLE public.pages_indexslider OWNER TO jeremih;

--
-- Name: pages_indexslider_id_seq; Type: SEQUENCE; Schema: public; Owner: jeremih
--

CREATE SEQUENCE public.pages_indexslider_id_seq
    AS integer
    START WITH 1
    INCREMENT BY 1
    NO MINVALUE
    NO MAXVALUE
    CACHE 1;


ALTER TABLE public.pages_indexslider_id_seq OWNER TO jeremih;

--
-- Name: pages_indexslider_id_seq; Type: SEQUENCE OWNED BY; Schema: public; Owner: jeremih
--

ALTER SEQUENCE public.pages_indexslider_id_seq OWNED BY public.pages_indexslider.id;


--
-- Name: pages_newstelleremails; Type: TABLE; Schema: public; Owner: jeremih
--

CREATE TABLE public.pages_newstelleremails (
    id integer NOT NULL,
    email character varying(254) NOT NULL,
    user_id integer
);


ALTER TABLE public.pages_newstelleremails OWNER TO jeremih;

--
-- Name: pages_newstelleremails_id_seq; Type: SEQUENCE; Schema: public; Owner: jeremih
--

CREATE SEQUENCE public.pages_newstelleremails_id_seq
    AS integer
    START WITH 1
    INCREMENT BY 1
    NO MINVALUE
    NO MAXVALUE
    CACHE 1;


ALTER TABLE public.pages_newstelleremails_id_seq OWNER TO jeremih;

--
-- Name: pages_newstelleremails_id_seq; Type: SEQUENCE OWNED BY; Schema: public; Owner: jeremih
--

ALTER SEQUENCE public.pages_newstelleremails_id_seq OWNED BY public.pages_newstelleremails.id;


--
-- Name: products_label; Type: TABLE; Schema: public; Owner: jeremih
--

CREATE TABLE public.products_label (
    id integer NOT NULL,
    title character varying(164) NOT NULL,
    slug character varying(50)
);


ALTER TABLE public.products_label OWNER TO jeremih;

--
-- Name: products_label_id_seq; Type: SEQUENCE; Schema: public; Owner: jeremih
--

CREATE SEQUENCE public.products_label_id_seq
    AS integer
    START WITH 1
    INCREMENT BY 1
    NO MINVALUE
    NO MAXVALUE
    CACHE 1;


ALTER TABLE public.products_label_id_seq OWNER TO jeremih;

--
-- Name: products_label_id_seq; Type: SEQUENCE OWNED BY; Schema: public; Owner: jeremih
--

ALTER SEQUENCE public.products_label_id_seq OWNED BY public.products_label.id;


--
-- Name: products_metadetail; Type: TABLE; Schema: public; Owner: jeremih
--

CREATE TABLE public.products_metadetail (
    id integer NOT NULL,
    count integer NOT NULL,
    fake_content character varying(1234) NOT NULL,
    product_id integer NOT NULL,
    user_id integer NOT NULL,
    CONSTRAINT products_metadetail_count_check CHECK ((count >= 0))
);


ALTER TABLE public.products_metadetail OWNER TO jeremih;

--
-- Name: products_metadetail_id_seq; Type: SEQUENCE; Schema: public; Owner: jeremih
--

CREATE SEQUENCE public.products_metadetail_id_seq
    AS integer
    START WITH 1
    INCREMENT BY 1
    NO MINVALUE
    NO MAXVALUE
    CACHE 1;


ALTER TABLE public.products_metadetail_id_seq OWNER TO jeremih;

--
-- Name: products_metadetail_id_seq; Type: SEQUENCE OWNED BY; Schema: public; Owner: jeremih
--

ALTER SEQUENCE public.products_metadetail_id_seq OWNED BY public.products_metadetail.id;


--
-- Name: products_product; Type: TABLE; Schema: public; Owner: jeremih
--

CREATE TABLE public.products_product (
    id integer NOT NULL,
    meta_keywords character varying(255),
    meta_description character varying(255),
    meta_author character varying(255),
    meta_copyright character varying(255),
    title character varying(132) NOT NULL,
    price double precision,
    second_price double precision,
    discount_price double precision,
    product_image character varying(100),
    image_alt character varying(225),
    slug character varying(50),
    stock integer NOT NULL,
    description text NOT NULL,
    minimum_order character varying(32),
    payment_type character varying(32),
    packing character varying(32),
    shipping character varying(32),
    origin character varying(32),
    made_in character varying(32),
    delivery character varying(32),
    samples character varying(24),
    remarks text,
    date_addded timestamp with time zone,
    orderd_times integer,
    short_discription text NOT NULL,
    is_confirmed boolean NOT NULL,
    producer_id integer NOT NULL
);


ALTER TABLE public.products_product OWNER TO jeremih;

--
-- Name: products_product_category; Type: TABLE; Schema: public; Owner: jeremih
--

CREATE TABLE public.products_product_category (
    id integer NOT NULL,
    product_id integer NOT NULL,
    category_id integer NOT NULL
);


ALTER TABLE public.products_product_category OWNER TO jeremih;

--
-- Name: products_product_category_id_seq; Type: SEQUENCE; Schema: public; Owner: jeremih
--

CREATE SEQUENCE public.products_product_category_id_seq
    AS integer
    START WITH 1
    INCREMENT BY 1
    NO MINVALUE
    NO MAXVALUE
    CACHE 1;


ALTER TABLE public.products_product_category_id_seq OWNER TO jeremih;

--
-- Name: products_product_category_id_seq; Type: SEQUENCE OWNED BY; Schema: public; Owner: jeremih
--

ALTER SEQUENCE public.products_product_category_id_seq OWNED BY public.products_product_category.id;


--
-- Name: products_product_id_seq; Type: SEQUENCE; Schema: public; Owner: jeremih
--

CREATE SEQUENCE public.products_product_id_seq
    AS integer
    START WITH 1
    INCREMENT BY 1
    NO MINVALUE
    NO MAXVALUE
    CACHE 1;


ALTER TABLE public.products_product_id_seq OWNER TO jeremih;

--
-- Name: products_product_id_seq; Type: SEQUENCE OWNED BY; Schema: public; Owner: jeremih
--

ALTER SEQUENCE public.products_product_id_seq OWNED BY public.products_product.id;


--
-- Name: products_product_label_try; Type: TABLE; Schema: public; Owner: jeremih
--

CREATE TABLE public.products_product_label_try (
    id integer NOT NULL,
    product_id integer NOT NULL,
    label_id integer NOT NULL
);


ALTER TABLE public.products_product_label_try OWNER TO jeremih;

--
-- Name: products_product_label_try_id_seq; Type: SEQUENCE; Schema: public; Owner: jeremih
--

CREATE SEQUENCE public.products_product_label_try_id_seq
    AS integer
    START WITH 1
    INCREMENT BY 1
    NO MINVALUE
    NO MAXVALUE
    CACHE 1;


ALTER TABLE public.products_product_label_try_id_seq OWNER TO jeremih;

--
-- Name: products_product_label_try_id_seq; Type: SEQUENCE OWNED BY; Schema: public; Owner: jeremih
--

ALTER SEQUENCE public.products_product_label_try_id_seq OWNED BY public.products_product_label_try.id;


--
-- Name: products_productcomment; Type: TABLE; Schema: public; Owner: jeremih
--

CREATE TABLE public.products_productcomment (
    id integer NOT NULL,
    is_confirmed boolean NOT NULL,
    content text NOT NULL,
    username character varying(132),
    object_id integer NOT NULL,
    content_type_id integer NOT NULL,
    user_id integer,
    CONSTRAINT products_productcomment_object_id_check CHECK ((object_id >= 0))
);


ALTER TABLE public.products_productcomment OWNER TO jeremih;

--
-- Name: products_productcomment_id_seq; Type: SEQUENCE; Schema: public; Owner: jeremih
--

CREATE SEQUENCE public.products_productcomment_id_seq
    AS integer
    START WITH 1
    INCREMENT BY 1
    NO MINVALUE
    NO MAXVALUE
    CACHE 1;


ALTER TABLE public.products_productcomment_id_seq OWNER TO jeremih;

--
-- Name: products_productcomment_id_seq; Type: SEQUENCE OWNED BY; Schema: public; Owner: jeremih
--

ALTER SEQUENCE public.products_productcomment_id_seq OWNED BY public.products_productcomment.id;


--
-- Name: products_productdetail; Type: TABLE; Schema: public; Owner: jeremih
--

CREATE TABLE public.products_productdetail (
    id integer NOT NULL,
    value character varying(50),
    attachment character varying(100),
    selectable boolean,
    yes_or_no boolean,
    variation_id integer NOT NULL
);


ALTER TABLE public.products_productdetail OWNER TO jeremih;

--
-- Name: products_productdetail_id_seq; Type: SEQUENCE; Schema: public; Owner: jeremih
--

CREATE SEQUENCE public.products_productdetail_id_seq
    AS integer
    START WITH 1
    INCREMENT BY 1
    NO MINVALUE
    NO MAXVALUE
    CACHE 1;


ALTER TABLE public.products_productdetail_id_seq OWNER TO jeremih;

--
-- Name: products_productdetail_id_seq; Type: SEQUENCE OWNED BY; Schema: public; Owner: jeremih
--

ALTER SEQUENCE public.products_productdetail_id_seq OWNED BY public.products_productdetail.id;


--
-- Name: products_productdetail_products; Type: TABLE; Schema: public; Owner: jeremih
--

CREATE TABLE public.products_productdetail_products (
    id integer NOT NULL,
    productdetail_id integer NOT NULL,
    product_id integer NOT NULL
);


ALTER TABLE public.products_productdetail_products OWNER TO jeremih;

--
-- Name: products_productdetail_products_id_seq; Type: SEQUENCE; Schema: public; Owner: jeremih
--

CREATE SEQUENCE public.products_productdetail_products_id_seq
    AS integer
    START WITH 1
    INCREMENT BY 1
    NO MINVALUE
    NO MAXVALUE
    CACHE 1;


ALTER TABLE public.products_productdetail_products_id_seq OWNER TO jeremih;

--
-- Name: products_productdetail_products_id_seq; Type: SEQUENCE OWNED BY; Schema: public; Owner: jeremih
--

ALTER SEQUENCE public.products_productdetail_products_id_seq OWNED BY public.products_productdetail_products.id;


--
-- Name: products_productvariation; Type: TABLE; Schema: public; Owner: jeremih
--

CREATE TABLE public.products_productvariation (
    id integer NOT NULL,
    value character varying(50) NOT NULL,
    attachment character varying(100) NOT NULL,
    variation_id integer NOT NULL
);


ALTER TABLE public.products_productvariation OWNER TO jeremih;

--
-- Name: products_productvariation_id_seq; Type: SEQUENCE; Schema: public; Owner: jeremih
--

CREATE SEQUENCE public.products_productvariation_id_seq
    AS integer
    START WITH 1
    INCREMENT BY 1
    NO MINVALUE
    NO MAXVALUE
    CACHE 1;


ALTER TABLE public.products_productvariation_id_seq OWNER TO jeremih;

--
-- Name: products_productvariation_id_seq; Type: SEQUENCE OWNED BY; Schema: public; Owner: jeremih
--

ALTER SEQUENCE public.products_productvariation_id_seq OWNED BY public.products_productvariation.id;


--
-- Name: products_rating; Type: TABLE; Schema: public; Owner: jeremih
--

CREATE TABLE public.products_rating (
    id integer NOT NULL,
    stars integer NOT NULL,
    object_id integer NOT NULL,
    content_type_id integer NOT NULL,
    user_id integer NOT NULL,
    CONSTRAINT products_rating_object_id_check CHECK ((object_id >= 0))
);


ALTER TABLE public.products_rating OWNER TO jeremih;

--
-- Name: products_rating_id_seq; Type: SEQUENCE; Schema: public; Owner: jeremih
--

CREATE SEQUENCE public.products_rating_id_seq
    AS integer
    START WITH 1
    INCREMENT BY 1
    NO MINVALUE
    NO MAXVALUE
    CACHE 1;


ALTER TABLE public.products_rating_id_seq OWNER TO jeremih;

--
-- Name: products_rating_id_seq; Type: SEQUENCE OWNED BY; Schema: public; Owner: jeremih
--

ALTER SEQUENCE public.products_rating_id_seq OWNED BY public.products_rating.id;


--
-- Name: products_sliderimage; Type: TABLE; Schema: public; Owner: jeremih
--

CREATE TABLE public.products_sliderimage (
    id integer NOT NULL,
    image character varying(100) NOT NULL,
    image_alt character varying(225),
    object_id integer NOT NULL,
    content_type_id integer NOT NULL,
    CONSTRAINT products_sliderimage_object_id_check CHECK ((object_id >= 0))
);


ALTER TABLE public.products_sliderimage OWNER TO jeremih;

--
-- Name: products_sliderimage_id_seq; Type: SEQUENCE; Schema: public; Owner: jeremih
--

CREATE SEQUENCE public.products_sliderimage_id_seq
    AS integer
    START WITH 1
    INCREMENT BY 1
    NO MINVALUE
    NO MAXVALUE
    CACHE 1;


ALTER TABLE public.products_sliderimage_id_seq OWNER TO jeremih;

--
-- Name: products_sliderimage_id_seq; Type: SEQUENCE OWNED BY; Schema: public; Owner: jeremih
--

ALTER SEQUENCE public.products_sliderimage_id_seq OWNED BY public.products_sliderimage.id;


--
-- Name: products_variation; Type: TABLE; Schema: public; Owner: jeremih
--

CREATE TABLE public.products_variation (
    id integer NOT NULL,
    name character varying(50) NOT NULL,
    product_id integer NOT NULL
);


ALTER TABLE public.products_variation OWNER TO jeremih;

--
-- Name: products_variation_id_seq; Type: SEQUENCE; Schema: public; Owner: jeremih
--

CREATE SEQUENCE public.products_variation_id_seq
    AS integer
    START WITH 1
    INCREMENT BY 1
    NO MINVALUE
    NO MAXVALUE
    CACHE 1;


ALTER TABLE public.products_variation_id_seq OWNER TO jeremih;

--
-- Name: products_variation_id_seq; Type: SEQUENCE OWNED BY; Schema: public; Owner: jeremih
--

ALTER SEQUENCE public.products_variation_id_seq OWNED BY public.products_variation.id;


--
-- Name: socialaccount_socialaccount; Type: TABLE; Schema: public; Owner: jeremih
--

CREATE TABLE public.socialaccount_socialaccount (
    id integer NOT NULL,
    provider character varying(30) NOT NULL,
    uid character varying(191) NOT NULL,
    last_login timestamp with time zone NOT NULL,
    date_joined timestamp with time zone NOT NULL,
    extra_data text NOT NULL,
    user_id integer NOT NULL
);


ALTER TABLE public.socialaccount_socialaccount OWNER TO jeremih;

--
-- Name: socialaccount_socialaccount_id_seq; Type: SEQUENCE; Schema: public; Owner: jeremih
--

CREATE SEQUENCE public.socialaccount_socialaccount_id_seq
    AS integer
    START WITH 1
    INCREMENT BY 1
    NO MINVALUE
    NO MAXVALUE
    CACHE 1;


ALTER TABLE public.socialaccount_socialaccount_id_seq OWNER TO jeremih;

--
-- Name: socialaccount_socialaccount_id_seq; Type: SEQUENCE OWNED BY; Schema: public; Owner: jeremih
--

ALTER SEQUENCE public.socialaccount_socialaccount_id_seq OWNED BY public.socialaccount_socialaccount.id;


--
-- Name: socialaccount_socialapp; Type: TABLE; Schema: public; Owner: jeremih
--

CREATE TABLE public.socialaccount_socialapp (
    id integer NOT NULL,
    provider character varying(30) NOT NULL,
    name character varying(40) NOT NULL,
    client_id character varying(191) NOT NULL,
    secret character varying(191) NOT NULL,
    key character varying(191) NOT NULL
);


ALTER TABLE public.socialaccount_socialapp OWNER TO jeremih;

--
-- Name: socialaccount_socialapp_id_seq; Type: SEQUENCE; Schema: public; Owner: jeremih
--

CREATE SEQUENCE public.socialaccount_socialapp_id_seq
    AS integer
    START WITH 1
    INCREMENT BY 1
    NO MINVALUE
    NO MAXVALUE
    CACHE 1;


ALTER TABLE public.socialaccount_socialapp_id_seq OWNER TO jeremih;

--
-- Name: socialaccount_socialapp_id_seq; Type: SEQUENCE OWNED BY; Schema: public; Owner: jeremih
--

ALTER SEQUENCE public.socialaccount_socialapp_id_seq OWNED BY public.socialaccount_socialapp.id;


--
-- Name: socialaccount_socialapp_sites; Type: TABLE; Schema: public; Owner: jeremih
--

CREATE TABLE public.socialaccount_socialapp_sites (
    id integer NOT NULL,
    socialapp_id integer NOT NULL,
    site_id integer NOT NULL
);


ALTER TABLE public.socialaccount_socialapp_sites OWNER TO jeremih;

--
-- Name: socialaccount_socialapp_sites_id_seq; Type: SEQUENCE; Schema: public; Owner: jeremih
--

CREATE SEQUENCE public.socialaccount_socialapp_sites_id_seq
    AS integer
    START WITH 1
    INCREMENT BY 1
    NO MINVALUE
    NO MAXVALUE
    CACHE 1;


ALTER TABLE public.socialaccount_socialapp_sites_id_seq OWNER TO jeremih;

--
-- Name: socialaccount_socialapp_sites_id_seq; Type: SEQUENCE OWNED BY; Schema: public; Owner: jeremih
--

ALTER SEQUENCE public.socialaccount_socialapp_sites_id_seq OWNED BY public.socialaccount_socialapp_sites.id;


--
-- Name: socialaccount_socialtoken; Type: TABLE; Schema: public; Owner: jeremih
--

CREATE TABLE public.socialaccount_socialtoken (
    id integer NOT NULL,
    token text NOT NULL,
    token_secret text NOT NULL,
    expires_at timestamp with time zone,
    account_id integer NOT NULL,
    app_id integer NOT NULL
);


ALTER TABLE public.socialaccount_socialtoken OWNER TO jeremih;

--
-- Name: socialaccount_socialtoken_id_seq; Type: SEQUENCE; Schema: public; Owner: jeremih
--

CREATE SEQUENCE public.socialaccount_socialtoken_id_seq
    AS integer
    START WITH 1
    INCREMENT BY 1
    NO MINVALUE
    NO MAXVALUE
    CACHE 1;


ALTER TABLE public.socialaccount_socialtoken_id_seq OWNER TO jeremih;

--
-- Name: socialaccount_socialtoken_id_seq; Type: SEQUENCE OWNED BY; Schema: public; Owner: jeremih
--

ALTER SEQUENCE public.socialaccount_socialtoken_id_seq OWNED BY public.socialaccount_socialtoken.id;


--
-- Name: users_producerprofile; Type: TABLE; Schema: public; Owner: jeremih
--

CREATE TABLE public.users_producerprofile (
    profile_ptr_id integer NOT NULL,
    department character varying(132),
    job_title character varying(132),
    postal_code character varying(12),
    alternative_phone character varying(15),
    fax_number character varying(20),
    business_type character varying(20)
);


ALTER TABLE public.users_producerprofile OWNER TO jeremih;

--
-- Name: users_producerprofile_categoty; Type: TABLE; Schema: public; Owner: jeremih
--

CREATE TABLE public.users_producerprofile_categoty (
    id integer NOT NULL,
    producerprofile_id integer NOT NULL,
    category_id integer NOT NULL
);


ALTER TABLE public.users_producerprofile_categoty OWNER TO jeremih;

--
-- Name: users_producerprofile_categoty_id_seq; Type: SEQUENCE; Schema: public; Owner: jeremih
--

CREATE SEQUENCE public.users_producerprofile_categoty_id_seq
    AS integer
    START WITH 1
    INCREMENT BY 1
    NO MINVALUE
    NO MAXVALUE
    CACHE 1;


ALTER TABLE public.users_producerprofile_categoty_id_seq OWNER TO jeremih;

--
-- Name: users_producerprofile_categoty_id_seq; Type: SEQUENCE OWNED BY; Schema: public; Owner: jeremih
--

ALTER SEQUENCE public.users_producerprofile_categoty_id_seq OWNED BY public.users_producerprofile_categoty.id;


--
-- Name: users_profile; Type: TABLE; Schema: public; Owner: jeremih
--

CREATE TABLE public.users_profile (
    id integer NOT NULL,
    gender character varying(17) NOT NULL,
    profile_picture character varying(100),
    province character varying(132),
    city character varying(132),
    company_name character varying(132),
    phone_number character varying(20),
    company_address text,
    office_address text,
    office_phone_num character varying(20),
    introduce_yourself text,
    description text,
    date_created_at timestamp with time zone NOT NULL,
    web_site character varying(120),
    user_id integer NOT NULL
);


ALTER TABLE public.users_profile OWNER TO jeremih;

--
-- Name: users_profile_id_seq; Type: SEQUENCE; Schema: public; Owner: jeremih
--

CREATE SEQUENCE public.users_profile_id_seq
    AS integer
    START WITH 1
    INCREMENT BY 1
    NO MINVALUE
    NO MAXVALUE
    CACHE 1;


ALTER TABLE public.users_profile_id_seq OWNER TO jeremih;

--
-- Name: users_profile_id_seq; Type: SEQUENCE OWNED BY; Schema: public; Owner: jeremih
--

ALTER SEQUENCE public.users_profile_id_seq OWNED BY public.users_profile.id;


--
-- Name: users_tokentfa; Type: TABLE; Schema: public; Owner: jeremih
--

CREATE TABLE public.users_tokentfa (
    id integer NOT NULL,
    code character varying(6) NOT NULL,
    gen_time timestamp with time zone NOT NULL,
    user_id integer NOT NULL
);


ALTER TABLE public.users_tokentfa OWNER TO jeremih;

--
-- Name: users_tokentfa_id_seq; Type: SEQUENCE; Schema: public; Owner: jeremih
--

CREATE SEQUENCE public.users_tokentfa_id_seq
    AS integer
    START WITH 1
    INCREMENT BY 1
    NO MINVALUE
    NO MAXVALUE
    CACHE 1;


ALTER TABLE public.users_tokentfa_id_seq OWNER TO jeremih;

--
-- Name: users_tokentfa_id_seq; Type: SEQUENCE OWNED BY; Schema: public; Owner: jeremih
--

ALTER SEQUENCE public.users_tokentfa_id_seq OWNED BY public.users_tokentfa.id;


--
-- Name: users_twofactortoken; Type: TABLE; Schema: public; Owner: jeremih
--

CREATE TABLE public.users_twofactortoken (
    id integer NOT NULL,
    code integer NOT NULL,
    gen_time timestamp with time zone NOT NULL,
    user_id integer NOT NULL
);


ALTER TABLE public.users_twofactortoken OWNER TO jeremih;

--
-- Name: users_twofactortoken_id_seq; Type: SEQUENCE; Schema: public; Owner: jeremih
--

CREATE SEQUENCE public.users_twofactortoken_id_seq
    AS integer
    START WITH 1
    INCREMENT BY 1
    NO MINVALUE
    NO MAXVALUE
    CACHE 1;


ALTER TABLE public.users_twofactortoken_id_seq OWNER TO jeremih;

--
-- Name: users_twofactortoken_id_seq; Type: SEQUENCE OWNED BY; Schema: public; Owner: jeremih
--

ALTER SEQUENCE public.users_twofactortoken_id_seq OWNED BY public.users_twofactortoken.id;


--
-- Name: users_user; Type: TABLE; Schema: public; Owner: jeremih
--

CREATE TABLE public.users_user (
    id integer NOT NULL,
    password character varying(128) NOT NULL,
    last_login timestamp with time zone,
    is_superuser boolean NOT NULL,
    username character varying(150) NOT NULL,
    first_name character varying(30) NOT NULL,
    last_name character varying(150) NOT NULL,
    email character varying(254) NOT NULL,
    is_staff boolean NOT NULL,
    is_active boolean NOT NULL,
    date_joined timestamp with time zone NOT NULL,
    is_producer boolean,
    role character varying(12),
    phone_number character varying(15)
);


ALTER TABLE public.users_user OWNER TO jeremih;

--
-- Name: users_user_groups; Type: TABLE; Schema: public; Owner: jeremih
--

CREATE TABLE public.users_user_groups (
    id integer NOT NULL,
    user_id integer NOT NULL,
    group_id integer NOT NULL
);


ALTER TABLE public.users_user_groups OWNER TO jeremih;

--
-- Name: users_user_groups_id_seq; Type: SEQUENCE; Schema: public; Owner: jeremih
--

CREATE SEQUENCE public.users_user_groups_id_seq
    AS integer
    START WITH 1
    INCREMENT BY 1
    NO MINVALUE
    NO MAXVALUE
    CACHE 1;


ALTER TABLE public.users_user_groups_id_seq OWNER TO jeremih;

--
-- Name: users_user_groups_id_seq; Type: SEQUENCE OWNED BY; Schema: public; Owner: jeremih
--

ALTER SEQUENCE public.users_user_groups_id_seq OWNED BY public.users_user_groups.id;


--
-- Name: users_user_id_seq; Type: SEQUENCE; Schema: public; Owner: jeremih
--

CREATE SEQUENCE public.users_user_id_seq
    AS integer
    START WITH 1
    INCREMENT BY 1
    NO MINVALUE
    NO MAXVALUE
    CACHE 1;


ALTER TABLE public.users_user_id_seq OWNER TO jeremih;

--
-- Name: users_user_id_seq; Type: SEQUENCE OWNED BY; Schema: public; Owner: jeremih
--

ALTER SEQUENCE public.users_user_id_seq OWNED BY public.users_user.id;


--
-- Name: users_user_user_permissions; Type: TABLE; Schema: public; Owner: jeremih
--

CREATE TABLE public.users_user_user_permissions (
    id integer NOT NULL,
    user_id integer NOT NULL,
    permission_id integer NOT NULL
);


ALTER TABLE public.users_user_user_permissions OWNER TO jeremih;

--
-- Name: users_user_user_permissions_id_seq; Type: SEQUENCE; Schema: public; Owner: jeremih
--

CREATE SEQUENCE public.users_user_user_permissions_id_seq
    AS integer
    START WITH 1
    INCREMENT BY 1
    NO MINVALUE
    NO MAXVALUE
    CACHE 1;


ALTER TABLE public.users_user_user_permissions_id_seq OWNER TO jeremih;

--
-- Name: users_user_user_permissions_id_seq; Type: SEQUENCE OWNED BY; Schema: public; Owner: jeremih
--

ALTER SEQUENCE public.users_user_user_permissions_id_seq OWNED BY public.users_user_user_permissions.id;


--
-- Name: account_emailaddress id; Type: DEFAULT; Schema: public; Owner: jeremih
--

ALTER TABLE ONLY public.account_emailaddress ALTER COLUMN id SET DEFAULT nextval('public.account_emailaddress_id_seq'::regclass);


--
-- Name: account_emailconfirmation id; Type: DEFAULT; Schema: public; Owner: jeremih
--

ALTER TABLE ONLY public.account_emailconfirmation ALTER COLUMN id SET DEFAULT nextval('public.account_emailconfirmation_id_seq'::regclass);


--
-- Name: auth_group id; Type: DEFAULT; Schema: public; Owner: jeremih
--

ALTER TABLE ONLY public.auth_group ALTER COLUMN id SET DEFAULT nextval('public.auth_group_id_seq'::regclass);


--
-- Name: auth_group_permissions id; Type: DEFAULT; Schema: public; Owner: jeremih
--

ALTER TABLE ONLY public.auth_group_permissions ALTER COLUMN id SET DEFAULT nextval('public.auth_group_permissions_id_seq'::regclass);


--
-- Name: auth_permission id; Type: DEFAULT; Schema: public; Owner: jeremih
--

ALTER TABLE ONLY public.auth_permission ALTER COLUMN id SET DEFAULT nextval('public.auth_permission_id_seq'::regclass);


--
-- Name: blog_comment id; Type: DEFAULT; Schema: public; Owner: jeremih
--

ALTER TABLE ONLY public.blog_comment ALTER COLUMN id SET DEFAULT nextval('public.blog_comment_id_seq'::regclass);


--
-- Name: blog_post id; Type: DEFAULT; Schema: public; Owner: jeremih
--

ALTER TABLE ONLY public.blog_post ALTER COLUMN id SET DEFAULT nextval('public.blog_post_id_seq'::regclass);


--
-- Name: blog_post_categories id; Type: DEFAULT; Schema: public; Owner: jeremih
--

ALTER TABLE ONLY public.blog_post_categories ALTER COLUMN id SET DEFAULT nextval('public.blog_post_categories_id_seq'::regclass);


--
-- Name: categories_category id; Type: DEFAULT; Schema: public; Owner: jeremih
--

ALTER TABLE ONLY public.categories_category ALTER COLUMN id SET DEFAULT nextval('public.categories_category_id_seq'::regclass);


--
-- Name: categories_categoryvariation id; Type: DEFAULT; Schema: public; Owner: jeremih
--

ALTER TABLE ONLY public.categories_categoryvariation ALTER COLUMN id SET DEFAULT nextval('public.categories_categoryvariation_id_seq'::regclass);


--
-- Name: categories_faqcategory id; Type: DEFAULT; Schema: public; Owner: jeremih
--

ALTER TABLE ONLY public.categories_faqcategory ALTER COLUMN id SET DEFAULT nextval('public.categories_faqcategory_id_seq'::regclass);


--
-- Name: categories_faqmaincategory id; Type: DEFAULT; Schema: public; Owner: jeremih
--

ALTER TABLE ONLY public.categories_faqmaincategory ALTER COLUMN id SET DEFAULT nextval('public.categories_faqmaincategory_id_seq'::regclass);


--
-- Name: categories_maincategory id; Type: DEFAULT; Schema: public; Owner: jeremih
--

ALTER TABLE ONLY public.categories_maincategory ALTER COLUMN id SET DEFAULT nextval('public.categories_maincategory_id_seq'::regclass);


--
-- Name: categories_mothercategory id; Type: DEFAULT; Schema: public; Owner: jeremih
--

ALTER TABLE ONLY public.categories_mothercategory ALTER COLUMN id SET DEFAULT nextval('public.categories_mothercategory_id_seq'::regclass);


--
-- Name: categories_variation id; Type: DEFAULT; Schema: public; Owner: jeremih
--

ALTER TABLE ONLY public.categories_variation ALTER COLUMN id SET DEFAULT nextval('public.categories_variation_id_seq'::regclass);


--
-- Name: django_admin_log id; Type: DEFAULT; Schema: public; Owner: jeremih
--

ALTER TABLE ONLY public.django_admin_log ALTER COLUMN id SET DEFAULT nextval('public.django_admin_log_id_seq'::regclass);


--
-- Name: django_content_type id; Type: DEFAULT; Schema: public; Owner: jeremih
--

ALTER TABLE ONLY public.django_content_type ALTER COLUMN id SET DEFAULT nextval('public.django_content_type_id_seq'::regclass);


--
-- Name: django_migrations id; Type: DEFAULT; Schema: public; Owner: jeremih
--

ALTER TABLE ONLY public.django_migrations ALTER COLUMN id SET DEFAULT nextval('public.django_migrations_id_seq'::regclass);


--
-- Name: django_site id; Type: DEFAULT; Schema: public; Owner: jeremih
--

ALTER TABLE ONLY public.django_site ALTER COLUMN id SET DEFAULT nextval('public.django_site_id_seq'::regclass);


--
-- Name: hitcount_blacklist_ip id; Type: DEFAULT; Schema: public; Owner: jeremih
--

ALTER TABLE ONLY public.hitcount_blacklist_ip ALTER COLUMN id SET DEFAULT nextval('public.hitcount_blacklist_ip_id_seq'::regclass);


--
-- Name: hitcount_blacklist_user_agent id; Type: DEFAULT; Schema: public; Owner: jeremih
--

ALTER TABLE ONLY public.hitcount_blacklist_user_agent ALTER COLUMN id SET DEFAULT nextval('public.hitcount_blacklist_user_agent_id_seq'::regclass);


--
-- Name: hitcount_hit id; Type: DEFAULT; Schema: public; Owner: jeremih
--

ALTER TABLE ONLY public.hitcount_hit ALTER COLUMN id SET DEFAULT nextval('public.hitcount_hit_id_seq'::regclass);


--
-- Name: hitcount_hit_count id; Type: DEFAULT; Schema: public; Owner: jeremih
--

ALTER TABLE ONLY public.hitcount_hit_count ALTER COLUMN id SET DEFAULT nextval('public.hitcount_hit_count_id_seq'::regclass);


--
-- Name: merchandise_address id; Type: DEFAULT; Schema: public; Owner: jeremih
--

ALTER TABLE ONLY public.merchandise_address ALTER COLUMN id SET DEFAULT nextval('public.merchandise_address_id_seq'::regclass);


--
-- Name: merchandise_coupon id; Type: DEFAULT; Schema: public; Owner: jeremih
--

ALTER TABLE ONLY public.merchandise_coupon ALTER COLUMN id SET DEFAULT nextval('public.merchandise_coupon_id_seq'::regclass);


--
-- Name: merchandise_miniorder id; Type: DEFAULT; Schema: public; Owner: jeremih
--

ALTER TABLE ONLY public.merchandise_miniorder ALTER COLUMN id SET DEFAULT nextval('public.merchandise_miniorder_id_seq'::regclass);


--
-- Name: merchandise_order id; Type: DEFAULT; Schema: public; Owner: jeremih
--

ALTER TABLE ONLY public.merchandise_order ALTER COLUMN id SET DEFAULT nextval('public.merchandise_order_id_seq'::regclass);


--
-- Name: merchandise_order_items id; Type: DEFAULT; Schema: public; Owner: jeremih
--

ALTER TABLE ONLY public.merchandise_order_items ALTER COLUMN id SET DEFAULT nextval('public.merchandise_order_items_id_seq'::regclass);


--
-- Name: merchandise_order_producer id; Type: DEFAULT; Schema: public; Owner: jeremih
--

ALTER TABLE ONLY public.merchandise_order_producer ALTER COLUMN id SET DEFAULT nextval('public.merchandise_order_producer_id_seq'::regclass);


--
-- Name: merchandise_orderitem id; Type: DEFAULT; Schema: public; Owner: jeremih
--

ALTER TABLE ONLY public.merchandise_orderitem ALTER COLUMN id SET DEFAULT nextval('public.merchandise_orderitem_id_seq'::regclass);


--
-- Name: merchandise_payment id; Type: DEFAULT; Schema: public; Owner: jeremih
--

ALTER TABLE ONLY public.merchandise_payment ALTER COLUMN id SET DEFAULT nextval('public.merchandise_payment_id_seq'::regclass);


--
-- Name: merchandise_refund id; Type: DEFAULT; Schema: public; Owner: jeremih
--

ALTER TABLE ONLY public.merchandise_refund ALTER COLUMN id SET DEFAULT nextval('public.merchandise_refund_id_seq'::regclass);


--
-- Name: pages_aboutus id; Type: DEFAULT; Schema: public; Owner: jeremih
--

ALTER TABLE ONLY public.pages_aboutus ALTER COLUMN id SET DEFAULT nextval('public.pages_aboutus_id_seq'::regclass);


--
-- Name: pages_document id; Type: DEFAULT; Schema: public; Owner: jeremih
--

ALTER TABLE ONLY public.pages_document ALTER COLUMN id SET DEFAULT nextval('public.pages_document_id_seq'::regclass);


--
-- Name: pages_indexslider id; Type: DEFAULT; Schema: public; Owner: jeremih
--

ALTER TABLE ONLY public.pages_indexslider ALTER COLUMN id SET DEFAULT nextval('public.pages_indexslider_id_seq'::regclass);


--
-- Name: pages_newstelleremails id; Type: DEFAULT; Schema: public; Owner: jeremih
--

ALTER TABLE ONLY public.pages_newstelleremails ALTER COLUMN id SET DEFAULT nextval('public.pages_newstelleremails_id_seq'::regclass);


--
-- Name: products_label id; Type: DEFAULT; Schema: public; Owner: jeremih
--

ALTER TABLE ONLY public.products_label ALTER COLUMN id SET DEFAULT nextval('public.products_label_id_seq'::regclass);


--
-- Name: products_metadetail id; Type: DEFAULT; Schema: public; Owner: jeremih
--

ALTER TABLE ONLY public.products_metadetail ALTER COLUMN id SET DEFAULT nextval('public.products_metadetail_id_seq'::regclass);


--
-- Name: products_product id; Type: DEFAULT; Schema: public; Owner: jeremih
--

ALTER TABLE ONLY public.products_product ALTER COLUMN id SET DEFAULT nextval('public.products_product_id_seq'::regclass);


--
-- Name: products_product_category id; Type: DEFAULT; Schema: public; Owner: jeremih
--

ALTER TABLE ONLY public.products_product_category ALTER COLUMN id SET DEFAULT nextval('public.products_product_category_id_seq'::regclass);


--
-- Name: products_product_label_try id; Type: DEFAULT; Schema: public; Owner: jeremih
--

ALTER TABLE ONLY public.products_product_label_try ALTER COLUMN id SET DEFAULT nextval('public.products_product_label_try_id_seq'::regclass);


--
-- Name: products_productcomment id; Type: DEFAULT; Schema: public; Owner: jeremih
--

ALTER TABLE ONLY public.products_productcomment ALTER COLUMN id SET DEFAULT nextval('public.products_productcomment_id_seq'::regclass);


--
-- Name: products_productdetail id; Type: DEFAULT; Schema: public; Owner: jeremih
--

ALTER TABLE ONLY public.products_productdetail ALTER COLUMN id SET DEFAULT nextval('public.products_productdetail_id_seq'::regclass);


--
-- Name: products_productdetail_products id; Type: DEFAULT; Schema: public; Owner: jeremih
--

ALTER TABLE ONLY public.products_productdetail_products ALTER COLUMN id SET DEFAULT nextval('public.products_productdetail_products_id_seq'::regclass);


--
-- Name: products_productvariation id; Type: DEFAULT; Schema: public; Owner: jeremih
--

ALTER TABLE ONLY public.products_productvariation ALTER COLUMN id SET DEFAULT nextval('public.products_productvariation_id_seq'::regclass);


--
-- Name: products_rating id; Type: DEFAULT; Schema: public; Owner: jeremih
--

ALTER TABLE ONLY public.products_rating ALTER COLUMN id SET DEFAULT nextval('public.products_rating_id_seq'::regclass);


--
-- Name: products_sliderimage id; Type: DEFAULT; Schema: public; Owner: jeremih
--

ALTER TABLE ONLY public.products_sliderimage ALTER COLUMN id SET DEFAULT nextval('public.products_sliderimage_id_seq'::regclass);


--
-- Name: products_variation id; Type: DEFAULT; Schema: public; Owner: jeremih
--

ALTER TABLE ONLY public.products_variation ALTER COLUMN id SET DEFAULT nextval('public.products_variation_id_seq'::regclass);


--
-- Name: socialaccount_socialaccount id; Type: DEFAULT; Schema: public; Owner: jeremih
--

ALTER TABLE ONLY public.socialaccount_socialaccount ALTER COLUMN id SET DEFAULT nextval('public.socialaccount_socialaccount_id_seq'::regclass);


--
-- Name: socialaccount_socialapp id; Type: DEFAULT; Schema: public; Owner: jeremih
--

ALTER TABLE ONLY public.socialaccount_socialapp ALTER COLUMN id SET DEFAULT nextval('public.socialaccount_socialapp_id_seq'::regclass);


--
-- Name: socialaccount_socialapp_sites id; Type: DEFAULT; Schema: public; Owner: jeremih
--

ALTER TABLE ONLY public.socialaccount_socialapp_sites ALTER COLUMN id SET DEFAULT nextval('public.socialaccount_socialapp_sites_id_seq'::regclass);


--
-- Name: socialaccount_socialtoken id; Type: DEFAULT; Schema: public; Owner: jeremih
--

ALTER TABLE ONLY public.socialaccount_socialtoken ALTER COLUMN id SET DEFAULT nextval('public.socialaccount_socialtoken_id_seq'::regclass);


--
-- Name: users_producerprofile_categoty id; Type: DEFAULT; Schema: public; Owner: jeremih
--

ALTER TABLE ONLY public.users_producerprofile_categoty ALTER COLUMN id SET DEFAULT nextval('public.users_producerprofile_categoty_id_seq'::regclass);


--
-- Name: users_profile id; Type: DEFAULT; Schema: public; Owner: jeremih
--

ALTER TABLE ONLY public.users_profile ALTER COLUMN id SET DEFAULT nextval('public.users_profile_id_seq'::regclass);


--
-- Name: users_tokentfa id; Type: DEFAULT; Schema: public; Owner: jeremih
--

ALTER TABLE ONLY public.users_tokentfa ALTER COLUMN id SET DEFAULT nextval('public.users_tokentfa_id_seq'::regclass);


--
-- Name: users_twofactortoken id; Type: DEFAULT; Schema: public; Owner: jeremih
--

ALTER TABLE ONLY public.users_twofactortoken ALTER COLUMN id SET DEFAULT nextval('public.users_twofactortoken_id_seq'::regclass);


--
-- Name: users_user id; Type: DEFAULT; Schema: public; Owner: jeremih
--

ALTER TABLE ONLY public.users_user ALTER COLUMN id SET DEFAULT nextval('public.users_user_id_seq'::regclass);


--
-- Name: users_user_groups id; Type: DEFAULT; Schema: public; Owner: jeremih
--

ALTER TABLE ONLY public.users_user_groups ALTER COLUMN id SET DEFAULT nextval('public.users_user_groups_id_seq'::regclass);


--
-- Name: users_user_user_permissions id; Type: DEFAULT; Schema: public; Owner: jeremih
--

ALTER TABLE ONLY public.users_user_user_permissions ALTER COLUMN id SET DEFAULT nextval('public.users_user_user_permissions_id_seq'::regclass);


--
-- Data for Name: account_emailaddress; Type: TABLE DATA; Schema: public; Owner: jeremih
--

COPY public.account_emailaddress (id, email, verified, "primary", user_id) FROM stdin;
\.


--
-- Data for Name: account_emailconfirmation; Type: TABLE DATA; Schema: public; Owner: jeremih
--

COPY public.account_emailconfirmation (id, created, sent, key, email_address_id) FROM stdin;
\.


--
-- Data for Name: auth_group; Type: TABLE DATA; Schema: public; Owner: jeremih
--

COPY public.auth_group (id, name) FROM stdin;
\.


--
-- Data for Name: auth_group_permissions; Type: TABLE DATA; Schema: public; Owner: jeremih
--

COPY public.auth_group_permissions (id, group_id, permission_id) FROM stdin;
\.


--
-- Data for Name: auth_permission; Type: TABLE DATA; Schema: public; Owner: jeremih
--

COPY public.auth_permission (id, name, content_type_id, codename) FROM stdin;
1	Can add log entry	1	add_logentry
2	Can change log entry	1	change_logentry
3	Can delete log entry	1	delete_logentry
4	Can view log entry	1	view_logentry
5	Can add permission	2	add_permission
6	Can change permission	2	change_permission
7	Can delete permission	2	delete_permission
8	Can view permission	2	view_permission
9	Can add group	3	add_group
10	Can change group	3	change_group
11	Can delete group	3	delete_group
12	Can view group	3	view_group
13	Can add content type	4	add_contenttype
14	Can change content type	4	change_contenttype
15	Can delete content type	4	delete_contenttype
16	Can view content type	4	view_contenttype
17	Can add session	5	add_session
18	Can change session	5	change_session
19	Can delete session	5	delete_session
20	Can view session	5	view_session
21	Can add site	6	add_site
22	Can change site	6	change_site
23	Can delete site	6	delete_site
24	Can view site	6	view_site
25	Can add user	7	add_user
26	Can change user	7	change_user
27	Can delete user	7	delete_user
28	Can view user	7	view_user
29	Can add profile	8	add_profile
30	Can change profile	8	change_profile
31	Can delete profile	8	delete_profile
32	Can view profile	8	view_profile
33	Can add two factor token	9	add_twofactortoken
34	Can change two factor token	9	change_twofactortoken
35	Can delete two factor token	9	delete_twofactortoken
36	Can view two factor token	9	view_twofactortoken
37	Can add token tfa	10	add_tokentfa
38	Can change token tfa	10	change_tokentfa
39	Can delete token tfa	10	delete_tokentfa
40	Can view token tfa	10	view_tokentfa
41	Can add producer profile	11	add_producerprofile
42	Can change producer profile	11	change_producerprofile
43	Can delete producer profile	11	delete_producerprofile
44	Can view producer profile	11	view_producerprofile
45	Can add category	12	add_category
46	Can change category	12	change_category
47	Can delete category	12	delete_category
48	Can view category	12	view_category
49	Can add mother category	13	add_mothercategory
50	Can change mother category	13	change_mothercategory
51	Can delete mother category	13	delete_mothercategory
52	Can view mother category	13	view_mothercategory
53	Can add variation	14	add_variation
54	Can change variation	14	change_variation
55	Can delete variation	14	delete_variation
56	Can view variation	14	view_variation
57	Can add main category	15	add_maincategory
58	Can change main category	15	change_maincategory
59	Can delete main category	15	delete_maincategory
60	Can view main category	15	view_maincategory
61	Can add faq main category	16	add_faqmaincategory
62	Can change faq main category	16	change_faqmaincategory
63	Can delete faq main category	16	delete_faqmaincategory
64	Can view faq main category	16	view_faqmaincategory
65	Can add faq category	17	add_faqcategory
66	Can change faq category	17	change_faqcategory
67	Can delete faq category	17	delete_faqcategory
68	Can view faq category	17	view_faqcategory
69	Can add category variation	18	add_categoryvariation
70	Can change category variation	18	change_categoryvariation
71	Can delete category variation	18	delete_categoryvariation
72	Can view category variation	18	view_categoryvariation
73	Can add post	19	add_post
74	Can change post	19	change_post
75	Can delete post	19	delete_post
76	Can view post	19	view_post
77	Can add comment	20	add_comment
78	Can change comment	20	change_comment
79	Can delete comment	20	delete_comment
80	Can view comment	20	view_comment
81	Can add address	21	add_address
82	Can change address	21	change_address
83	Can delete address	21	delete_address
84	Can view address	21	view_address
85	Can add coupon	22	add_coupon
86	Can change coupon	22	change_coupon
87	Can delete coupon	22	delete_coupon
88	Can view coupon	22	view_coupon
89	Can add order	23	add_order
90	Can change order	23	change_order
91	Can delete order	23	delete_order
92	Can view order	23	view_order
93	Can add refund	24	add_refund
94	Can change refund	24	change_refund
95	Can delete refund	24	delete_refund
96	Can view refund	24	view_refund
97	Can add payment	25	add_payment
98	Can change payment	25	change_payment
99	Can delete payment	25	delete_payment
100	Can view payment	25	view_payment
101	Can add order item	26	add_orderitem
102	Can change order item	26	change_orderitem
103	Can delete order item	26	delete_orderitem
104	Can view order item	26	view_orderitem
105	Can add mini order	27	add_miniorder
106	Can change mini order	27	change_miniorder
107	Can delete mini order	27	delete_miniorder
108	Can view mini order	27	view_miniorder
109	Can add label	28	add_label
110	Can change label	28	change_label
111	Can delete label	28	delete_label
112	Can view label	28	view_label
113	Can add product	29	add_product
114	Can change product	29	change_product
115	Can delete product	29	delete_product
116	Can view product	29	view_product
117	Can add variation	30	add_variation
118	Can change variation	30	change_variation
119	Can delete variation	30	delete_variation
120	Can view variation	30	view_variation
121	Can add slider image	31	add_sliderimage
122	Can change slider image	31	change_sliderimage
123	Can delete slider image	31	delete_sliderimage
124	Can view slider image	31	view_sliderimage
125	Can add product detail	32	add_productdetail
126	Can change product detail	32	change_productdetail
127	Can delete product detail	32	delete_productdetail
128	Can view product detail	32	view_productdetail
129	Can add product comment	33	add_productcomment
130	Can change product comment	33	change_productcomment
131	Can delete product comment	33	delete_productcomment
132	Can view product comment	33	view_productcomment
133	Can add meta detail	34	add_metadetail
134	Can change meta detail	34	change_metadetail
135	Can delete meta detail	34	delete_metadetail
136	Can view meta detail	34	view_metadetail
137	Can add rating	35	add_rating
138	Can change rating	35	change_rating
139	Can delete rating	35	delete_rating
140	Can view rating	35	view_rating
141	Can add product variation	36	add_productvariation
142	Can change product variation	36	change_productvariation
143	Can delete product variation	36	delete_productvariation
144	Can view product variation	36	view_productvariation
145	Can add about us	37	add_aboutus
146	Can change about us	37	change_aboutus
147	Can delete about us	37	delete_aboutus
148	Can view about us	37	view_aboutus
149	Can add document	38	add_document
150	Can change document	38	change_document
151	Can delete document	38	delete_document
152	Can view document	38	view_document
153	Can add index slider	39	add_indexslider
154	Can change index slider	39	change_indexslider
155	Can delete index slider	39	delete_indexslider
156	Can view index slider	39	view_indexslider
157	Can add news teller emails	40	add_newstelleremails
158	Can change news teller emails	40	change_newstelleremails
159	Can delete news teller emails	40	delete_newstelleremails
160	Can view news teller emails	40	view_newstelleremails
161	Can add producer ticket	41	add_producerticket
162	Can change producer ticket	41	change_producerticket
163	Can delete producer ticket	41	delete_producerticket
164	Can view producer ticket	41	view_producerticket
165	Can add Token	42	add_token
166	Can change Token	42	change_token
167	Can delete Token	42	delete_token
168	Can view Token	42	view_token
169	Can add email address	43	add_emailaddress
170	Can change email address	43	change_emailaddress
171	Can delete email address	43	delete_emailaddress
172	Can view email address	43	view_emailaddress
173	Can add email confirmation	44	add_emailconfirmation
174	Can change email confirmation	44	change_emailconfirmation
175	Can delete email confirmation	44	delete_emailconfirmation
176	Can view email confirmation	44	view_emailconfirmation
177	Can add social account	45	add_socialaccount
178	Can change social account	45	change_socialaccount
179	Can delete social account	45	delete_socialaccount
180	Can view social account	45	view_socialaccount
181	Can add social application	46	add_socialapp
182	Can change social application	46	change_socialapp
183	Can delete social application	46	delete_socialapp
184	Can view social application	46	view_socialapp
185	Can add social application token	47	add_socialtoken
186	Can change social application token	47	change_socialtoken
187	Can delete social application token	47	delete_socialtoken
188	Can view social application token	47	view_socialtoken
189	Can add Blacklisted IP	48	add_blacklistip
190	Can change Blacklisted IP	48	change_blacklistip
191	Can delete Blacklisted IP	48	delete_blacklistip
192	Can view Blacklisted IP	48	view_blacklistip
193	Can add Blacklisted User Agent	49	add_blacklistuseragent
194	Can change Blacklisted User Agent	49	change_blacklistuseragent
195	Can delete Blacklisted User Agent	49	delete_blacklistuseragent
196	Can view Blacklisted User Agent	49	view_blacklistuseragent
197	Can add hit	50	add_hit
198	Can change hit	50	change_hit
199	Can delete hit	50	delete_hit
200	Can view hit	50	view_hit
201	Can add hit count	51	add_hitcount
202	Can change hit count	51	change_hitcount
203	Can delete hit count	51	delete_hitcount
204	Can view hit count	51	view_hitcount
\.


--
-- Data for Name: authtoken_token; Type: TABLE DATA; Schema: public; Owner: jeremih
--

COPY public.authtoken_token (key, created, user_id) FROM stdin;
\.


--
-- Data for Name: blog_comment; Type: TABLE DATA; Schema: public; Owner: jeremih
--

COPY public.blog_comment (id, "timestamp", content, username, post_id, user_id) FROM stdin;
\.


--
-- Data for Name: blog_post; Type: TABLE DATA; Schema: public; Owner: jeremih
--

COPY public.blog_post (id, title, short_description, content, "timestamp", thumbnail, image_alt, featured, active_post, slug, avg_read, author_id) FROM stdin;
\.


--
-- Data for Name: blog_post_categories; Type: TABLE DATA; Schema: public; Owner: jeremih
--

COPY public.blog_post_categories (id, post_id, category_id) FROM stdin;
\.


--
-- Data for Name: categories_category; Type: TABLE DATA; Schema: public; Owner: jeremih
--

COPY public.categories_category (id, meta_keywords, meta_description, meta_author, meta_copyright, title, seo_post, slug, sub_category_of_id) FROM stdin;
1	\N	\N	\N	\N	  	<p>  </p>	--	1
2	\N	\N	\N	\N	 	NONE	-	2
5	       	\N	\N	\N	  	<p dir="rtl"><strong>    </strong></p>\r\n\r\n<p dir="rtl">                     .</p>\r\n\r\n<h3 dir="rtl">             :</h3>\r\n\r\n<ul dir="rtl">\r\n\t<li>  </li>\r\n\t<li>    </li>\r\n</ul>\r\n\r\n<p dir="rtl">           .</p>\r\n\r\n<h3 dir="rtl">              :</h3>\r\n\r\n<ul>\r\n\t<li dir="rtl" style="text-align: right;">   :                       </li>\r\n\t<li dir="rtl" style="text-align: right;">      :                       .</li>\r\n</ul>\r\n\r\n<p dir="rtl" style="text-align:right"><img alt="    " src="/images/uploads/2020/11/02/-min.gif" style="float:right; height:300px; width:1000px" /></p>\r\n\r\n<h3 dir="rtl">          3    :</h3>\r\n\r\n<p dir="rtl"><strong>   :</strong>&nbsp;                        .</p>\r\n\r\n<p dir="rtl"><strong>    :</strong>&nbsp;                   .       .</p>\r\n\r\n<p dir="rtl"><strong>   :</strong>&nbsp;                   .</p>	--	2
6	      	                            1.                .  2.      .	damirco	@damirco.com	  	<p dir="rtl">              &hellip;              .</p>\r\n\r\n<h3 dir="rtl">       :</h3>\r\n\r\n<p dir="rtl"><strong>1</strong>.                .</p>\r\n\r\n<p dir="rtl"><strong>2</strong>.             .</p>\r\n\r\n<p dir="rtl"><strong>3</strong>.             </p>\r\n\r\n<p dir="rtl"><strong>4</strong>.                        .</p>\r\n\r\n<h3 dir="rtl">&nbsp;</h3>\r\n\r\n<h3 dir="rtl"><strong>                  :</strong></h3>\r\n\r\n<ul>\r\n\t<li dir="rtl" style="text-align: right;">    </li>\r\n</ul>\r\n\r\n<ul dir="rtl">\r\n\t<li>     </li>\r\n</ul>\r\n\r\n<ul dir="rtl">\r\n\t<li>    </li>\r\n</ul>\r\n\r\n<ul>\r\n\t<li dir="rtl" style="text-align: right;">       .</li>\r\n</ul>\r\n\r\n<p dir="rtl" style="text-align:right"><img alt="   " src="/images/uploads/2020/11/03/-.jpg" style="height:651px; width:641px" /></p>\r\n\r\n<h3 dir="rtl">            :</h3>\r\n\r\n<ul dir="rtl">\r\n\t<li>        .</li>\r\n</ul>\r\n\r\n<ul dir="rtl">\r\n\t<li>  &nbsp;             .</li>\r\n</ul>\r\n\r\n<ul dir="rtl">\r\n\t<li>        .</li>\r\n</ul>\r\n\r\n<ul dir="rtl">\r\n\t<li>               .</li>\r\n</ul>\r\n\r\n<p dir="rtl">                                        </p>	--	2
7	         	                    .                     .	damirco	@damirco.com	 	<p dir="rtl"><strong>       </strong></p>\r\n\r\n<h4 dir="rtl">                    .</h4>\r\n\r\n<h3 dir="rtl"></h3>\r\n\r\n<p dir="rtl">                   .</p>\r\n\r\n<p dir="rtl">      :                        .</p>\r\n\r\n<p dir="rtl"><img alt="     " src="/images/uploads/2020/11/03/-min.gif" style="height:636px; width:616px" /></p>\r\n\r\n<p dir="rtl">&nbsp;</p>\r\n\r\n<h3 dir="rtl">                    :</h3>\r\n\r\n<p dir="rtl">             .         </p>\r\n\r\n<p dir="rtl">      (              ..)       </p>\r\n\r\n<p dir="rtl">    .       .</p>\r\n\r\n<p dir="rtl">              </p>\r\n\r\n<p dir="rtl">                  .</p>	-	2
8	        	          .                    .                 .         	damirco	@damirco.com	  	<div class="term-description" dir="rtl">\r\n<h2>    </h2>\r\n\r\n<p><strong>          .                    .</strong></p>\r\n\r\n<p>               .             200     .</p>\r\n\r\n<p>                     :</p>\r\n\r\n<p>1-   </p>\r\n\r\n<p>2-    </p>\r\n\r\n<p>3-   </p>\r\n\r\n<p>               .</p>\r\n\r\n<p>                    .             .</p>\r\n\r\n<p>            .            .</p>\r\n\r\n<p>              .</p>\r\n\r\n<h3>       4     :</h3>\r\n\r\n<p>1-            </p>\r\n\r\n<p>2-                </p>\r\n\r\n<p>3-              </p>\r\n\r\n<p>4-     .</p>\r\n\r\n<p>                                  .</p>\r\n\r\n<p> </p>\r\n</div>	--	2
4	     	            :       .                      .     	\N	\N	  |   	<h2 dir="rtl"><strong>  </strong></h2>\r\n\r\n<p dir="rtl">         :&nbsp;<strong><em>  </em></strong>&nbsp;&nbsp;<strong>  .</strong></p>\r\n\r\n<p dir="rtl"><strong><em>   &nbsp;</em></strong>                .                :&nbsp;<strong>  </strong>&nbsp;(   ) &nbsp;<strong></strong>&nbsp;.</p>\r\n\r\n<p dir="rtl">                    . (         )</p>\r\n\r\n<p dir="rtl">                  : &nbsp;<strong></strong>&nbsp;&nbsp;<strong></strong>.                         .</p>\r\n\r\n<h2 dir="rtl"><strong>  &nbsp;</strong></h2>\r\n\r\n<p dir="rtl">                          .<br />\r\n                 :</p>\r\n\r\n<p dir="rtl"><strong></strong>&nbsp;&nbsp;<strong></strong>&nbsp;&nbsp;<strong></strong>&nbsp;&nbsp;<strong></strong>&nbsp; &hellip;<br />\r\n                :&nbsp;<strong> </strong>&nbsp;&nbsp;<strong> </strong>&nbsp;   .                       .</p>\r\n\r\n<h2 dir="rtl"><strong>   </strong></h2>\r\n\r\n<p dir="rtl"><strong><img alt="  |  " src="/images/uploads/2020/11/02/-300x85.jpg" style="height:85px; width:300px" /></strong></p>\r\n\r\n<p dir="rtl">                                       .</p>\r\n\r\n<p dir="rtl">     :              .</p>\r\n\r\n<p dir="rtl">         (                      )               .                               .</p>\r\n\r\n<p dir="rtl">                   .</p>	----	2
10	\N	\N	\N	\N	  	NONE	---dzgp	1
11	\N	\N	\N	\N	  	NONE	--	1
12	\N	\N	\N	\N	  	NONE	--	1
14	\N	\N	\N	\N	   UPVC	NONE	---upvc	1
15	\N	\N	\N	\N	  	NONE	--	1
16	\N	\N	\N	\N	  	NONE	--	1
17	\N	\N	\N	\N	  	NONE	--	1
18	\N	\N	\N	\N	   	NONE	---	1
19	\N	\N	\N	\N	  	NONE	--	1
20	\N	\N	\N	\N	   	NONE	--	1
21	\N	\N	\N	\N	    	NONE	----	1
22	\N	\N	\N	\N	   	NONE	---	1
23	\N	\N	\N	\N	    	NONE	----	1
24	\N	\N	\N	\N	     	NONE	-----	1
25	\N	\N	\N	\N	    	NONE	----	1
26	\N	\N	\N	\N	  	NONE	--	1
27	\N	\N	\N	\N	    	NONE	----	1
28	\N	\N	\N	\N	     	NONE	-----	1
29	\N	\N	\N	\N	  	NONE	--	1
30	\N	\N	\N	\N	     	NONE	-----	1
31	\N	\N	\N	\N	  	NONE	--	1
32	\N	\N	\N	\N	    	NONE	----	1
33	\N	\N	\N	\N	  	NONE	--	1
34	\N	\N	\N	\N	        	NONE	------	1
35	\N	\N	\N	\N	       	NONE	------	1
36	\N	\N	\N	\N	   	NONE	---	1
38	\N	\N	\N	\N	    	NONE	----	1
39	\N	\N	\N	\N	  	NONE	--	1
40	\N	\N	\N	\N	   	NONE	---	1
\.


--
-- Data for Name: categories_categoryvariation; Type: TABLE DATA; Schema: public; Owner: jeremih
--

COPY public.categories_categoryvariation (id, value, attachment, selectable, yes_or_no, variation_id) FROM stdin;
\.


--
-- Data for Name: categories_faqcategory; Type: TABLE DATA; Schema: public; Owner: jeremih
--

COPY public.categories_faqcategory (id, question, text, category_id) FROM stdin;
\.


--
-- Data for Name: categories_faqmaincategory; Type: TABLE DATA; Schema: public; Owner: jeremih
--

COPY public.categories_faqmaincategory (id, question, text, main_category_id) FROM stdin;
\.


--
-- Data for Name: categories_maincategory; Type: TABLE DATA; Schema: public; Owner: jeremih
--

COPY public.categories_maincategory (id, meta_keywords, meta_description, meta_author, meta_copyright, title, seo_post, slug, mother_category_id) FROM stdin;
1	\N	\N	\N	\N	 	<p> </p>	-	1
2	\N	\N	\N	\N	 	NONE	-	1
\.


--
-- Data for Name: categories_mothercategory; Type: TABLE DATA; Schema: public; Owner: jeremih
--

COPY public.categories_mothercategory (id, meta_keywords, meta_description, meta_author, meta_copyright, title, seo_post, slug) FROM stdin;
1	\N	\N	\N	\N	 	<p> </p>	\N
\.


--
-- Data for Name: categories_variation; Type: TABLE DATA; Schema: public; Owner: jeremih
--

COPY public.categories_variation (id, name, model, category_id) FROM stdin;
1			1
2			1
3	  		1
4			2
5	 		2
6			2
7			2
8	 		2
9			2
10	  		2
11	  		2
12	  		2
13	   		2
14	plc		2
15	  		2
16	 		5
17			5
18	 		5
19			5
20	  		5
21	   		5
22	 		5
23	 		5
24	    		5
25	 		5
26	 		5
27	 		7
28			7
29			7
30	 		7
31			7
32	  		7
33	   		7
34	  		7
36			7
35	  		7
37	 		8
38			8
39			8
40	 		8
41			8
42	  		8
43	 		8
44	 		8
45			8
46	   		10
47	  		10
48	   		10
49	  		10
50	 		11
51	 		11
52	 		11
53	  		11
54	 		11
55	  		12
56	 		12
57	 		12
58	  		12
59			12
61	  		14
62	 		14
63	 		14
64	   		14
65	  		15
66	 		15
67	  		15
68	  		15
69	    		16
70	 		16
71	 		16
72	 		16
73	  		17
74	 		17
75	  		17
76	 		17
77	  		18
78	 		18
79	 		18
80	  		18
81	  		19
82	 		19
83	 		19
84	 		19
85			20
86	   		21
87	 		21
88	  		21
89	 		21
90	  		21
91	  		22
92	 		22
93	 		22
94			22
95	  		23
96	 		23
97	 		23
98	 		23
99	  		24
100	 		25
101	 		25
102	 		25
103	 		25
104	  		26
105	 		26
106	 		26
107	 		26
108	  		27
109	 		27
110	 		27
111	 		27
112	  		28
113	 		28
114	 		28
115	 		28
116	  		29
117	 		29
118	 		29
119	  		29
120	  		30
121	 		30
122	 		30
123	 		30
124	  		31
125	 		31
126	  		31
127	  		31
128	  		32
129	 		32
130	  		32
131	 		32
132	  		33
133	 		33
134	 		33
135	 		33
136	  		34
137	 		34
138			34
139	  		34
140	  		35
141	 		35
142	 		35
143	 		35
144	 		36
145	 		36
146	 		36
147	 		36
152	  		38
153	 		38
154			38
155	 		38
156	  		39
157	 		39
158	 		39
159	 		39
160	  		40
161	 		40
162	 		40
163	 		40
\.


--
-- Data for Name: django_admin_log; Type: TABLE DATA; Schema: public; Owner: jeremih
--

COPY public.django_admin_log (id, action_time, object_id, object_repr, action_flag, change_message, content_type_id, user_id) FROM stdin;
1	2020-10-31 15:19:09.94329+03:30	1	jer	2	[{"changed": {"fields": ["role"]}}]	7	1
2	2020-10-31 15:20:12.091444+03:30	1	 	1	[{"added": {}}]	13	1
3	2020-10-31 15:20:44.944422+03:30	1	 	1	[{"added": {}}]	15	1
4	2020-10-31 15:27:27.161788+03:30	1	  	1	[{"added": {}}]	12	1
5	2020-10-31 15:27:55.527109+03:30	1		1	[{"added": {}}]	14	1
6	2020-11-01 15:24:46.290304+03:30	3	Kompf	1	[{"added": {}}]	12	1
7	2020-11-01 15:49:37.60985+03:30	1	jer	2	[{"changed": {"fields": ["is_producer"]}}]	7	1
8	2020-11-02 08:48:30.429772+03:30	4	    	1	[{"added": {}}]	12	1
9	2020-11-02 08:53:42.604232+03:30	1	     by None	1	[{"added": {}}]	29	1
10	2020-11-02 08:55:10.080155+03:30	1	     slider image	1	[{"added": {}}]	31	1
11	2020-11-02 08:55:45.936245+03:30	2	     slider image	1	[{"added": {}}]	31	1
12	2020-11-02 09:00:27.253651+03:30	1	     by None	2	[{"changed": {"fields": ["minimum_order", "made_in", "samples"]}}]	29	1
13	2020-11-02 09:03:26.142474+03:30	1	     by None	2	[{"changed": {"fields": ["minimum_order"]}}]	29	1
14	2020-11-02 09:03:52.856471+03:30	1	     by None	2	[{"changed": {"fields": ["minimum_order"]}}]	29	1
15	2020-11-02 09:09:09.659597+03:30	2	     by None	1	[{"added": {}}]	29	1
16	2020-11-02 09:09:18.484408+03:30	2	     by None	2	[{"changed": {"fields": ["description", "is_confirmed"]}}]	29	1
17	2020-11-02 09:14:09.760174+03:30	3	   by None	1	[{"added": {}}]	29	1
18	2020-11-02 09:17:32.165044+03:30	4	    by None	1	[{"added": {}}]	29	1
19	2020-11-02 09:18:36.600098+03:30	3	    slider image	1	[{"added": {}}]	31	1
20	2020-11-02 09:19:01.934392+03:30	4	    slider image	1	[{"added": {}}]	31	1
21	2020-11-02 09:22:46.379861+03:30	5	  	1	[{"added": {}}]	12	1
22	2020-11-02 09:27:29.952023+03:30	5	       PB5000 by None	1	[{"added": {}}]	29	1
23	2020-11-02 09:35:47.612538+03:30	6	      UN by None	1	[{"added": {}}]	29	1
24	2020-11-02 09:36:58.818915+03:30	5	      UN slider image	1	[{"added": {}}]	31	1
25	2020-11-02 09:37:50.575967+03:30	6	      UN by None	2	[{"changed": {"fields": ["description"]}}]	29	1
26	2020-11-02 10:20:12.529811+03:30	7	      FOFSEMI by None	1	[{"added": {}}]	29	1
27	2020-11-02 10:29:02.769211+03:30	8	      FBT4 by None	1	[{"added": {}}]	29	1
28	2020-11-02 10:39:35.524029+03:30	9	      by None	1	[{"added": {}}]	29	1
29	2020-11-02 10:40:26.210535+03:30	9	      by None	2	[{"changed": {"fields": ["product_image"]}}]	29	1
30	2020-11-02 10:41:20.567559+03:30	9	      by None	2	[{"changed": {"fields": ["product_image"]}}]	29	1
31	2020-11-02 10:41:38.998581+03:30	9	      by None	2	[{"changed": {"fields": ["product_image"]}}]	29	1
32	2020-11-02 10:42:25.613693+03:30	9	      by None	2	[{"changed": {"fields": ["minimum_order", "made_in"]}}]	29	1
33	2020-11-02 10:49:53.474024+03:30	10	    YT6G by None	1	[{"added": {}}]	29	1
34	2020-11-02 11:03:27.988533+03:30	16	 	1	[{"added": {}}]	14	1
35	2020-11-02 11:03:42.303183+03:30	17		1	[{"added": {}}]	14	1
36	2020-11-02 11:03:52.111612+03:30	18	 	1	[{"added": {}}]	14	1
37	2020-11-02 11:04:04.615333+03:30	19		1	[{"added": {}}]	14	1
38	2020-11-02 11:04:40.983612+03:30	20	  	1	[{"added": {}}]	14	1
39	2020-11-02 11:04:57.890637+03:30	21	   	1	[{"added": {}}]	14	1
40	2020-11-02 11:05:13.352147+03:30	22	 	1	[{"added": {}}]	14	1
41	2020-11-02 11:05:34.029875+03:30	23	 	1	[{"added": {}}]	14	1
42	2020-11-02 11:06:05.894286+03:30	24	    	1	[{"added": {}}]	14	1
43	2020-11-02 11:06:16.795796+03:30	25	 	1	[{"added": {}}]	14	1
44	2020-11-02 11:06:28.819144+03:30	26	 	1	[{"added": {}}]	14	1
45	2020-11-02 11:08:14.540249+03:30	1	     	1	[{"added": {}}]	32	1
46	2020-11-02 11:08:42.924145+03:30	2		1	[{"added": {}}]	32	1
47	2020-11-02 11:09:18.982933+03:30	3	500W	1	[{"added": {}}]	32	1
48	2020-11-02 11:40:51.42913+03:30	11	      GT4T by None	1	[{"added": {}}]	29	1
49	2020-11-02 11:41:02.264465+03:30	11	      GT4T by None	2	[{"changed": {"fields": ["is_confirmed"]}}]	29	1
50	2020-11-02 11:42:05.747815+03:30	4	 SUS304	1	[{"added": {}}]	32	1
51	2020-11-02 11:42:36.923717+03:30	5	16-12   	1	[{"added": {}}]	32	1
52	2020-11-02 11:43:42.56674+03:30	6	350Kg	1	[{"added": {}}]	32	1
53	2020-11-02 11:43:58.380307+03:30	7		1	[{"added": {}}]	32	1
54	2020-11-02 11:49:37.856883+03:30	12	     PD82 by None	1	[{"added": {}}]	29	1
55	2020-11-02 11:50:44.932658+03:30	8	2520  	1	[{"added": {}}]	32	1
56	2020-11-02 11:51:07.439156+03:30	9	4.5KW	1	[{"added": {}}]	32	1
57	2020-11-02 11:51:28.321158+03:30	10	3  ~380V,50HZ	1	[{"added": {}}]	32	1
58	2020-11-02 11:52:49.245282+03:30	11	      	1	[{"added": {}}]	32	1
59	2020-11-02 11:54:45.902507+03:30	10	380V,50HZ( )	2	[{"changed": {"fields": ["value"]}}]	32	1
60	2020-11-02 12:07:57.990231+03:30	13	    HMPLPRE by None	1	[{"added": {}}]	29	1
61	2020-11-02 12:08:55.302757+03:30	12	2KW	1	[{"added": {}}]	32	1
62	2020-11-02 12:09:32.825724+03:30	13	~400Kg	1	[{"added": {}}]	32	1
63	2020-11-02 12:10:25.789324+03:30	14	  +  /  440   50 	1	[{"added": {}}]	32	1
64	2020-11-02 12:11:00.30352+03:30	15	     	1	[{"added": {}}]	32	1
65	2020-11-02 12:20:34.449851+03:30	14	      30SS by None	1	[{"added": {}}]	29	1
66	2020-11-02 12:21:10.926513+03:30	16	 	1	[{"added": {}}]	32	1
67	2020-11-03 08:14:29.337774+03:30	6	  	1	[{"added": {}}]	12	1
68	2020-11-03 08:22:05.485659+03:30	7	 	1	[{"added": {}}]	12	1
69	2020-11-03 08:22:39.38259+03:30	27	 	1	[{"added": {}}]	14	1
70	2020-11-03 08:22:52.670344+03:30	28		1	[{"added": {}}]	14	1
71	2020-11-03 08:23:12.918143+03:30	29		1	[{"added": {}}]	14	1
72	2020-11-03 08:23:27.58837+03:30	30	 	1	[{"added": {}}]	14	1
73	2020-11-03 08:23:34.900425+03:30	31		1	[{"added": {}}]	14	1
74	2020-11-03 08:23:49.683043+03:30	32	  	1	[{"added": {}}]	14	1
75	2020-11-03 08:24:08.476658+03:30	33	   	1	[{"added": {}}]	14	1
76	2020-11-03 08:24:41.030094+03:30	34	  	1	[{"added": {}}]	14	1
77	2020-11-03 08:25:03.590541+03:30	35	  	1	[{"added": {}}]	14	1
78	2020-11-03 08:25:23.025364+03:30	36		1	[{"added": {}}]	14	1
79	2020-11-03 08:31:01.451333+03:30	18	     LQB-R by None	1	[{"added": {}}]	29	1
80	2020-11-03 08:32:11.843324+03:30	29	 Kg	1	[{"added": {}}]	32	1
81	2020-11-03 08:32:56.057347+03:30	30	220V	1	[{"added": {}}]	32	1
82	2020-11-03 08:33:37.557335+03:30	31	  1	1	[{"added": {}}]	32	1
83	2020-11-03 08:34:25.846744+03:30	32	1400*800*2200 (L*W*H)	1	[{"added": {}}]	32	1
84	2020-11-03 08:35:18.877575+03:30	33	 	1	[{"added": {}}]	32	1
85	2020-11-03 08:35:45.76651+03:30	34	     	1	[{"added": {}}]	32	1
86	2020-11-03 08:36:06.334794+03:30	35	    	1	[{"added": {}}]	32	1
87	2020-11-03 08:39:24.104499+03:30	18	     LQB-R by None	2	[{"changed": {"fields": ["description"]}}]	29	1
88	2020-11-03 08:39:55.079026+03:30	35	     (  mm(	2	[{"changed": {"fields": ["value"]}}]	32	1
89	2020-11-03 08:42:07.225237+03:30	35	   (mm 30-100)	2	[{"changed": {"fields": ["value"]}}]	32	1
90	2020-11-03 08:58:17.661048+03:30	19	   Med515 by None	1	[{"added": {}}]	29	1
91	2020-11-03 09:02:14.683535+03:30	36	Kg	1	[{"added": {}}]	32	1
92	2020-11-03 09:03:52.519125+03:30	37	1900*1200*2500 (L*H*B)	1	[{"added": {}}]	32	1
93	2020-11-03 09:04:32.024176+03:30	38	220 V  	1	[{"added": {}}]	32	1
94	2020-11-03 09:06:06.065427+03:30	39	240 bottle/min	1	[{"added": {}}]	32	1
95	2020-11-03 09:06:22.46463+03:30	35	  	2	[{"changed": {"fields": ["name"]}}]	14	1
96	2020-11-03 09:07:26.579034+03:30	40	Paper/PP/PE/Film	1	[{"added": {}}]	32	1
97	2020-11-03 09:08:10.175095+03:30	41	      	1	[{"added": {}}]	32	1
98	2020-11-03 09:11:25.964629+03:30	20	   TR-023( ) by None	1	[{"added": {}}]	29	1
99	2020-11-03 09:11:45.989454+03:30	1		1	[{"added": {}}]	28	1
100	2020-11-03 09:26:56.206526+03:30	42	2000*1050*1600 	1	[{"added": {}}]	32	1
101	2020-11-03 09:27:20.11841+03:30	43	V	1	[{"added": {}}]	32	1
102	2020-11-03 09:29:00.572792+03:30	44	     	1	[{"added": {}}]	32	1
103	2020-11-03 09:29:46.44693+03:30	45	0.5-1 mm	1	[{"added": {}}]	32	1
104	2020-11-03 09:31:20.186721+03:30	46	    	1	[{"added": {}}]	32	1
105	2020-11-03 09:32:00.6982+03:30	47	:300-20              :130-10 	1	[{"added": {}}]	32	1
106	2020-11-03 09:34:16.53098+03:30	19	   Med515 by None	2	[{"changed": {"fields": ["product_image"]}}]	29	1
107	2020-11-03 09:34:54.65857+03:30	20	   TR-023( ) by None	2	[{"changed": {"fields": ["product_image"]}}]	29	1
108	2020-11-03 09:35:08.903696+03:30	20	   TR-023( ) by None	2	[{"changed": {"fields": ["product_image"]}}]	29	1
109	2020-11-03 09:40:09.383469+03:30	21	    .. by None	1	[{"added": {}}]	29	1
110	2020-11-03 09:42:45.559339+03:30	48	   	1	[{"added": {}}]	32	1
111	2020-11-03 09:43:05.432545+03:30	49	16  48        	1	[{"added": {}}]	32	1
112	2020-11-03 09:43:34.279688+03:30	50	  80     100    	1	[{"added": {}}]	32	1
113	2020-11-03 10:06:30.142294+03:30	50	  80     100 	2	[{"changed": {"fields": ["value"]}}]	32	1
114	2020-11-03 13:02:42.695966+03:30	22	    lbl5500  1  2  by None	1	[{"added": {}}]	29	1
115	2020-11-03 13:04:55.196092+03:30	51	1500*1000*1200  	1	[{"added": {}}]	32	1
116	2020-11-03 13:06:09.040755+03:30	52	 	1	[{"added": {}}]	32	1
117	2020-11-03 13:07:29.642939+03:30	53	220 or 110 V	1	[{"added": {}}]	32	1
118	2020-11-03 13:16:49.461321+03:30	23	       MD800 by None	1	[{"added": {}}]	29	1
119	2020-11-03 13:17:38.179506+03:30	54	(L)1500 x (W)570 x (H)1850 mm	1	[{"added": {}}]	32	1
120	2020-11-03 13:18:23.794543+03:30	55	 1x110V/ 1x220V/ 3x220V/ 3x380V	1	[{"added": {}}]	32	1
121	2020-11-03 13:18:49.11221+03:30	56	  	1	[{"added": {}}]	32	1
122	2020-11-03 13:19:07.220997+03:30	56	   304    T6	2	[{"changed": {"fields": ["value"]}}]	32	1
123	2020-11-03 13:20:05.998819+03:30	56	   304    	2	[{"changed": {"fields": ["value"]}}]	32	1
124	2020-11-03 14:26:34.303287+03:30	24	     BT-R (   OPP) by None	1	[{"added": {}}]	29	1
125	2020-11-03 14:30:06.558338+03:30	57	8000~24000 BPH	1	[{"added": {}}]	32	1
126	2020-11-03 14:30:39.645722+03:30	58		1	[{"added": {}}]	32	1
127	2020-11-03 14:34:45.387452+03:30	59	size: 25x152~219x4200	1	[{"added": {}}]	32	1
128	2020-11-03 14:39:16.721957+03:30	25	     Q41 by None	1	[{"added": {}}]	29	1
129	2020-11-03 14:40:29.477486+03:30	60	max. 300 ppm	1	[{"added": {}}]	32	1
130	2020-11-03 14:41:11.31655+03:30	61	     	1	[{"added": {}}]	32	1
131	2020-11-03 14:45:09.77903+03:30	26	    YX_AB350 by None	1	[{"added": {}}]	29	1
132	2020-11-03 14:46:21.635802+03:30	62	  	1	[{"added": {}}]	32	1
133	2020-11-03 15:22:54.585033+03:30	63	W	1	[{"added": {}}]	32	1
134	2020-11-03 15:23:35.326877+03:30	64	0.5 mm	1	[{"added": {}}]	32	1
135	2020-11-03 15:24:05.063789+03:30	65	2880*1700*1850 (L*W*H)	1	[{"added": {}}]	32	1
136	2020-11-03 15:24:50.697232+03:30	66	35-350 BPM	1	[{"added": {}}]	32	1
137	2020-11-04 10:51:39.497031+03:30	3	admin	1	[{"added": {}}]	7	1
138	2020-11-04 10:52:46.239713+03:30	3	admin	2	[{"changed": {"fields": ["first_name", "last_name", "email", "is_staff"]}}]	7	1
139	2020-11-04 10:54:09.612715+03:30	17	admin	3		11	1
140	2020-11-04 10:54:46.537061+03:30	3	admin	2	[]	7	1
141	2020-11-04 10:55:05.652393+03:30	3	admin	2	[{"changed": {"fields": ["password"]}}]	7	1
142	2020-11-04 10:57:40.791749+03:30	4	jalal	2	[{"changed": {"fields": ["is_producer", "role"]}}]	7	4
143	2020-11-04 11:13:59.538668+03:30	8	  	1	[{"added": {}}]	12	1
144	2020-11-04 11:15:47.558738+03:30	37	 	1	[{"added": {}}]	14	1
145	2020-11-04 11:15:57.843242+03:30	38		1	[{"added": {}}]	14	1
146	2020-11-04 11:16:13.023515+03:30	39		1	[{"added": {}}]	14	1
147	2020-11-04 11:16:27.383487+03:30	40	 	1	[{"added": {}}]	14	1
148	2020-11-04 11:16:40.051777+03:30	41		1	[{"added": {}}]	14	1
149	2020-11-04 11:16:58.620498+03:30	42	  	1	[{"added": {}}]	14	1
150	2020-11-04 11:17:14.301056+03:30	43	 	1	[{"added": {}}]	14	1
151	2020-11-04 11:17:28.220043+03:30	44	 	1	[{"added": {}}]	14	1
152	2020-11-04 11:17:37.600107+03:30	45		1	[{"added": {}}]	14	1
153	2020-11-04 11:31:20.773941+03:30	29	     6000 by None	1	[{"added": {}}]	29	1
154	2020-11-04 11:31:58.196408+03:30	75	  	1	[{"added": {}}]	32	1
155	2020-11-04 11:35:29.999965+03:30	76	- Kg	1	[{"added": {}}]	32	1
156	2020-11-04 11:36:03.791994+03:30	77	1.6-1.9 KW	1	[{"added": {}}]	32	1
157	2020-11-04 11:36:44.836+03:30	78	1hp, 220 V,50/60 HZ	1	[{"added": {}}]	32	1
158	2020-11-04 11:37:58.489492+03:30	79	10-40/20-70 bottles/min	1	[{"added": {}}]	32	1
159	2020-11-04 11:38:51.318514+03:30	29	     6000 by None	2	[{"changed": {"fields": ["product_image"]}}]	29	1
160	2020-11-04 11:42:52.109948+03:30	30	     BR232 by None	1	[{"added": {}}]	29	1
161	2020-11-04 11:44:44.29984+03:30	80	 Kg ()-  Kg ()	1	[{"added": {}}]	32	1
162	2020-11-04 11:45:27.866515+03:30	81	  415   220 	1	[{"added": {}}]	32	1
163	2020-11-04 11:45:49.071477+03:30	82	 hp	1	[{"added": {}}]	32	1
164	2020-11-04 11:46:06.536061+03:30	83	 	1	[{"added": {}}]	32	1
165	2020-11-04 11:48:03.958031+03:30	84	:    	1	[{"added": {}}]	32	1
166	2020-11-04 11:48:38.957294+03:30	85	995*710*1350  	1	[{"added": {}}]	32	1
167	2020-11-04 11:52:56.568271+03:30	31	   DDX-450 by None	1	[{"added": {}}]	29	1
168	2020-11-04 12:24:59.845246+03:30	86	  	1	[{"added": {}}]	32	1
169	2020-11-04 12:26:12.320646+03:30	87	23 	1	[{"added": {}}]	32	1
170	2020-11-04 12:26:41.750259+03:30	88	52*30*53  	1	[{"added": {}}]	32	1
171	2020-11-04 12:28:17.26073+03:30	89	220 V(60/50 )	1	[{"added": {}}]	32	1
172	2020-11-04 12:28:44.325117+03:30	90	50 	1	[{"added": {}}]	32	1
173	2020-11-04 12:30:05.608718+03:30	91	20-40 Bottles/min	1	[{"added": {}}]	32	1
174	2020-11-04 12:35:01.818807+03:30	32	    KDK-500 by None	1	[{"added": {}}]	29	1
175	2020-11-04 12:37:31.125839+03:30	92	     GMP	1	[{"added": {}}]	32	1
176	2020-11-04 12:37:45.661641+03:30	93	650 	1	[{"added": {}}]	32	1
177	2020-11-04 12:42:10.790528+03:30	9	--	1	[{"added": {}}]	12	4
178	2020-11-04 13:22:28.396171+03:30	94	2350*1150*1950  	1	[{"added": {}}]	32	1
179	2020-11-04 13:22:57.940806+03:30	95	220V  	1	[{"added": {}}]	32	1
180	2020-11-04 13:47:55.341971+03:30	96	1 hp	1	[{"added": {}}]	32	1
181	2020-11-04 15:24:14.790823+03:30	36	    Medi Pack | |   by None	2	[{"changed": {"fields": ["description", "short_discription", "is_confirmed"]}}]	29	1
182	2020-11-05 09:10:57.142913+03:30	4	 |   	2	[{"changed": {"fields": ["title"]}}]	12	1
183	2020-11-05 09:11:24.670299+03:30	4	  |   	2	[{"changed": {"fields": ["title"]}}]	12	1
184	2020-11-07 21:07:56.251948+03:30	72	   Bespack by None	1	[{"added": {}}]	29	1
185	2020-11-07 21:11:25.602602+03:30	73	     by None	1	[{"added": {}}]	29	1
186	2020-11-07 21:14:40.817085+03:30	74	    MSP by None	1	[{"added": {}}]	29	1
187	2020-11-07 21:26:09.421719+03:30	75	     VSP by None	1	[{"added": {}}]	29	1
188	2020-11-07 21:29:22.964763+03:30	76	      IDP54T by None	1	[{"added": {}}]	29	1
\.


--
-- Data for Name: django_content_type; Type: TABLE DATA; Schema: public; Owner: jeremih
--

COPY public.django_content_type (id, app_label, model) FROM stdin;
1	admin	logentry
2	auth	permission
3	auth	group
4	contenttypes	contenttype
5	sessions	session
6	sites	site
7	users	user
8	users	profile
9	users	twofactortoken
10	users	tokentfa
11	users	producerprofile
12	categories	category
13	categories	mothercategory
14	categories	variation
15	categories	maincategory
16	categories	faqmaincategory
17	categories	faqcategory
18	categories	categoryvariation
19	blog	post
20	blog	comment
21	merchandise	address
22	merchandise	coupon
23	merchandise	order
24	merchandise	refund
25	merchandise	payment
26	merchandise	orderitem
27	merchandise	miniorder
28	products	label
29	products	product
30	products	variation
31	products	sliderimage
32	products	productdetail
33	products	productcomment
34	products	metadetail
35	products	rating
36	products	productvariation
37	pages	aboutus
38	pages	document
39	pages	indexslider
40	pages	newstelleremails
41	userpanel	producerticket
42	authtoken	token
43	account	emailaddress
44	account	emailconfirmation
45	socialaccount	socialaccount
46	socialaccount	socialapp
47	socialaccount	socialtoken
48	hitcount	blacklistip
49	hitcount	blacklistuseragent
50	hitcount	hit
51	hitcount	hitcount
\.


--
-- Data for Name: django_migrations; Type: TABLE DATA; Schema: public; Owner: jeremih
--

COPY public.django_migrations (id, app, name, applied) FROM stdin;
1	categories	0001_initial	2020-10-31 15:05:55.712598+03:30
2	contenttypes	0001_initial	2020-10-31 15:05:55.749407+03:30
3	contenttypes	0002_remove_content_type_name	2020-10-31 15:05:55.767217+03:30
4	auth	0001_initial	2020-10-31 15:05:55.792642+03:30
5	auth	0002_alter_permission_name_max_length	2020-10-31 15:05:55.808163+03:30
6	auth	0003_alter_user_email_max_length	2020-10-31 15:05:55.819095+03:30
7	auth	0004_alter_user_username_opts	2020-10-31 15:05:55.829992+03:30
8	auth	0005_alter_user_last_login_null	2020-10-31 15:05:55.841036+03:30
9	auth	0006_require_contenttypes_0002	2020-10-31 15:05:55.843787+03:30
10	auth	0007_alter_validators_add_error_messages	2020-10-31 15:05:55.853115+03:30
11	auth	0008_alter_user_username_max_length	2020-10-31 15:05:55.864634+03:30
12	auth	0009_alter_user_last_name_max_length	2020-10-31 15:05:55.87549+03:30
13	auth	0010_alter_group_name_max_length	2020-10-31 15:05:55.885705+03:30
14	auth	0011_update_proxy_permissions	2020-10-31 15:05:55.902623+03:30
15	users	0001_initial	2020-10-31 15:05:56.008558+03:30
16	account	0001_initial	2020-10-31 15:05:56.082427+03:30
17	account	0002_email_max_length	2020-10-31 15:05:56.105096+03:30
18	admin	0001_initial	2020-10-31 15:05:56.12391+03:30
19	admin	0002_logentry_remove_auto_add	2020-10-31 15:05:56.14389+03:30
20	admin	0003_logentry_add_action_flag_choices	2020-10-31 15:05:56.157761+03:30
21	authtoken	0001_initial	2020-10-31 15:05:56.175575+03:30
22	authtoken	0002_auto_20160226_1747	2020-10-31 15:05:56.26538+03:30
23	blog	0001_initial	2020-10-31 15:05:56.327272+03:30
24	hitcount	0001_initial	2020-10-31 15:05:56.448384+03:30
25	hitcount	0002_index_ip_and_session	2020-10-31 15:05:56.507872+03:30
26	hitcount	0003_auto_20190608_1004	2020-10-31 15:05:56.523576+03:30
27	hitcount	0004_auto_20200704_0933	2020-10-31 15:05:56.536794+03:30
28	products	0001_initial	2020-10-31 15:05:56.875427+03:30
29	merchandise	0001_initial	2020-10-31 15:05:57.499106+03:30
30	pages	0001_initial	2020-10-31 15:05:57.623601+03:30
31	sessions	0001_initial	2020-10-31 15:05:57.63793+03:30
32	sites	0001_initial	2020-10-31 15:05:57.64983+03:30
33	sites	0002_alter_domain_unique	2020-10-31 15:05:57.660557+03:30
34	socialaccount	0001_initial	2020-10-31 15:05:57.821264+03:30
35	socialaccount	0002_token_max_lengths	2020-10-31 15:05:57.924479+03:30
36	socialaccount	0003_extra_data_default_dict	2020-10-31 15:05:57.936744+03:30
37	users	0002_auto_20201028_1322	2020-10-31 15:05:57.955737+03:30
\.


--
-- Data for Name: django_session; Type: TABLE DATA; Schema: public; Owner: jeremih
--

COPY public.django_session (session_key, session_data, expire_date) FROM stdin;
zc6jetzs9tt9ihbm49g8yi09a38qna54	NTcyYzAyMDNmNTQwNTMzMGNlYTFkMzZlMDQ5YTIyMzkyOTc5MjRhMjp7fQ==	2020-11-20 09:47:32.195317+03:30
rsk7fbifefcft5osmuxlaryydn13qbqp	NTcyYzAyMDNmNTQwNTMzMGNlYTFkMzZlMDQ5YTIyMzkyOTc5MjRhMjp7fQ==	2020-11-20 15:47:59.016141+03:30
w9dgx4t5m2b59zpatj3hk6r7f2iz8u26	NTcyYzAyMDNmNTQwNTMzMGNlYTFkMzZlMDQ5YTIyMzkyOTc5MjRhMjp7fQ==	2020-11-21 16:04:19.930884+03:30
snpays5t28ya5xwhhbw6kf6dn0txd4gv	MzQ3ODRiZWIxMWU5ZDY4M2ZkYzAwNWNlOTBhZTBlMWEzMTFkYzY4Zjp7Il9hdXRoX3VzZXJfaWQiOiIxIiwiX2F1dGhfdXNlcl9iYWNrZW5kIjoiZGphbmdvLmNvbnRyaWIuYXV0aC5iYWNrZW5kcy5Nb2RlbEJhY2tlbmQiLCJfYXV0aF91c2VyX2hhc2giOiJiYzE4OTM4MjAwOWYzNmE5Y2Q2YTY2MTc0MzYyMTEyYmY4MjFmNTY4IiwibWVzc2FnZSI6InsgXCJtZXNzYWdlXCIgOiBcIlwiIH0iLCJtZXNzYWdlX3Bhc3NlZCI6ZmFsc2UsInJlZGlyZWN0X3Bhc3NlZCI6ZmFsc2UsInJlZGlyZWN0X2luZm8iOiJ7IFwicHJvZHVjdEtleXdvcmRcIiA6IFwiTm9uZVwiICxcInZhcml0aW9uc1wiIDogXCJOb25lXCIsIFwibWFpbkNhdFwiIDogXCJOb25lXCIsIFwibW90aGVyQ2F0XCIgOlwiTm9uZVwiLCBcImNhdGVnb3J5XCI6IFwiTm9uZVwiLCBcInByb2R1Y3RfdGl0bGVcIiA6IFwiTm9uZVwiLCBcInByb2R1Y3RfcHJpY2VcIiA6IFwiTm9uZVwiLCBcInByb2R1Y3RfcHJpY2UyXCIgOiBcIk5vbmVcIiwgXCJwcm9kdWN0X2Rlc2NyaXB0aW9uXCIgOiBcIk5vbmVcIiwgXCJwcm9kdWN0X21hZGVfaW5cIiA6IFwiTm9uZVwiLCBcInByb2R1Y3RfcGFja2luZ1wiIDogXCJOb25lXCIsIFwicHJvZHVjdF9kZWxpdmVyeVwiIDogXCJOb25lXCIsIFwicHJvZHVjdF9vcmlnaW5cIiA6IFwiTm9uZVwiLCBcInByb2R1Y3RfZGVsaXZlcnlcIiA6IFwiTm9uZVwiLCBcInByb2R1Y3Rfc2hpcHBpbmdcIiA6IFwiTm9uZVwiLCBcInByb2R1Y3RfcGF5bWVudF90eXBlXCIgOiBcIk5vbmVcIiAsIFwicHJvZHVjdF9taW5pbXVtX29yZGVyXCIgOiBcIk5vbmVcIiwgXCJwcm9kdWN0X3Nob3J0X2Rlc2NyaXB0aW9uXCIgOiBcIk5vbmVcIiwgXCJwcm9kdWN0X3NhbXBsZXNcIiA6IFwiTm9uZVwiLCBcInByb2R1Y3Rfa2V5d29yZFwiIDogXCJOb25lXCJ9In0=	2020-11-22 18:24:21.37199+03:30
r47yggu3gz1m5897qml9sbva1jmdoac8	NTUyODc3M2Q3MWYwMWQyOGIwNmNhMDg5ZTU0NDdiOWM4YjBjZTM2NDp7Il9hdXRoX3VzZXJfaWQiOiIxIiwiX2F1dGhfdXNlcl9iYWNrZW5kIjoiZGphbmdvLmNvbnRyaWIuYXV0aC5iYWNrZW5kcy5Nb2RlbEJhY2tlbmQiLCJfYXV0aF91c2VyX2hhc2giOiJiYzE4OTM4MjAwOWYzNmE5Y2Q2YTY2MTc0MzYyMTEyYmY4MjFmNTY4IiwicmVkaXJlY3RfaW5mbyI6InsgXCJwcm9kdWN0S2V5d29yZFwiIDogXCJOb25lXCIgLFwidmFyaXRpb25zXCIgOiBcIk5vbmVcIiwgXCJtYWluQ2F0XCIgOiBcIk5vbmVcIiwgXCJtb3RoZXJDYXRcIiA6XCJOb25lXCIsIFwiY2F0ZWdvcnlcIjogXCJOb25lXCIsIFwicHJvZHVjdF90aXRsZVwiIDogXCJOb25lXCIsIFwicHJvZHVjdF9wcmljZVwiIDogXCJOb25lXCIsIFwicHJvZHVjdF9wcmljZTJcIiA6IFwiTm9uZVwiLCBcInByb2R1Y3RfZGVzY3JpcHRpb25cIiA6IFwiTm9uZVwiLCBcInByb2R1Y3RfbWFkZV9pblwiIDogXCJOb25lXCIsIFwicHJvZHVjdF9wYWNraW5nXCIgOiBcIk5vbmVcIiwgXCJwcm9kdWN0X2RlbGl2ZXJ5XCIgOiBcIk5vbmVcIiwgXCJwcm9kdWN0X29yaWdpblwiIDogXCJOb25lXCIsIFwicHJvZHVjdF9kZWxpdmVyeVwiIDogXCJOb25lXCIsIFwicHJvZHVjdF9zaGlwcGluZ1wiIDogXCJOb25lXCIsIFwicHJvZHVjdF9wYXltZW50X3R5cGVcIiA6IFwiTm9uZVwiICwgXCJwcm9kdWN0X21pbmltdW1fb3JkZXJcIiA6IFwiTm9uZVwiLCBcInByb2R1Y3Rfc2hvcnRfZGVzY3JpcHRpb25cIiA6IFwiTm9uZVwiLCBcInByb2R1Y3Rfc2FtcGxlc1wiIDogXCJOb25lXCIsIFwicHJvZHVjdF9rZXl3b3JkXCIgOiBcIk5vbmVcIn0iLCJyZWRpcmVjdF9wYXNzZWQiOmZhbHNlLCJtZXNzYWdlIjoieyBcIm1lc3NhZ2VcIiA6IFwiXCIgfSJ9	2020-11-22 16:30:32.344112+03:30
i4zhtzod9e4rn2cy79mgjalfzpsuifs4	NGRlYzg3MjU5Y2RhZWQ3Y2E2Njg2MmY2MGY2YmViN2JmMTRmMjUxYzp7Il9hdXRoX3VzZXJfaWQiOiIxIiwiX2F1dGhfdXNlcl9iYWNrZW5kIjoiZGphbmdvLmNvbnRyaWIuYXV0aC5iYWNrZW5kcy5Nb2RlbEJhY2tlbmQiLCJfYXV0aF91c2VyX2hhc2giOiJiYzE4OTM4MjAwOWYzNmE5Y2Q2YTY2MTc0MzYyMTEyYmY4MjFmNTY4IiwibWVzc2FnZSI6InsgXCJtZXNzYWdlXCIgOiBcIlx1MDY0NVx1MDYyZFx1MDYzNVx1MDY0OFx1MDY0NCBcdTA2MzRcdTA2NDVcdTA2MjcgXHUwNjI4XHUwNjI3IFx1MDY0NVx1MDY0OFx1MDY0Mlx1MDZjY1x1MDYyYSBcdTA2MmJcdTA2MjhcdTA2MmEgXHUwNjM0XHUwNjJmXCIgfSIsIm1lc3NhZ2VfcGFzc2VkIjp0cnVlLCJyZWRpcmVjdF9wYXNzZWQiOmZhbHNlfQ==	2020-11-16 12:29:24.168622+03:30
t1q07mnm1i7wo8huay3k55mgky9pl78r	NmRiNzA0ZWNlMDNhZDliMDBjYWE3YjlmYmIwMTVjZjE5ZDA4MDg0ZDp7Im1lc3NhZ2UiOiJ7IFwibWVzc2FnZVwiIDogXCJcdTA2NDVcdTA2MmRcdTA2MzVcdTA2NDhcdTA2NDQgXHUwNjM0XHUwNjQ1XHUwNjI3IFx1MDYyOFx1MDYyNyBcdTA2NDVcdTA2NDhcdTA2NDJcdTA2Y2NcdTA2MmEgXHUwNjJiXHUwNjI4XHUwNjJhIFx1MDYzNFx1MDYyZlwiIH0iLCJfYXV0aF91c2VyX2lkIjoiNCIsIl9hdXRoX3VzZXJfYmFja2VuZCI6ImRqYW5nby5jb250cmliLmF1dGguYmFja2VuZHMuTW9kZWxCYWNrZW5kIiwiX2F1dGhfdXNlcl9oYXNoIjoiODhlYWQxMmU0ZmY4NzNkMmVlZjBiNWRmNWMyZWRhMmJjM2U2ZjZlYSIsIm1lc3NhZ2VfcGFzc2VkIjp0cnVlLCJyZWRpcmVjdF9wYXNzZWQiOmZhbHNlfQ==	2020-11-18 16:36:57.041757+03:30
ctzlzsxmue12ms4fn3ldh70n1mbjmhfr	NDdjODZmZjExYTk0YmM4NjZhOGVlYTI2M2U0NDU5ZjYwYjA3MTRmZTp7Il9hdXRoX3VzZXJfaWQiOiIxIiwiX2F1dGhfdXNlcl9iYWNrZW5kIjoiZGphbmdvLmNvbnRyaWIuYXV0aC5iYWNrZW5kcy5Nb2RlbEJhY2tlbmQiLCJfYXV0aF91c2VyX2hhc2giOiJiYzE4OTM4MjAwOWYzNmE5Y2Q2YTY2MTc0MzYyMTEyYmY4MjFmNTY4In0=	2020-11-19 09:10:23.981121+03:30
mrd11zcnliag3lnnphy972w50b5qb3zz	MzBkNTQ5ZTI0YjgyODdhZDE2NDU1YWQ1YTM2ODYxNjU5ZjQ2YmJlNTp7Il9hdXRoX3VzZXJfaWQiOiIxIiwiX2F1dGhfdXNlcl9iYWNrZW5kIjoiZGphbmdvLmNvbnRyaWIuYXV0aC5iYWNrZW5kcy5Nb2RlbEJhY2tlbmQiLCJfYXV0aF91c2VyX2hhc2giOiJiYzE4OTM4MjAwOWYzNmE5Y2Q2YTY2MTc0MzYyMTEyYmY4MjFmNTY4IiwibWVzc2FnZSI6InsgXCJtZXNzYWdlXCIgOiBcIlwiIH0iLCJtZXNzYWdlX3Bhc3NlZCI6ZmFsc2V9	2020-11-15 15:43:42.653384+03:30
r62j5ieqmw9lkgep0sgm0zugpp2mr3sh	NTcyYzAyMDNmNTQwNTMzMGNlYTFkMzZlMDQ5YTIyMzkyOTc5MjRhMjp7fQ==	2020-11-21 16:04:30.285892+03:30
zj4wq33vm4wdtefou4df3j69ygntmoly	NTcyYzAyMDNmNTQwNTMzMGNlYTFkMzZlMDQ5YTIyMzkyOTc5MjRhMjp7fQ==	2020-11-21 03:21:10.931879+03:30
vbazmtgxeqd13cximow22keg1typrob3	ODU0MjNmOWViODdhM2IwMjViMjM4NTg1NmU1YjlmNTNhOWFmM2NiYjp7Il9hdXRoX3VzZXJfaWQiOiIxIiwiX2F1dGhfdXNlcl9iYWNrZW5kIjoiZGphbmdvLmNvbnRyaWIuYXV0aC5iYWNrZW5kcy5Nb2RlbEJhY2tlbmQiLCJfYXV0aF91c2VyX2hhc2giOiJiYzE4OTM4MjAwOWYzNmE5Y2Q2YTY2MTc0MzYyMTEyYmY4MjFmNTY4IiwicmVkaXJlY3RfcGFzc2VkIjpmYWxzZSwibWVzc2FnZSI6InsgXCJtZXNzYWdlXCIgOiBcIlwiIH0iLCJtZXNzYWdlX3Bhc3NlZCI6ZmFsc2UsInJlZGlyZWN0X2luZm8iOiJ7IFwicHJvZHVjdEtleXdvcmRcIiA6IFwiTm9uZVwiICxcInZhcml0aW9uc1wiIDogXCJOb25lXCIsIFwibWFpbkNhdFwiIDogXCJOb25lXCIsIFwibW90aGVyQ2F0XCIgOlwiTm9uZVwiLCBcImNhdGVnb3J5XCI6IFwiTm9uZVwiLCBcInByb2R1Y3RfdGl0bGVcIiA6IFwiTm9uZVwiLCBcInByb2R1Y3RfcHJpY2VcIiA6IFwiTm9uZVwiLCBcInByb2R1Y3RfcHJpY2UyXCIgOiBcIk5vbmVcIiwgXCJwcm9kdWN0X2Rlc2NyaXB0aW9uXCIgOiBcIk5vbmVcIiwgXCJwcm9kdWN0X21hZGVfaW5cIiA6IFwiTm9uZVwiLCBcInByb2R1Y3RfcGFja2luZ1wiIDogXCJOb25lXCIsIFwicHJvZHVjdF9kZWxpdmVyeVwiIDogXCJOb25lXCIsIFwicHJvZHVjdF9vcmlnaW5cIiA6IFwiTm9uZVwiLCBcInByb2R1Y3RfZGVsaXZlcnlcIiA6IFwiTm9uZVwiLCBcInByb2R1Y3Rfc2hpcHBpbmdcIiA6IFwiTm9uZVwiLCBcInByb2R1Y3RfcGF5bWVudF90eXBlXCIgOiBcIk5vbmVcIiAsIFwicHJvZHVjdF9taW5pbXVtX29yZGVyXCIgOiBcIk5vbmVcIiwgXCJwcm9kdWN0X3Nob3J0X2Rlc2NyaXB0aW9uXCIgOiBcIk5vbmVcIiwgXCJwcm9kdWN0X3NhbXBsZXNcIiA6IFwiTm9uZVwiLCBcInByb2R1Y3Rfa2V5d29yZFwiIDogXCJOb25lXCJ9In0=	2020-11-17 16:16:45.177233+03:30
3vxojg1saosdka1z5wy1sg4yth2yrmxd	NjA5Njk2MjRhMDliMzYxYmI3ZWI0OWQ0MzQ4ZDQzZDY0M2M4NDI4OTp7Il9hdXRoX3VzZXJfaWQiOiIxIiwiX2F1dGhfdXNlcl9iYWNrZW5kIjoiZGphbmdvLmNvbnRyaWIuYXV0aC5iYWNrZW5kcy5Nb2RlbEJhY2tlbmQiLCJfYXV0aF91c2VyX2hhc2giOiJiYzE4OTM4MjAwOWYzNmE5Y2Q2YTY2MTc0MzYyMTEyYmY4MjFmNTY4IiwibWVzc2FnZSI6InsgXCJtZXNzYWdlXCIgOiBcIlwiIH0iLCJtZXNzYWdlX3Bhc3NlZCI6ZmFsc2UsInJlZGlyZWN0X2luZm8iOiJ7IFwicHJvZHVjdEtleXdvcmRcIiA6IFwiTm9uZVwiICxcInZhcml0aW9uc1wiIDogXCJOb25lXCIsIFwibWFpbkNhdFwiIDogXCJOb25lXCIsIFwibW90aGVyQ2F0XCIgOlwiTm9uZVwiLCBcImNhdGVnb3J5XCI6IFwiTm9uZVwiLCBcInByb2R1Y3RfdGl0bGVcIiA6IFwiTm9uZVwiLCBcInByb2R1Y3RfcHJpY2VcIiA6IFwiTm9uZVwiLCBcInByb2R1Y3RfcHJpY2UyXCIgOiBcIk5vbmVcIiwgXCJwcm9kdWN0X2Rlc2NyaXB0aW9uXCIgOiBcIk5vbmVcIiwgXCJwcm9kdWN0X21hZGVfaW5cIiA6IFwiTm9uZVwiLCBcInByb2R1Y3RfcGFja2luZ1wiIDogXCJOb25lXCIsIFwicHJvZHVjdF9kZWxpdmVyeVwiIDogXCJOb25lXCIsIFwicHJvZHVjdF9vcmlnaW5cIiA6IFwiTm9uZVwiLCBcInByb2R1Y3RfZGVsaXZlcnlcIiA6IFwiTm9uZVwiLCBcInByb2R1Y3Rfc2hpcHBpbmdcIiA6IFwiTm9uZVwiLCBcInByb2R1Y3RfcGF5bWVudF90eXBlXCIgOiBcIk5vbmVcIiAsIFwicHJvZHVjdF9taW5pbXVtX29yZGVyXCIgOiBcIk5vbmVcIiwgXCJwcm9kdWN0X3Nob3J0X2Rlc2NyaXB0aW9uXCIgOiBcIk5vbmVcIiwgXCJwcm9kdWN0X3NhbXBsZXNcIiA6IFwiTm9uZVwiLCBcInByb2R1Y3Rfa2V5d29yZFwiIDogXCJOb25lXCJ9IiwicmVkaXJlY3RfcGFzc2VkIjpmYWxzZX0=	2020-11-18 15:43:01.070412+03:30
tzsj8kn6ek78hgzp95bwmn8lf8lldg75	NDdjODZmZjExYTk0YmM4NjZhOGVlYTI2M2U0NDU5ZjYwYjA3MTRmZTp7Il9hdXRoX3VzZXJfaWQiOiIxIiwiX2F1dGhfdXNlcl9iYWNrZW5kIjoiZGphbmdvLmNvbnRyaWIuYXV0aC5iYWNrZW5kcy5Nb2RlbEJhY2tlbmQiLCJfYXV0aF91c2VyX2hhc2giOiJiYzE4OTM4MjAwOWYzNmE5Y2Q2YTY2MTc0MzYyMTEyYmY4MjFmNTY4In0=	2020-11-19 19:44:56.800114+03:30
0hq5wikl2c3gx7ruq0ktl09l2k8fj6et	NTcyYzAyMDNmNTQwNTMzMGNlYTFkMzZlMDQ5YTIyMzkyOTc5MjRhMjp7fQ==	2020-11-21 16:12:05.485565+03:30
w25tgo3qu7qm0zygtwrrut2v6ra901sv	OWU2YzBlMDg2OGFlN2JmZjEyNDljNjc2YzFiYzExMGNlNzgzODJhODp7Im1lc3NhZ2UiOiJ7IFwibWVzc2FnZVwiIDogXCJcIiB9IiwiX2F1dGhfdXNlcl9pZCI6IjQiLCJfYXV0aF91c2VyX2JhY2tlbmQiOiJkamFuZ28uY29udHJpYi5hdXRoLmJhY2tlbmRzLk1vZGVsQmFja2VuZCIsIl9hdXRoX3VzZXJfaGFzaCI6Ijg4ZWFkMTJlNGZmODczZDJlZWYwYjVkZjVjMmVkYTJiYzNlNmY2ZWEiLCJtZXNzYWdlX3Bhc3NlZCI6ZmFsc2UsInJlZGlyZWN0X3Bhc3NlZCI6ZmFsc2UsInJlZGlyZWN0X2luZm8iOiJ7IFwicHJvZHVjdEtleXdvcmRcIiA6IFwiTm9uZVwiICxcInZhcml0aW9uc1wiIDogXCJOb25lXCIsIFwibWFpbkNhdFwiIDogXCJOb25lXCIsIFwibW90aGVyQ2F0XCIgOlwiTm9uZVwiLCBcImNhdGVnb3J5XCI6IFwiTm9uZVwiLCBcInByb2R1Y3RfdGl0bGVcIiA6IFwiTm9uZVwiLCBcInByb2R1Y3RfcHJpY2VcIiA6IFwiTm9uZVwiLCBcInByb2R1Y3RfcHJpY2UyXCIgOiBcIk5vbmVcIiwgXCJwcm9kdWN0X2Rlc2NyaXB0aW9uXCIgOiBcIk5vbmVcIiwgXCJwcm9kdWN0X21hZGVfaW5cIiA6IFwiTm9uZVwiLCBcInByb2R1Y3RfcGFja2luZ1wiIDogXCJOb25lXCIsIFwicHJvZHVjdF9kZWxpdmVyeVwiIDogXCJOb25lXCIsIFwicHJvZHVjdF9vcmlnaW5cIiA6IFwiTm9uZVwiLCBcInByb2R1Y3RfZGVsaXZlcnlcIiA6IFwiTm9uZVwiLCBcInByb2R1Y3Rfc2hpcHBpbmdcIiA6IFwiTm9uZVwiLCBcInByb2R1Y3RfcGF5bWVudF90eXBlXCIgOiBcIk5vbmVcIiAsIFwicHJvZHVjdF9taW5pbXVtX29yZGVyXCIgOiBcIk5vbmVcIiwgXCJwcm9kdWN0X3Nob3J0X2Rlc2NyaXB0aW9uXCIgOiBcIk5vbmVcIiwgXCJwcm9kdWN0X3NhbXBsZXNcIiA6IFwiTm9uZVwiLCBcInByb2R1Y3Rfa2V5d29yZFwiIDogXCJOb25lXCJ9In0=	2020-11-22 15:05:37.300434+03:30
d6jtd62ehh2axtw0zab45t7iyc2248iu	NDdjODZmZjExYTk0YmM4NjZhOGVlYTI2M2U0NDU5ZjYwYjA3MTRmZTp7Il9hdXRoX3VzZXJfaWQiOiIxIiwiX2F1dGhfdXNlcl9iYWNrZW5kIjoiZGphbmdvLmNvbnRyaWIuYXV0aC5iYWNrZW5kcy5Nb2RlbEJhY2tlbmQiLCJfYXV0aF91c2VyX2hhc2giOiJiYzE4OTM4MjAwOWYzNmE5Y2Q2YTY2MTc0MzYyMTEyYmY4MjFmNTY4In0=	2020-11-21 20:45:57.339309+03:30
87jrgh7myyiw0d3a6nxuu1b3xxg2smln	NTM3MmFmMDVjNGVjNDFiZjhkNjM0NzA1YTE2N2Y3MzA0NTNiZmI1ODp7Il9hdXRoX3VzZXJfaWQiOiI0IiwiX2F1dGhfdXNlcl9iYWNrZW5kIjoiZGphbmdvLmNvbnRyaWIuYXV0aC5iYWNrZW5kcy5Nb2RlbEJhY2tlbmQiLCJfYXV0aF91c2VyX2hhc2giOiI4OGVhZDEyZTRmZjg3M2QyZWVmMGI1ZGY1YzJlZGEyYmMzZTZmNmVhIiwicmVkaXJlY3RfcGFzc2VkIjpmYWxzZSwibWVzc2FnZSI6InsgXCJtZXNzYWdlXCIgOiBcIlwiIH0iLCJtZXNzYWdlX3Bhc3NlZCI6ZmFsc2UsInJlZGlyZWN0X2luZm8iOiJ7IFwicHJvZHVjdEtleXdvcmRcIiA6IFwiTm9uZVwiICxcInZhcml0aW9uc1wiIDogXCJOb25lXCIsIFwibWFpbkNhdFwiIDogXCJOb25lXCIsIFwibW90aGVyQ2F0XCIgOlwiTm9uZVwiLCBcImNhdGVnb3J5XCI6IFwiTm9uZVwiLCBcInByb2R1Y3RfdGl0bGVcIiA6IFwiTm9uZVwiLCBcInByb2R1Y3RfcHJpY2VcIiA6IFwiTm9uZVwiLCBcInByb2R1Y3RfcHJpY2UyXCIgOiBcIk5vbmVcIiwgXCJwcm9kdWN0X2Rlc2NyaXB0aW9uXCIgOiBcIk5vbmVcIiwgXCJwcm9kdWN0X21hZGVfaW5cIiA6IFwiTm9uZVwiLCBcInByb2R1Y3RfcGFja2luZ1wiIDogXCJOb25lXCIsIFwicHJvZHVjdF9kZWxpdmVyeVwiIDogXCJOb25lXCIsIFwicHJvZHVjdF9vcmlnaW5cIiA6IFwiTm9uZVwiLCBcInByb2R1Y3RfZGVsaXZlcnlcIiA6IFwiTm9uZVwiLCBcInByb2R1Y3Rfc2hpcHBpbmdcIiA6IFwiTm9uZVwiLCBcInByb2R1Y3RfcGF5bWVudF90eXBlXCIgOiBcIk5vbmVcIiAsIFwicHJvZHVjdF9taW5pbXVtX29yZGVyXCIgOiBcIk5vbmVcIiwgXCJwcm9kdWN0X3Nob3J0X2Rlc2NyaXB0aW9uXCIgOiBcIk5vbmVcIiwgXCJwcm9kdWN0X3NhbXBsZXNcIiA6IFwiTm9uZVwiLCBcInByb2R1Y3Rfa2V5d29yZFwiIDogXCJOb25lXCJ9In0=	2020-11-22 22:44:59.178255+03:30
\.


--
-- Data for Name: django_site; Type: TABLE DATA; Schema: public; Owner: jeremih
--

COPY public.django_site (id, domain, name) FROM stdin;
1	example.com	example.com
\.


--
-- Data for Name: hitcount_blacklist_ip; Type: TABLE DATA; Schema: public; Owner: jeremih
--

COPY public.hitcount_blacklist_ip (id, ip) FROM stdin;
\.


--
-- Data for Name: hitcount_blacklist_user_agent; Type: TABLE DATA; Schema: public; Owner: jeremih
--

COPY public.hitcount_blacklist_user_agent (id, user_agent) FROM stdin;
\.


--
-- Data for Name: hitcount_hit; Type: TABLE DATA; Schema: public; Owner: jeremih
--

COPY public.hitcount_hit (id, created, ip, session, user_agent, hitcount_id, user_id) FROM stdin;
1	2020-11-02 08:53:55.920685+03:30	46.245.127.97	i4zhtzod9e4rn2cy79mgjalfzpsuifs4	Mozilla/5.0 (X11; Linux x86_64) AppleWebKit/537.36 (KHTML, like Gecko) Chrome/86.0.4240.111 Safari/537.36	1	1
2	2020-11-02 09:36:13.009121+03:30	46.245.127.97	i4zhtzod9e4rn2cy79mgjalfzpsuifs4	Mozilla/5.0 (X11; Linux x86_64) AppleWebKit/537.36 (KHTML, like Gecko) Chrome/86.0.4240.111 Safari/537.36	2	1
3	2020-11-02 09:38:48.140215+03:30	86.57.87.182	pm4r4obbyjh6i26a5ke4fjo8bq4cbgt3	Mozilla/5.0 (Linux; Android 10; SM-A515F) AppleWebKit/537.36 (KHTML, like Gecko) Chrome/86.0.4240.110 Mobile Safari/537.36	3	\N
4	2020-11-02 09:39:14.537437+03:30	86.57.87.182	pm4r4obbyjh6i26a5ke4fjo8bq4cbgt3	Mozilla/5.0 (Linux; Android 10; SM-A515F) AppleWebKit/537.36 (KHTML, like Gecko) Chrome/86.0.4240.110 Mobile Safari/537.36	1	\N
5	2020-11-02 10:20:49.2623+03:30	198.12.93.202	i4zhtzod9e4rn2cy79mgjalfzpsuifs4	Mozilla/5.0 (X11; Linux x86_64) AppleWebKit/537.36 (KHTML, like Gecko) Chrome/86.0.4240.111 Safari/537.36	4	1
6	2020-11-02 10:39:59.283446+03:30	198.12.93.202	i4zhtzod9e4rn2cy79mgjalfzpsuifs4	Mozilla/5.0 (X11; Linux x86_64) AppleWebKit/537.36 (KHTML, like Gecko) Chrome/86.0.4240.111 Safari/537.36	5	1
7	2020-11-02 10:50:15.114577+03:30	198.12.93.202	i4zhtzod9e4rn2cy79mgjalfzpsuifs4	Mozilla/5.0 (X11; Linux x86_64) AppleWebKit/537.36 (KHTML, like Gecko) Chrome/86.0.4240.111 Safari/537.36	6	1
8	2020-11-02 11:26:32.382294+03:30	86.57.87.182	snpays5t28ya5xwhhbw6kf6dn0txd4gv	Mozilla/5.0 (Windows NT 10.0; Win64; x64) AppleWebKit/537.36 (KHTML, like Gecko) Chrome/86.0.4240.111 Safari/537.36	7	1
9	2020-11-02 11:33:02.862708+03:30	86.57.87.182	snpays5t28ya5xwhhbw6kf6dn0txd4gv	Mozilla/5.0 (Windows NT 10.0; Win64; x64) AppleWebKit/537.36 (KHTML, like Gecko) Chrome/86.0.4240.111 Safari/537.36	3	1
10	2020-11-02 11:44:36.728691+03:30	198.12.93.202	i4zhtzod9e4rn2cy79mgjalfzpsuifs4	Mozilla/5.0 (X11; Linux x86_64) AppleWebKit/537.36 (KHTML, like Gecko) Chrome/86.0.4240.111 Safari/537.36	8	1
11	2020-11-02 11:53:15.245716+03:30	198.12.93.202	i4zhtzod9e4rn2cy79mgjalfzpsuifs4	Mozilla/5.0 (X11; Linux x86_64) AppleWebKit/537.36 (KHTML, like Gecko) Chrome/86.0.4240.111 Safari/537.36	9	1
12	2020-11-02 12:11:10.052684+03:30	198.12.93.202	i4zhtzod9e4rn2cy79mgjalfzpsuifs4	Mozilla/5.0 (X11; Linux x86_64) AppleWebKit/537.36 (KHTML, like Gecko) Chrome/86.0.4240.111 Safari/537.36	10	1
14	2020-11-02 12:26:34.772444+03:30	86.57.87.182	snpays5t28ya5xwhhbw6kf6dn0txd4gv	Mozilla/5.0 (Windows NT 10.0; Win64; x64) AppleWebKit/537.36 (KHTML, like Gecko) Chrome/86.0.4240.111 Safari/537.36	12	1
15	2020-11-02 12:29:51.295176+03:30	198.12.93.202	i4zhtzod9e4rn2cy79mgjalfzpsuifs4	Mozilla/5.0 (X11; Linux x86_64) AppleWebKit/537.36 (KHTML, like Gecko) Chrome/86.0.4240.111 Safari/537.36	13	1
16	2020-11-02 12:44:00.534893+03:30	86.57.87.182	snpays5t28ya5xwhhbw6kf6dn0txd4gv	Mozilla/5.0 (Windows NT 10.0; Win64; x64) AppleWebKit/537.36 (KHTML, like Gecko) Chrome/86.0.4240.111 Safari/537.36	14	1
17	2020-11-02 17:53:17.10478+03:30	86.57.87.182	pm4r4obbyjh6i26a5ke4fjo8bq4cbgt3	Mozilla/5.0 (Linux; Android 10; SM-A515F) AppleWebKit/537.36 (KHTML, like Gecko) Chrome/86.0.4240.110 Mobile Safari/537.36	14	\N
18	2020-11-03 00:22:37.499472+03:30	80.210.231.153	pm4r4obbyjh6i26a5ke4fjo8bq4cbgt3	Mozilla/5.0 (Linux; Android 10; SM-A515F) AppleWebKit/537.36 (KHTML, like Gecko) Chrome/86.0.4240.110 Mobile Safari/537.36	4	\N
19	2020-11-03 00:23:46.4202+03:30	80.210.231.153	pm4r4obbyjh6i26a5ke4fjo8bq4cbgt3	Mozilla/5.0 (Linux; Android 10; SM-A515F) AppleWebKit/537.36 (KHTML, like Gecko) Chrome/86.0.4240.110 Mobile Safari/537.36	2	\N
20	2020-11-03 00:25:24.0683+03:30	80.210.231.153	pm4r4obbyjh6i26a5ke4fjo8bq4cbgt3	Mozilla/5.0 (Linux; Android 10; SM-A515F) AppleWebKit/537.36 (KHTML, like Gecko) Chrome/86.0.4240.110 Mobile Safari/537.36	7	\N
21	2020-11-03 08:40:06.826248+03:30	46.245.88.247	i4zhtzod9e4rn2cy79mgjalfzpsuifs4	Mozilla/5.0 (X11; Linux x86_64) AppleWebKit/537.36 (KHTML, like Gecko) Chrome/86.0.4240.111 Safari/537.36	15	1
22	2020-11-03 12:55:05.247976+03:30	23.95.187.195	d1mxlqlxzhfqv3e8pot52bu7xw69odbr	Mozilla/5.0 (X11; Linux x86_64) AppleWebKit/537.36 (KHTML, like Gecko) Chrome/86.0.4240.111 Safari/537.36	16	\N
23	2020-11-03 13:19:49.62825+03:30	23.95.187.195	vbazmtgxeqd13cximow22keg1typrob3	Mozilla/5.0 (X11; Linux x86_64) AppleWebKit/537.36 (KHTML, like Gecko) Chrome/86.0.4240.111 Safari/537.36	17	1
24	2020-11-03 15:21:14.458214+03:30	23.95.187.195	vbazmtgxeqd13cximow22keg1typrob3	Mozilla/5.0 (X11; Linux x86_64) AppleWebKit/537.36 (KHTML, like Gecko) Chrome/86.0.4240.111 Safari/537.36	18	1
25	2020-11-03 15:37:17.930508+03:30	23.95.187.195	vbazmtgxeqd13cximow22keg1typrob3	Mozilla/5.0 (X11; Linux x86_64) AppleWebKit/537.36 (KHTML, like Gecko) Chrome/86.0.4240.111 Safari/537.36	19	1
26	2020-11-03 16:10:00.705718+03:30	23.95.187.195	vbazmtgxeqd13cximow22keg1typrob3	Mozilla/5.0 (X11; Linux x86_64) AppleWebKit/537.36 (KHTML, like Gecko) Chrome/86.0.4240.111 Safari/537.36	20	1
27	2020-11-03 16:18:43.028432+03:30	46.166.142.219	snpays5t28ya5xwhhbw6kf6dn0txd4gv	Mozilla/5.0 (Windows NT 10.0; Win64; x64) AppleWebKit/537.36 (KHTML, like Gecko) Chrome/86.0.4240.111 Safari/537.36	21	1
28	2020-11-04 15:15:59.99953+03:30	107.175.213.103	3vxojg1saosdka1z5wy1sg4yth2yrmxd	Mozilla/5.0 (X11; Ubuntu; Linux x86_64; rv:82.0) Gecko/20100101 Firefox/82.0	22	1
29	2020-11-04 18:49:04.682488+03:30	107.175.213.103	3vxojg1saosdka1z5wy1sg4yth2yrmxd	Mozilla/5.0 (X11; Ubuntu; Linux x86_64; rv:82.0) Gecko/20100101 Firefox/82.0	23	1
30	2020-11-04 18:56:02.255146+03:30	80.210.231.153	snpays5t28ya5xwhhbw6kf6dn0txd4gv	Mozilla/5.0 (Windows NT 10.0; Win64; x64) AppleWebKit/537.36 (KHTML, like Gecko) Chrome/86.0.4240.183 Safari/537.36	24	1
31	2020-11-04 18:56:19.460924+03:30	80.210.231.153	snpays5t28ya5xwhhbw6kf6dn0txd4gv	Mozilla/5.0 (Windows NT 10.0; Win64; x64) AppleWebKit/537.36 (KHTML, like Gecko) Chrome/86.0.4240.183 Safari/537.36	25	1
32	2020-11-05 00:31:40.568194+03:30	80.210.231.153	snpays5t28ya5xwhhbw6kf6dn0txd4gv	Mozilla/5.0 (Windows NT 10.0; Win64; x64) AppleWebKit/537.36 (KHTML, like Gecko) Chrome/86.0.4240.183 Safari/537.36	16	1
33	2020-11-05 00:33:07.2788+03:30	80.210.231.153	snpays5t28ya5xwhhbw6kf6dn0txd4gv	Mozilla/5.0 (Windows NT 10.0; Win64; x64) AppleWebKit/537.36 (KHTML, like Gecko) Chrome/86.0.4240.183 Safari/537.36	26	1
34	2020-11-05 00:33:54.728911+03:30	80.210.231.153	snpays5t28ya5xwhhbw6kf6dn0txd4gv	Mozilla/5.0 (Windows NT 10.0; Win64; x64) AppleWebKit/537.36 (KHTML, like Gecko) Chrome/86.0.4240.183 Safari/537.36	27	1
35	2020-11-05 00:35:17.403084+03:30	80.210.231.153	snpays5t28ya5xwhhbw6kf6dn0txd4gv	Mozilla/5.0 (Windows NT 10.0; Win64; x64) AppleWebKit/537.36 (KHTML, like Gecko) Chrome/86.0.4240.183 Safari/537.36	28	1
36	2020-11-05 12:25:29.133866+03:30	86.57.99.179	w25tgo3qu7qm0zygtwrrut2v6ra901sv	Mozilla/5.0 (Windows NT 6.3; Win64; x64; rv:82.0) Gecko/20100101 Firefox/82.0	14	4
37	2020-11-05 13:30:56.906217+03:30	86.57.99.179	w25tgo3qu7qm0zygtwrrut2v6ra901sv	Mozilla/5.0 (Windows NT 6.3; Win64; x64; rv:82.0) Gecko/20100101 Firefox/82.0	29	4
38	2020-11-05 15:05:54.453829+03:30	86.57.99.179	w25tgo3qu7qm0zygtwrrut2v6ra901sv	Mozilla/5.0 (Windows NT 6.3; Win64; x64; rv:82.0) Gecko/20100101 Firefox/82.0	30	4
39	2020-11-05 15:16:19.330986+03:30	86.57.99.179	w25tgo3qu7qm0zygtwrrut2v6ra901sv	Mozilla/5.0 (Windows NT 6.3; Win64; x64; rv:82.0) Gecko/20100101 Firefox/82.0	31	4
40	2020-11-06 04:13:29.401868+03:30	46.245.93.17	87jrgh7myyiw0d3a6nxuu1b3xxg2smln	Mozilla/5.0 (Windows NT 10.0; WOW64) AppleWebKit/537.36 (KHTML, like Gecko) Chrome/86.0.4240.112 Safari/537.36	32	4
41	2020-11-06 04:37:31.186083+03:30	46.245.93.17	87jrgh7myyiw0d3a6nxuu1b3xxg2smln	Mozilla/5.0 (Windows NT 10.0; WOW64) AppleWebKit/537.36 (KHTML, like Gecko) Chrome/86.0.4240.112 Safari/537.36	33	4
42	2020-11-06 09:47:32.163378+03:30	46.245.93.106	zc6jetzs9tt9ihbm49g8yi09a38qna54	Mozilla/5.0 (Windows NT 10.0; Win64; x64) AppleWebKit/537.36 (KHTML, like Gecko) Chrome/86.0.4240.183 Safari/537.36	30	\N
43	2020-11-06 15:47:58.985938+03:30	18.207.120.96	rsk7fbifefcft5osmuxlaryydn13qbqp	ia_archiver	6	\N
44	2020-11-06 15:48:03.803573+03:30	18.207.120.96	rsk7fbifefcft5osmuxlaryydn13qbqp	ia_archiver	4	\N
45	2020-11-06 17:32:35.74853+03:30	86.57.68.215	w25tgo3qu7qm0zygtwrrut2v6ra901sv	Mozilla/5.0 (Windows NT 6.3; Win64; x64; rv:82.0) Gecko/20100101 Firefox/82.0	34	4
46	2020-11-07 03:21:10.916445+03:30	18.207.120.96	zj4wq33vm4wdtefou4df3j69ygntmoly	ia_archiver	14	\N
47	2020-11-07 15:53:10.944465+03:30	86.57.125.18	w25tgo3qu7qm0zygtwrrut2v6ra901sv	Mozilla/5.0 (Windows NT 6.3; Win64; x64; rv:82.0) Gecko/20100101 Firefox/82.0	35	4
48	2020-11-07 15:54:20.931838+03:30	86.57.125.18	w25tgo3qu7qm0zygtwrrut2v6ra901sv	Mozilla/5.0 (Windows NT 6.3; Win64; x64; rv:82.0) Gecko/20100101 Firefox/82.0	36	4
49	2020-11-07 16:03:14.869795+03:30	86.57.125.18	w25tgo3qu7qm0zygtwrrut2v6ra901sv	Mozilla/5.0 (Windows NT 6.3; Win64; x64; rv:82.0) Gecko/20100101 Firefox/82.0	37	4
50	2020-11-07 16:04:19.917039+03:30	86.57.125.18	w9dgx4t5m2b59zpatj3hk6r7f2iz8u26	Mozilla/5.0 (Windows NT 6.3; Win64; x64; rv:82.0) Gecko/20100101 Firefox/82.0	37	\N
51	2020-11-07 16:04:30.244279+03:30	89.38.97.116	r62j5ieqmw9lkgep0sgm0zugpp2mr3sh	Mozilla/5.0 (Windows NT 10.0; Win64; x64; rv:82.0) Gecko/20100101 Firefox/82.0	16	\N
52	2020-11-07 16:12:05.422219+03:30	89.38.97.116	0hq5wikl2c3gx7ruq0ktl09l2k8fj6et	Mozilla/5.0 (Windows NT 10.0; Win64; x64; rv:82.0) Gecko/20100101 Firefox/82.0	16	\N
53	2020-11-07 20:56:19.207567+03:30	78.129.251.63	d6jtd62ehh2axtw0zab45t7iyc2248iu	Mozilla/5.0 (Windows NT 10.0; Win64; x64) AppleWebKit/537.36 (KHTML, like Gecko) Chrome/86.0.4240.183 Safari/537.36	38	1
54	2020-11-07 20:56:21.918206+03:30	78.129.251.63	d6jtd62ehh2axtw0zab45t7iyc2248iu	Mozilla/5.0 (Windows NT 10.0; Win64; x64) AppleWebKit/537.36 (KHTML, like Gecko) Chrome/86.0.4240.183 Safari/537.36	39	1
\.


--
-- Data for Name: hitcount_hit_count; Type: TABLE DATA; Schema: public; Owner: jeremih
--

COPY public.hitcount_hit_count (id, hits, modified, object_pk, content_type_id) FROM stdin;
1	2	2020-11-02 09:39:14.534254+03:30	1	29
5	1	2020-11-02 10:39:59.28049+03:30	9	29
3	2	2020-11-02 11:33:02.859055+03:30	2	29
8	1	2020-11-02 11:44:36.725254+03:30	11	29
9	1	2020-11-02 11:53:15.242518+03:30	12	29
10	1	2020-11-02 12:11:10.050568+03:30	13	29
12	1	2020-11-02 12:26:34.769611+03:30	5	29
13	1	2020-11-02 12:29:51.292395+03:30	16	29
2	2	2020-11-03 00:23:46.416895+03:30	6	29
7	2	2020-11-03 00:25:24.066652+03:30	8	29
15	1	2020-11-03 08:40:06.823553+03:30	18	29
17	1	2020-11-03 13:19:49.625459+03:30	23	29
18	1	2020-11-03 15:21:14.455361+03:30	26	29
19	1	2020-11-03 15:37:17.927636+03:30	27	29
20	1	2020-11-03 16:10:00.704485+03:30	28	29
21	1	2020-11-03 16:18:43.025637+03:30	4	29
22	1	2020-11-04 15:15:59.996682+03:30	36	29
23	1	2020-11-04 18:49:04.679523+03:30	42	29
24	1	2020-11-04 18:56:02.252367+03:30	32	29
25	1	2020-11-04 18:56:19.459584+03:30	31	29
26	1	2020-11-05 00:33:07.27623+03:30	20	29
27	1	2020-11-05 00:33:54.726013+03:30	19	29
28	1	2020-11-05 00:35:17.401714+03:30	41	29
29	1	2020-11-05 13:30:56.905022+03:30	44	29
31	1	2020-11-05 15:16:19.329761+03:30	47	29
32	1	2020-11-06 04:13:29.398979+03:30	50	29
33	1	2020-11-06 04:37:31.184054+03:30	52	29
30	2	2020-11-06 09:47:32.160364+03:30	46	29
6	2	2020-11-06 15:47:58.984496+03:30	10	29
4	3	2020-11-06 15:48:03.800182+03:30	7	29
34	1	2020-11-06 17:32:35.745601+03:30	65	29
14	4	2020-11-07 03:21:10.915033+03:30	17	29
35	1	2020-11-07 15:53:10.941272+03:30	67	29
36	1	2020-11-07 15:54:20.928928+03:30	59	29
37	2	2020-11-07 16:04:19.915752+03:30	58	29
16	4	2020-11-07 16:12:05.417858+03:30	21	29
38	1	2020-11-07 20:56:19.20099+03:30	51	29
39	1	2020-11-07 20:56:21.915346+03:30	54	29
\.


--
-- Data for Name: merchandise_address; Type: TABLE DATA; Schema: public; Owner: jeremih
--

COPY public.merchandise_address (id, street_address, apartment_address, zip, address_type, "default", user_id) FROM stdin;
\.


--
-- Data for Name: merchandise_coupon; Type: TABLE DATA; Schema: public; Owner: jeremih
--

COPY public.merchandise_coupon (id, code, amount) FROM stdin;
\.


--
-- Data for Name: merchandise_miniorder; Type: TABLE DATA; Schema: public; Owner: jeremih
--

COPY public.merchandise_miniorder (id, email, name, phone_number, extra_discription, is_confirmed, product_id, user_id) FROM stdin;
\.


--
-- Data for Name: merchandise_order; Type: TABLE DATA; Schema: public; Owner: jeremih
--

COPY public.merchandise_order (id, ref_code, start_date, ordered_date, ordered, being_delivered, received, refund_requested, refund_granted, billing_address_id, coupon_id, payment_id, shipping_address_id, user_id) FROM stdin;
\.


--
-- Data for Name: merchandise_order_items; Type: TABLE DATA; Schema: public; Owner: jeremih
--

COPY public.merchandise_order_items (id, order_id, orderitem_id) FROM stdin;
\.


--
-- Data for Name: merchandise_order_producer; Type: TABLE DATA; Schema: public; Owner: jeremih
--

COPY public.merchandise_order_producer (id, order_id, producerprofile_id) FROM stdin;
\.


--
-- Data for Name: merchandise_orderitem; Type: TABLE DATA; Schema: public; Owner: jeremih
--

COPY public.merchandise_orderitem (id, ordered, quantity, item_id, user_id) FROM stdin;
\.


--
-- Data for Name: merchandise_payment; Type: TABLE DATA; Schema: public; Owner: jeremih
--

COPY public.merchandise_payment (id, stripe_charge_id, amount, "timestamp", user_id) FROM stdin;
\.


--
-- Data for Name: merchandise_refund; Type: TABLE DATA; Schema: public; Owner: jeremih
--

COPY public.merchandise_refund (id, reason, accepted, email, order_id) FROM stdin;
\.


--
-- Data for Name: pages_aboutus; Type: TABLE DATA; Schema: public; Owner: jeremih
--

COPY public.pages_aboutus (id, "timestamp", about_us_content, about_damir_content, buy_from_damir, sell_in_damir, terms_and_conditions, privacy_and_policy) FROM stdin;
\.


--
-- Data for Name: pages_document; Type: TABLE DATA; Schema: public; Owner: jeremih
--

COPY public.pages_document (id, name, document, uploaded_at) FROM stdin;
1	blobid1604404994128.jpg	documents/blobid1604404994128.jpg	2020-11-03 15:33:31.572556+03:30
2	blobid1604406935667.jpg	documents/blobid1604406935667.jpg	2020-11-03 16:05:53.172723+03:30
3	blobid1604481719865.jpg	documents/blobid1604481719865.jpg	2020-11-04 12:52:30.561784+03:30
4	blobid1604481764424.jpg	documents/blobid1604481764424.jpg	2020-11-04 12:53:11.018058+03:30
5	blobid1604481868911.jpg	documents/blobid1604481868911.jpg	2020-11-04 12:55:14.699463+03:30
6	blobid1604482136922.jpg	documents/blobid1604482136922.jpg	2020-11-04 12:59:22.439813+03:30
7	blobid1604482171523.jpg	documents/blobid1604482171523.jpg	2020-11-04 12:59:55.359246+03:30
8	blobid1604482206140.jpg	documents/blobid1604482206140.jpg	2020-11-04 13:00:31.22687+03:30
9	blobid1604482238234.jpg	documents/blobid1604482238234.jpg	2020-11-04 13:01:06.736444+03:30
10	blobid1604486513746.jpg	documents/blobid1604486513746.jpg	2020-11-04 14:12:28.448757+03:30
11	blobid1604486559065.jpg	documents/blobid1604486559065.jpg	2020-11-04 14:13:15.450665+03:30
12	blobid1604486594747.jpg	documents/blobid1604486594747.jpg	2020-11-04 14:13:43.146055+03:30
13	blobid1604486624070.jpg	documents/blobid1604486624070.jpg	2020-11-04 14:14:09.762417+03:30
14	blobid1604486662791.jpg	documents/blobid1604486662791.jpg	2020-11-04 14:14:46.900652+03:30
15	blobid1604486696829.jpg	documents/blobid1604486696829.jpg	2020-11-04 14:15:19.106859+03:30
16	blobid1604486720496.jpg	documents/blobid1604486720496.jpg	2020-11-04 14:15:45.549967+03:30
17	blobid1604486848933.jpg	documents/blobid1604486848933.jpg	2020-11-04 14:17:55.433867+03:30
18	blobid1604487198425.jpg	documents/blobid1604487198425.jpg	2020-11-04 14:23:49.373053+03:30
19	blobid1604487227685.jpg	documents/blobid1604487227685.jpg	2020-11-04 14:24:21.721498+03:30
20	blobid1604487271190.jpg	documents/blobid1604487271190.jpg	2020-11-04 14:24:57.398577+03:30
21	blobid1604487296782.jpg	documents/blobid1604487296782.jpg	2020-11-04 14:25:20.9979+03:30
22	blobid1604487319429.jpg	documents/blobid1604487319429.jpg	2020-11-04 14:25:44.925422+03:30
23	blobid1604487342494.jpg	documents/blobid1604487342494.jpg	2020-11-04 14:26:04.835364+03:30
24	blobid1604487839225.jpg	documents/blobid1604487839225.jpg	2020-11-04 14:34:25.408679+03:30
25	blobid1604487862561.jpg	documents/blobid1604487862561.jpg	2020-11-04 14:34:52.269556+03:30
26	blobid1604490095701.jpg	documents/blobid1604490095701.jpg	2020-11-04 15:11:46.609453+03:30
27	blobid1604490880803.jpg	documents/blobid1604490880803.jpg	2020-11-04 15:25:05.500724+03:30
28	blobid1604490903821.jpg	documents/blobid1604490903821.jpg	2020-11-04 15:25:31.050663+03:30
29	blobid1604492704876.jpg	documents/blobid1604492704876.jpg	2020-11-04 15:55:37.632471+03:30
30	blobid1604492732855.jpg	documents/blobid1604492732855.jpg	2020-11-04 15:56:03.280422+03:30
31	blobid1604496148461.jpg	documents/blobid1604496148461.jpg	2020-11-04 16:52:54.132317+03:30
32	blobid1604496169448.jpg	documents/blobid1604496169448.jpg	2020-11-04 16:53:17.264738+03:30
33	blobid1604496712351.jpg	documents/blobid1604496712351.jpg	2020-11-04 17:02:20.718101+03:30
34	blobid1604496745716.jpg	documents/blobid1604496745716.jpg	2020-11-04 17:02:54.593122+03:30
35	blobid1604496772255.jpg	documents/blobid1604496772255.jpg	2020-11-04 17:03:18.333986+03:30
36	blobid1604496801106.jpg	documents/blobid1604496801106.jpg	2020-11-04 17:03:48.841578+03:30
37	blobid1604496830237.jpg	documents/blobid1604496830237.jpg	2020-11-04 17:04:06.016601+03:30
38	blobid1604496864577.jpg	documents/blobid1604496864577.jpg	2020-11-04 17:04:48.190092+03:30
39	blobid1604496897445.jpg	documents/blobid1604496897445.jpg	2020-11-04 17:05:22.078545+03:30
40	blobid1604563442023.jpg	documents/blobid1604563442023.jpg	2020-11-05 11:34:31.6937+03:30
41	blobid1604563485791.jpg	documents/blobid1604563485791.jpg	2020-11-05 11:40:07.334862+03:30
42	blobid1604563816492.jpg	documents/blobid1604563816492.jpg	2020-11-05 11:40:44.612519+03:30
43	blobid1604569944109.jpg	documents/blobid1604569944109.jpg	2020-11-05 13:22:55.541916+03:30
44	blobid1604570036082.jpg	documents/blobid1604570036082.jpg	2020-11-05 13:24:24.260969+03:30
45	blobid1604570105923.jpg	documents/blobid1604570105923.jpg	2020-11-05 13:25:32.196551+03:30
46	blobid1604570133481.jpg	documents/blobid1604570133481.jpg	2020-11-05 13:26:00.773093+03:30
47	blobid1604570166351.jpg	documents/blobid1604570166351.jpg	2020-11-05 13:26:33.871021+03:30
48	blobid1604570198563.jpg	documents/blobid1604570198563.jpg	2020-11-05 13:27:05.143106+03:30
49	blobid1604570225705.jpg	documents/blobid1604570225705.jpg	2020-11-05 13:27:31.4988+03:30
50	blobid1604572287273.jpg	documents/blobid1604572287273.jpg	2020-11-05 14:01:58.952035+03:30
51	blobid1604572324865.jpg	documents/blobid1604572324865.jpg	2020-11-05 14:02:33.389804+03:30
52	blobid1604572349882.jpg	documents/blobid1604572349882.jpg	2020-11-05 14:02:57.708431+03:30
53	blobid1604573283880.jpg	documents/blobid1604573283880.jpg	2020-11-05 14:18:20.865908+03:30
54	blobid1604573738641.jpg	documents/blobid1604573738641.jpg	2020-11-05 14:26:12.504528+03:30
55	blobid1604573839577.jpg	documents/blobid1604573839577.jpg	2020-11-05 14:27:45.019862+03:30
56	blobid1604573915576.jpg	documents/blobid1604573915576.jpg	2020-11-05 14:29:06.476381+03:30
57	blobid1604573963807.jpg	documents/blobid1604573963807.jpg	2020-11-05 14:29:52.940338+03:30
58	blobid1604573991625.jpg	documents/blobid1604573991625.jpg	2020-11-05 14:30:21.272636+03:30
59	blobid1604574059623.jpg	documents/blobid1604574059623.jpg	2020-11-05 14:31:25.96765+03:30
60	blobid1604574101085.jpg	documents/blobid1604574101085.jpg	2020-11-05 14:32:10.54925+03:30
61	blobid1604574137278.jpg	documents/blobid1604574137278.jpg	2020-11-05 14:32:46.62336+03:30
62	blobid1604574163663.jpg	documents/blobid1604574163663.jpg	2020-11-05 14:33:01.758299+03:30
63	blobid1604574178513.jpg	documents/blobid1604574178513.jpg	2020-11-05 14:33:16.951546+03:30
64	blobid1604574220157.jpg	documents/blobid1604574220157.jpg	2020-11-05 14:34:14.491049+03:30
65	blobid1604574255946.jpg	documents/blobid1604574255946.jpg	2020-11-05 14:34:53.704321+03:30
66	blobid1604574290504.jpg	documents/blobid1604574290504.jpg	2020-11-05 14:35:14.751579+03:30
67	blobid1604574309144.jpg	documents/blobid1604574309144.jpg	2020-11-05 14:35:35.691094+03:30
68	blobid1604574335195.jpg	documents/blobid1604574335195.jpg	2020-11-05 14:36:05.314989+03:30
69	blobid1604574402577.jpg	documents/blobid1604574402577.jpg	2020-11-05 14:37:06.836016+03:30
70	blobid1604574445031.jpg	documents/blobid1604574445031.jpg	2020-11-05 14:37:50.733639+03:30
71	blobid1604574472465.jpg	documents/blobid1604574472465.jpg	2020-11-05 14:38:24.413303+03:30
72	blobid1604575199345.jpg	documents/blobid1604575199345.jpg	2020-11-05 14:50:34.281313+03:30
73	blobid1604575239456.jpg	documents/blobid1604575239456.jpg	2020-11-05 14:51:07.877992+03:30
74	blobid1604575395343.jpg	documents/blobid1604575395343.jpg	2020-11-05 14:53:43.997225+03:30
75	blobid1604575460790.jpg	documents/blobid1604575460790.jpg	2020-11-05 14:54:49.530771+03:30
76	blobid1604575492334.jpg	documents/blobid1604575492334.jpg	2020-11-05 14:55:09.388348+03:30
77	blobid1604575841274.jpg	documents/blobid1604575841274.jpg	2020-11-05 15:01:11.795664+03:30
78	blobid1604575864585.jpg	documents/blobid1604575864585.jpg	2020-11-05 15:01:33.709465+03:30
79	blobid1604575898368.jpg	documents/blobid1604575898368.jpg	2020-11-05 15:02:09.186589+03:30
80	blobid1604575940086.jpg	documents/blobid1604575940086.jpg	2020-11-05 15:02:55.071565+03:30
81	blobid1604576499209.jpg	documents/blobid1604576499209.jpg	2020-11-05 15:12:03.388506+03:30
82	blobid1604576521304.jpg	documents/blobid1604576521304.jpg	2020-11-05 15:12:30.486287+03:30
83	blobid1604577373928.jpg	documents/blobid1604577373928.jpg	2020-11-05 15:27:08.479685+03:30
84	blobid1604577429439.jpg	documents/blobid1604577429439.jpg	2020-11-05 15:27:41.643025+03:30
85	blobid1604577467359.jpg	documents/blobid1604577467359.jpg	2020-11-05 15:28:17.844504+03:30
86	blobid1604577502815.jpg	documents/blobid1604577502815.jpg	2020-11-05 15:28:53.329395+03:30
87	blobid1604578142711.jpg	documents/blobid1604578142711.jpg	2020-11-05 15:39:54.485936+03:30
88	blobid1604578202950.jpg	documents/blobid1604578202950.jpg	2020-11-05 15:40:29.196741+03:30
89	blobid1604578230182.jpg	documents/blobid1604578230182.jpg	2020-11-05 15:40:53.397566+03:30
90	blobid1604578279014.jpg	documents/blobid1604578279014.jpg	2020-11-05 15:41:53.833931+03:30
91	blobid1604578309756.jpg	documents/blobid1604578309756.jpg	2020-11-05 15:42:12.600014+03:30
92	blobid1604622159762.jpg	documents/blobid1604622159762.jpg	2020-11-06 04:03:36.50894+03:30
93	blobid1604622222819.jpg	documents/blobid1604622222819.jpg	2020-11-06 04:04:50.318128+03:30
94	blobid1604622288553.jpg	documents/blobid1604622288553.jpg	2020-11-06 04:05:48.663677+03:30
95	blobid1604622345625.jpg	documents/blobid1604622345625.jpg	2020-11-06 04:06:48.463606+03:30
96	blobid1604622412810.jpg	documents/blobid1604622412810.jpg	2020-11-06 04:07:59.150184+03:30
97	blobid1604622476598.jpg	documents/blobid1604622476598.jpg	2020-11-06 04:08:56.043284+03:30
98	blobid1604622529215.jpg	documents/blobid1604622529215.jpg	2020-11-06 04:09:48.079652+03:30
99	blobid1604622564450.jpg	documents/blobid1604622564450.jpg	2020-11-06 04:10:21.244329+03:30
100	blobid1604623680203.jpg	documents/blobid1604623680203.jpg	2020-11-06 04:29:04.448418+03:30
101	blobid1604623734584.jpg	documents/blobid1604623734584.jpg	2020-11-06 04:29:51.409699+03:30
102	blobid1604623775543.jpg	documents/blobid1604623775543.jpg	2020-11-06 04:30:34.604325+03:30
103	blobid1604623822778.jpg	documents/blobid1604623822778.jpg	2020-11-06 04:31:21.60169+03:30
104	blobid1604623864247.jpg	documents/blobid1604623864247.jpg	2020-11-06 04:32:10.829976+03:30
105	blobid1604623907454.jpg	documents/blobid1604623907454.jpg	2020-11-06 04:32:41.361681+03:30
106	blobid1604624634892.jpg	documents/blobid1604624634892.jpg	2020-11-06 04:44:45.364424+03:30
107	blobid1604624682912.jpg	documents/blobid1604624682912.jpg	2020-11-06 04:45:43.429226+03:30
108	blobid1604624761835.jpg	documents/blobid1604624761835.jpg	2020-11-06 04:47:07.173088+03:30
109	blobid1604626317951.jpg	documents/blobid1604626317951.jpg	2020-11-06 05:13:05.187713+03:30
110	blobid1604626377482.jpg	documents/blobid1604626377482.jpg	2020-11-06 05:13:52.701455+03:30
111	blobid1604626417269.jpg	documents/blobid1604626417269.jpg	2020-11-06 05:14:34.250545+03:30
112	blobid1604626450568.jpg	documents/blobid1604626450568.jpg	2020-11-06 05:15:11.938163+03:30
113	blobid1604626505471.jpg	documents/blobid1604626505471.jpg	2020-11-06 05:16:02.909029+03:30
114	blobid1604653073863.jpg	documents/blobid1604653073863.jpg	2020-11-06 12:29:40.320072+03:30
115	blobid1604653176751.jpg	documents/blobid1604653176751.jpg	2020-11-06 12:30:19.742921+03:30
116	blobid1604653211351.jpg	documents/blobid1604653211351.jpg	2020-11-06 12:30:53.330514+03:30
117	blobid1604653577851.jpg	documents/blobid1604653577851.jpg	2020-11-06 12:36:57.53565+03:30
118	blobid1604653614107.jpg	documents/blobid1604653614107.jpg	2020-11-06 12:37:26.905647+03:30
119	blobid1604653667154.jpg	documents/blobid1604653667154.jpg	2020-11-06 12:38:29.962928+03:30
120	blobid1604653716865.jpg	documents/blobid1604653716865.jpg	2020-11-06 12:39:11.939461+03:30
121	blobid1604653747481.jpg	documents/blobid1604653747481.jpg	2020-11-06 12:39:53.331653+03:30
122	blobid1604654270322.jpg	documents/blobid1604654270322.jpg	2020-11-06 12:48:26.982756+03:30
123	blobid1604654428061.jpg	documents/blobid1604654428061.jpg	2020-11-06 12:51:10.90837+03:30
124	blobid1604654466919.jpg	documents/blobid1604654466919.jpg	2020-11-06 12:51:38.15035+03:30
125	blobid1604655165607.jpg	documents/blobid1604655165607.jpg	2020-11-06 13:03:24.150196+03:30
126	blobid1604655195294.jpg	documents/blobid1604655195294.jpg	2020-11-06 13:03:49.376819+03:30
127	blobid1604655219990.jpg	documents/blobid1604655219990.jpg	2020-11-06 13:04:18.668556+03:30
128	blobid1604655560363.jpg	documents/blobid1604655560363.jpg	2020-11-06 13:09:53.435557+03:30
129	blobid1604655599487.jpg	documents/blobid1604655599487.jpg	2020-11-06 13:10:33.479073+03:30
130	blobid1604655636915.jpg	documents/blobid1604655636915.jpg	2020-11-06 13:11:09.530629+03:30
131	blobid1604655681698.jpg	documents/blobid1604655681698.jpg	2020-11-06 13:11:51.1953+03:30
132	blobid1604655780676.jpg	documents/blobid1604655780676.jpg	2020-11-06 13:13:28.565195+03:30
133	blobid1604656351186.jpg	documents/blobid1604656351186.jpg	2020-11-06 13:23:16.939757+03:30
134	blobid1604656391961.jpg	documents/blobid1604656391961.jpg	2020-11-06 13:23:42.7066+03:30
135	blobid1604656416912.jpg	documents/blobid1604656416912.jpg	2020-11-06 13:24:04.127771+03:30
136	blobid1604656438441.jpg	documents/blobid1604656438441.jpg	2020-11-06 13:24:24.485289+03:30
137	blobid1604656463936.jpg	documents/blobid1604656463936.jpg	2020-11-06 13:24:50.020342+03:30
138	blobid1604656500145.jpg	documents/blobid1604656500145.jpg	2020-11-06 13:25:26.544582+03:30
139	blobid1604656526870.jpg	documents/blobid1604656526870.jpg	2020-11-06 13:26:03.274694+03:30
140	blobid1604656982300.jpg	documents/blobid1604656982300.jpg	2020-11-06 13:33:30.164052+03:30
141	blobid1604657215640.jpg	documents/blobid1604657215640.jpg	2020-11-06 13:37:26.646512+03:30
142	blobid1604657251520.jpg	documents/blobid1604657251520.jpg	2020-11-06 13:37:57.999499+03:30
143	blobid1604657271109.jpg	documents/blobid1604657271109.jpg	2020-11-06 13:38:17.149089+03:30
144	blobid1604657346815.jpg	documents/blobid1604657346815.jpg	2020-11-06 13:39:33.426697+03:30
145	blobid1604657368012.jpg	documents/blobid1604657368012.jpg	2020-11-06 13:39:56.695502+03:30
146	blobid1604657952049.jpg	documents/blobid1604657952049.jpg	2020-11-06 13:49:49.053595+03:30
147	blobid1604658012464.jpg	documents/blobid1604658012464.jpg	2020-11-06 13:50:44.646545+03:30
148	blobid1604661885020.jpg	documents/blobid1604661885020.jpg	2020-11-06 14:55:16.493912+03:30
149	blobid1604661941951.jpg	documents/blobid1604661941951.jpg	2020-11-06 14:56:18.895621+03:30
150	blobid1604661964928.jpg	documents/blobid1604661964928.jpg	2020-11-06 14:56:40.045835+03:30
151	blobid1604662435992.jpg	documents/blobid1604662435992.jpg	2020-11-06 15:04:24.001819+03:30
152	blobid1604662642061.jpg	documents/blobid1604662642061.jpg	2020-11-06 15:07:58.542083+03:30
153	blobid1604662673211.jpg	documents/blobid1604662673211.jpg	2020-11-06 15:08:24.505529+03:30
154	blobid1604662893755.jpg	documents/blobid1604662893755.jpg	2020-11-06 15:12:38.630675+03:30
155	blobid1604662956134.jpg	documents/blobid1604662956134.jpg	2020-11-06 15:14:51.760894+03:30
156	blobid1604663469972.jpg	documents/blobid1604663469972.jpg	2020-11-06 15:21:51.487945+03:30
157	blobid1604663508691.jpg	documents/blobid1604663508691.jpg	2020-11-06 15:22:17.898253+03:30
158	blobid1604663538475.jpg	documents/blobid1604663538475.jpg	2020-11-06 15:23:11.381066+03:30
159	blobid1604669734244.jpg	documents/blobid1604669734244.jpg	2020-11-06 17:05:55.437031+03:30
160	blobid1604669751939.jpg	documents/blobid1604669751939.jpg	2020-11-06 17:06:14.022082+03:30
161	blobid1604669820077.jpg	documents/blobid1604669820077.jpg	2020-11-06 17:07:30.7666+03:30
162	blobid1604669849424.jpg	documents/blobid1604669849424.jpg	2020-11-06 17:08:04.101621+03:30
163	blobid1604669881519.jpg	documents/blobid1604669881519.jpg	2020-11-06 17:08:36.330588+03:30
164	blobid1604669905209.jpg	documents/blobid1604669905209.jpg	2020-11-06 17:09:00.306379+03:30
165	blobid1604669930926.jpg	documents/blobid1604669930926.jpg	2020-11-06 17:09:31.196912+03:30
166	blobid1604670158840.jpg	documents/blobid1604670158840.jpg	2020-11-06 17:13:12.101498+03:30
167	blobid1604670193393.jpg	documents/blobid1604670193393.jpg	2020-11-06 17:14:09.90605+03:30
168	blobid1604670243031.jpg	documents/blobid1604670243031.jpg	2020-11-06 17:14:30.888363+03:30
169	blobid1604670263901.jpg	documents/blobid1604670263901.jpg	2020-11-06 17:14:53.856786+03:30
170	blobid1604670290319.jpg	documents/blobid1604670290319.jpg	2020-11-06 17:15:21.136043+03:30
171	blobid1604670312285.jpg	documents/blobid1604670312285.jpg	2020-11-06 17:15:45.201208+03:30
172	blobid1604670335399.jpg	documents/blobid1604670335399.jpg	2020-11-06 17:16:13.491434+03:30
173	blobid1604671615105.jpg	documents/blobid1604671615105.jpg	2020-11-06 17:37:32.403945+03:30
174	blobid1604671664737.jpg	documents/blobid1604671664737.jpg	2020-11-06 17:38:16.541028+03:30
175	blobid1604671696655.jpg	documents/blobid1604671696655.jpg	2020-11-06 17:38:47.002999+03:30
176	blobid1604671720021.jpg	documents/blobid1604671720021.jpg	2020-11-06 17:39:10.377453+03:30
177	blobid1604671776720.jpg	documents/blobid1604671776720.jpg	2020-11-06 17:40:24.29918+03:30
178	blobid1604672334069.jpg	documents/blobid1604672334069.jpg	2020-11-06 17:49:31.322338+03:30
179	blobid1604672375463.jpg	documents/blobid1604672375463.jpg	2020-11-06 17:50:18.494266+03:30
180	blobid1604672419153.jpg	documents/blobid1604672419153.jpg	2020-11-06 17:50:42.775568+03:30
181	blobid1604672463567.jpg	documents/blobid1604672463567.jpg	2020-11-06 17:51:44.238592+03:30
182	blobid1604672496256.jpg	documents/blobid1604672496256.jpg	2020-11-06 17:52:07.959879+03:30
183	blobid1604672517483.jpg	documents/blobid1604672517483.jpg	2020-11-06 17:52:41.586677+03:30
184	blobid1604684986875.jpg	documents/blobid1604684986875.jpg	2020-11-06 21:30:52.816301+03:30
185	blobid1604685500197.jpg	documents/blobid1604685500197.jpg	2020-11-06 21:39:24.209813+03:30
186	blobid1604685544285.jpg	documents/blobid1604685544285.jpg	2020-11-06 21:40:02.587857+03:30
187	blobid1604685581929.jpg	documents/blobid1604685581929.jpg	2020-11-06 21:40:44.277365+03:30
188	blobid1604685682076.jpg	documents/blobid1604685682076.jpg	2020-11-06 21:42:21.734926+03:30
189	blobid1604685776530.jpg	documents/blobid1604685776530.jpg	2020-11-06 21:43:48.645512+03:30
190	blobid1604685818006.jpg	documents/blobid1604685818006.jpg	2020-11-06 21:44:54.594424+03:30
191	blobid1604685881673.jpg	documents/blobid1604685881673.jpg	2020-11-06 21:45:33.643882+03:30
192	blobid1604685952530.jpg	documents/blobid1604685952530.jpg	2020-11-06 21:47:01.442174+03:30
193	blobid1604685990590.jpg	documents/blobid1604685990590.jpg	2020-11-06 21:47:40.445587+03:30
194	blobid1604686054084.jpg	documents/blobid1604686054084.jpg	2020-11-06 21:48:50.93226+03:30
195	blobid1604731869649.jpg	documents/blobid1604731869649.jpg	2020-11-07 10:24:47.172474+03:30
196	blobid1604732271837.jpg	documents/blobid1604732271837.jpg	2020-11-07 10:28:36.33426+03:30
197	blobid1604733219474.jpg	documents/blobid1604733219474.jpg	2020-11-07 10:44:18.961851+03:30
198	blobid1604733254256.jpg	documents/blobid1604733254256.jpg	2020-11-07 10:44:57.002563+03:30
199	blobid1604733325167.jpg	documents/blobid1604733325167.jpg	2020-11-07 10:46:05.876654+03:30
200	blobid1604733658112.jpg	documents/blobid1604733658112.jpg	2020-11-07 10:51:31.894454+03:30
201	blobid1604734139550.jpg	documents/blobid1604734139550.jpg	2020-11-07 10:59:41.377924+03:30
202	blobid1604734171422.jpg	documents/blobid1604734171422.jpg	2020-11-07 11:00:08.102319+03:30
\.


--
-- Data for Name: pages_indexslider; Type: TABLE DATA; Schema: public; Owner: jeremih
--

COPY public.pages_indexslider (id, title, slider_image, url) FROM stdin;
\.


--
-- Data for Name: pages_newstelleremails; Type: TABLE DATA; Schema: public; Owner: jeremih
--

COPY public.pages_newstelleremails (id, email, user_id) FROM stdin;
\.


--
-- Data for Name: products_label; Type: TABLE DATA; Schema: public; Owner: jeremih
--

COPY public.products_label (id, title, slug) FROM stdin;
1		
\.


--
-- Data for Name: products_metadetail; Type: TABLE DATA; Schema: public; Owner: jeremih
--

COPY public.products_metadetail (id, count, fake_content, product_id, user_id) FROM stdin;
1	0		1	1
2	0		2	1
3	0		3	1
4	0		4	1
5	0		5	1
6	0		6	1
7	0		7	1
8	0		8	1
9	0		9	1
10	0		10	1
11	0		11	1
12	0		12	1
13	0		13	1
14	0		14	1
16	0		16	1
17	0		17	1
18	0		18	1
19	0		19	1
20	0		20	1
21	0		21	1
22	0		22	1
23	0		23	1
24	0		24	1
25	0		25	1
26	0		26	1
27	0		27	1
28	0		28	1
29	0		29	1
30	0		30	1
31	0		31	1
32	0		32	1
33	0		36	1
34	0		40	4
35	0		41	4
36	0		42	4
37	0		43	4
38	0		44	4
39	0		45	4
40	0		46	4
41	0		47	4
42	0		48	4
43	0		49	4
44	0		50	4
45	0		51	4
46	0		52	4
47	0		53	4
48	0		54	4
49	0		55	4
50	0		56	4
51	0		57	4
52	0		58	4
53	0		59	4
54	0		60	4
55	0		61	4
56	0		62	4
57	0		63	4
58	0		64	4
59	0		65	4
60	0		66	4
61	0		67	4
62	0		68	4
63	0		69	4
64	0		70	4
65	0		71	4
66	0		72	1
67	0		73	1
68	0		74	1
69	0		75	1
70	0		76	1
\.


--
-- Data for Name: products_product; Type: TABLE DATA; Schema: public; Owner: jeremih
--

COPY public.products_product (id, meta_keywords, meta_description, meta_author, meta_copyright, title, price, second_price, discount_price, product_image, image_alt, slug, stock, description, minimum_order, payment_type, packing, shipping, origin, made_in, delivery, samples, remarks, date_addded, orderd_times, short_discription, is_confirmed, producer_id) FROM stdin;
2	\N	\N	\N	\N	    	\N	\N	\N	---.jpg	\N	----	1	<p dir="rtl">      CPL       (     (Compact palletiser)    )</p>\r\n\r\n<p dir="rtl">                       .</p>\r\n\r\n<p dir="rtl">  CPL                       .</p>\r\n\r\n<p dir="rtl">                          .</p>\r\n\r\n<p dir="rtl">      CPL    400  2400    (    )  .</p>\r\n\r\n<p dir="rtl">              (          ).</p>\r\n\r\n<p dir="rtl">                      .</p>\r\n\r\n<p dir="rtl"> CPL         .</p>\r\n\r\n<p dir="rtl">          .         .</p>\r\n\r\n<p dir="rtl"><img alt="    " src="/images/uploads/2020/11/02/-.jpg" style="height:419px; width:609px" /><img alt="   " src="/images/uploads/2020/11/02/-_SHSHuoV.jpg" style="height:449px; width:449px" /><img alt="      " src="/images/uploads/2020/11/02/-_yTlEErw.jpg" style="height:449px; width:675px" /></p>\r\n\r\n<h5 dir="rtl"></h5>\r\n\r\n<ul dir="rtl">\r\n\t<li>          </li>\r\n\t<li>            </li>\r\n\t<li>        70  </li>\r\n\t<li>       </li>\r\n\t<li>           </li>\r\n\t<li>      5  50       </li>\r\n\t<li>   </li>\r\n\t<li>        </li>\r\n</ul>\r\n\r\n<h5 dir="rtl"> </h5>\r\n\r\n<ul>\r\n\t<li dir="rtl" style="text-align:right">         </li>\r\n\t<li dir="rtl" style="text-align:right">        </li>\r\n\t<li dir="rtl" style="text-align:right"> </li>\r\n\t<li dir="rtl" style="text-align:right"> </li>\r\n\t<li dir="rtl" style="text-align:right">     </li>\r\n</ul>	 	\N	\N	\N	\N		\N	\N		2020-11-02 09:09:09.640464+03:30	1	      CPL       (     (Compact palletiser)    )\r\n\r\n                       .	t	1
1	    	\N	\N	\N	    	\N	\N	\N	----.jpg	     	---	1	<p dir="rtl"><strong> </strong><br />\r\n<br />\r\n  :     <br />\r\n :      <br />\r\n: <br />\r\n  : 0.8 <br />\r\n  : 0.5 <br />\r\n:   &nbsp; CE<br />\r\n: 1 <br />\r\n       :  <br />\r\n : 2000X1200X1000MM<br />\r\n : 1T2T3T5T<br />\r\nN.W: 288KG 158KG<br />\r\n:   <br />\r\n :   <br />\r\n:  <br />\r\n :       </p>\r\n\r\n<p dir="rtl"><strong>     :</strong><br />\r\n1.     <br />\r\n2.         <br />\r\n3.                </p>\r\n\r\n<table border="1" cellspacing="0">\r\n\t<tbody>\r\n\t\t<tr>\r\n\t\t\t<td dir="rtl" style="vertical-align:top">  </td>\r\n\t\t\t<td dir="rtl" style="vertical-align:top"></td>\r\n\t\t</tr>\r\n\t\t<tr>\r\n\t\t\t<td dir="rtl" style="vertical-align:top"></td>\r\n\t\t\t<td dir="rtl" style="vertical-align:top"> </td>\r\n\t\t</tr>\r\n\t\t<tr>\r\n\t\t\t<td dir="rtl" style="vertical-align:top"></td>\r\n\t\t\t<td dir="rtl" style="vertical-align:top">Livmay</td>\r\n\t\t</tr>\r\n\t\t<tr>\r\n\t\t\t<td dir="rtl" style="vertical-align:top"> </td>\r\n\t\t\t<td dir="rtl" style="vertical-align:top"></td>\r\n\t\t</tr>\r\n\t\t<tr>\r\n\t\t\t<td dir="rtl" style="vertical-align:top"></td>\r\n\t\t\t<td dir="rtl" style="vertical-align:top">LC-DZ006</td>\r\n\t\t</tr>\r\n\t\t<tr>\r\n\t\t\t<td dir="rtl" style="vertical-align:top"></td>\r\n\t\t\t<td style="vertical-align:top">\r\n\t\t\t<p dir="rtl">  </p>\r\n\r\n\t\t\t<p dir="rtl">      </p>\r\n\t\t\t</td>\r\n\t\t</tr>\r\n\t\t<tr>\r\n\t\t\t<td dir="rtl" style="vertical-align:top"></td>\r\n\t\t\t<td dir="rtl" style="vertical-align:top"></td>\r\n\t\t</tr>\r\n\t\t<tr>\r\n\t\t\t<td dir="rtl" style="vertical-align:top"> </td>\r\n\t\t\t<td dir="rtl" style="vertical-align:top">1T2T3T5T</td>\r\n\t\t</tr>\r\n\t\t<tr>\r\n\t\t\t<td dir="rtl" style="vertical-align:top"> </td>\r\n\t\t\t<td dir="rtl" style="vertical-align:top">158KG~288KG</td>\r\n\t\t</tr>\r\n\t\t<tr>\r\n\t\t\t<td dir="rtl" style="vertical-align:top"> &nbsp;&nbsp; (  )</td>\r\n\t\t\t<td dir="rtl" style="vertical-align:top">0.5~8M</td>\r\n\t\t</tr>\r\n\t\t<tr>\r\n\t\t\t<td dir="rtl" style="vertical-align:top"> </td>\r\n\t\t\t<td dir="rtl" style="vertical-align:top">    </td>\r\n\t\t</tr>\r\n\t\t<tr>\r\n\t\t\t<td dir="rtl" style="vertical-align:top"></td>\r\n\t\t\t<td dir="rtl" style="vertical-align:top">235Q </td>\r\n\t\t</tr>\r\n\t\t<tr>\r\n\t\t\t<td dir="rtl" style="vertical-align:top"></td>\r\n\t\t\t<td dir="rtl" style="vertical-align:top"> </td>\r\n\t\t</tr>\r\n\t\t<tr>\r\n\t\t\t<td dir="rtl" style="vertical-align:top"> </td>\r\n\t\t\t<td dir="rtl" style="vertical-align:top"> </td>\r\n\t\t</tr>\r\n\t\t<tr>\r\n\t\t\t<td dir="rtl" style="vertical-align:top"></td>\r\n\t\t\t<td dir="rtl" style="vertical-align:top">Livmay  </td>\r\n\t\t</tr>\r\n\t\t<tr>\r\n\t\t\t<td dir="rtl" style="vertical-align:top"></td>\r\n\t\t\t<td dir="rtl" style="vertical-align:top"></td>\r\n\t\t</tr>\r\n\t\t<tr>\r\n\t\t\t<td dir="rtl" style="vertical-align:top"></td>\r\n\t\t\t<td dir="rtl" style="vertical-align:top"> </td>\r\n\t\t</tr>\r\n\t</tbody>\r\n</table>	 	\N	\N	\N	\N		\N			2020-11-02 08:53:42.576768+03:30	1	    :                         CE	t	1
3	  	\N	\N	\N	  	\N	\N	\N	-.jpg	\N	--	1	<p dir="rtl">          (                ) </p>\r\n\r\n<p dir="rtl">                   .</p>\r\n\r\n<p dir="rtl">            .</p>\r\n\r\n<p dir="rtl">      (    )   .</p>\r\n\r\n<p dir="rtl">&nbsp;</p>\r\n\r\n<p dir="rtl"><img alt="  " src="/images/uploads/2020/11/02/-600x299.jpg" style="height:299px; width:600px" /></p>\r\n\r\n<p dir="rtl"><img alt="    " src="/images/uploads/2020/11/02/-600x436.jpg" style="height:436px; width:600px" /></p>	 	\N	\N	\N	\N	\N	\N	\N		2020-11-02 09:14:09.740281+03:30	1	          (                ) \r\n\r\n                   .\r\n\r\n            .\r\n\r\n      (    )   .	t	1
4	     	\N	\N	\N	   	\N	\N	\N	111-768x511.jpg	\N	---	1	<p dir="rtl">   RPL          .</p>\r\n\r\n<p dir="rtl">                     </p>\r\n\r\n<p dir="rtl">               .</p>\r\n\r\n<p dir="rtl">                        .</p>\r\n\r\n<p dir="rtl">      1800             .</p>\r\n\r\n<p dir="rtl">                          .</p>\r\n\r\n<p dir="rtl">                  .</p>\r\n\r\n<p dir="rtl">                    .</p>\r\n\r\n<p dir="rtl">          .</p>\r\n\r\n<p dir="rtl">    PLC       ( user friendly )   .</p>\r\n\r\n<p dir="rtl"> RPL       &zwnj;                 .</p>\r\n\r\n<p dir="rtl">&nbsp;</p>\r\n\r\n<h6 dir="rtl" style="text-align:justify"><strong></strong></h6>\r\n\r\n<ul dir="rtl">\r\n\t<li style="text-align: justify;">   </li>\r\n\t<li style="text-align: justify;">   </li>\r\n\t<li style="text-align: justify;">   </li>\r\n\t<li style="text-align: justify;">   </li>\r\n\t<li style="text-align: justify;">   </li>\r\n\t<li style="text-align: justify;">      </li>\r\n\t<li style="text-align: justify;">     </li>\r\n\t<li style="text-align: justify;">       </li>\r\n\t<li style="text-align: justify;">        </li>\r\n\t<li style="text-align: justify;">       </li>\r\n\t<li style="text-align: justify;">   </li>\r\n\t<li style="text-align: justify;">       </li>\r\n</ul>\r\n\r\n<h6 dir="rtl" style="text-align:justify"> </h6>\r\n\r\n<ul>\r\n\t<li dir="rtl" style="text-align: justify;">         </li>\r\n\t<li dir="rtl" style="text-align: justify;">            </li>\r\n</ul>\r\n\r\n<p>&nbsp;</p>\r\n\r\n<h5 dir="rtl"><strong><span style="font-size:12px">     :</span></strong></h5>\r\n\r\n<p dir="rtl"><strong> </strong></p>\r\n\r\n<ul dir="rtl">\r\n\t<li>    </li>\r\n\t<li></li>\r\n\t<li>  </li>\r\n\t<li> </li>\r\n\t<li>  </li>\r\n\t<li>  </li>\r\n</ul>\r\n\r\n<p dir="rtl"><strong></strong></p>\r\n\r\n<ul dir="rtl">\r\n\t<li> </li>\r\n\t<li>   </li>\r\n\t<li>  </li>\r\n\t<li> </li>\r\n\t<li> </li>\r\n\t<li>   </li>\r\n</ul>\r\n\r\n<p dir="rtl"><strong></strong></p>\r\n\r\n<ul dir="rtl">\r\n\t<li></li>\r\n\t<li></li>\r\n\t<li> </li>\r\n\t<li> </li>\r\n\t<li></li>\r\n\t<li></li>\r\n\t<li> </li>\r\n\t<li></li>\r\n</ul>\r\n\r\n<p dir="rtl"><strong></strong></p>\r\n\r\n<ul dir="rtl">\r\n\t<li>  </li>\r\n\t<li>  </li>\r\n\t<li> </li>\r\n\t<li>  </li>\r\n</ul>\r\n\r\n<p dir="rtl"><strong> </strong></p>\r\n\r\n<ul dir="rtl">\r\n\t<li></li>\r\n\t<li></li>\r\n\t<li> </li>\r\n\t<li> </li>\r\n\t<li>   </li>\r\n\t<li>  </li>\r\n\t<li> </li>\r\n\t<li>  </li>\r\n\t<li></li>\r\n</ul>\r\n\r\n<p dir="rtl"><strong>   </strong></p>\r\n\r\n<ul>\r\n\t<li dir="rtl" style="text-align: right;"></li>\r\n\t<li dir="rtl" style="text-align: right;"> </li>\r\n\t<li dir="rtl" style="text-align: right;"> </li>\r\n\t<li dir="rtl" style="text-align: right;">    </li>\r\n\t<li dir="rtl" style="text-align: right;"></li>\r\n\t<li dir="rtl" style="text-align: right;"> </li>\r\n\t<li dir="rtl" style="text-align: right;"> </li>\r\n\t<li dir="rtl" style="text-align: right;"> </li>\r\n</ul>	\N	\N	\N	\N	\N	\N	\N	\N		2020-11-02 09:17:32.149704+03:30	1	   RPL          .\r\n\r\n                     \r\n\r\n               .	t	1
5	          	\N	\N	\N	       PB5000	\N	\N	\N	-----.jpg	        	-------pb5000	1	<h2 dir="rtl">                 .</h2>\r\n\r\n<h2 dir="rtl">           .</h2>\r\n\r\n<p dir="rtl">  pb5000&nbsp;       .       306                             .</p>\r\n\r\n<p dir="rtl">                         .</p>\r\n\r\n<h3 dir="rtl"><strong>    pb5000</strong></h3>\r\n\r\n<p dir="rtl">&nbsp;</p>\r\n\r\n<ul dir="rtl">\r\n\t<li>    </li>\r\n\t<li>      </li>\r\n\t<li>     </li>\r\n\t<li>                     .</li>\r\n\t<li>      </li>\r\n\t<li>    pb5000               .</li>\r\n\t<li>    &ndash;               </li>\r\n</ul>\r\n\r\n<p dir="rtl"><img alt="       " src="/images/uploads/2020/11/02/-_VbNwty0.jpg" style="height:824px; width:542px" /></p>\r\n\r\n<h3 dir="rtl">  </h3>\r\n\r\n<ul>\r\n\t<li dir="rtl" style="text-align: right;">       </li>\r\n\t<li dir="rtl" style="text-align: right;">    : 1  2 </li>\r\n\t<li dir="rtl" style="text-align: right;">  &nbsp; : 500  &ndash; 10       (           )</li>\r\n\t<li dir="rtl" style="text-align: right;"> :   20   </li>\r\n\t<li dir="rtl" style="text-align: right;">  : Up to +/- 0.5%</li>\r\n\t<li dir="rtl" style="text-align: right;">          .</li>\r\n</ul>\r\n\r\n<p>&nbsp;</p>\r\n\r\n<p>&nbsp;</p>\r\n\r\n<p>&nbsp;</p>\r\n\r\n<p dir="rtl">                    </p>	 	\N	\N	\N	\N		\N	\N		2020-11-02 09:27:29.930408+03:30	1	                 .\r\n           .	t	1
24	         	\N	\N	\N	     BT-R (   OPP)	\N	\N	\N	---.jpg	  	-----bt-r----opp	1	<p dir="rtl"><strong>      BT-R :</strong></p>\r\n\r\n<p dir="rtl">             PET    </p>\r\n\r\n<p dir="rtl">       </p>\r\n\r\n<p dir="rtl">       </p>\r\n\r\n<p dir="rtl">    25    &nbsp; 210  </p>\r\n\r\n<p dir="rtl">  152     4200   </p>\r\n\r\n<p dir="rtl">            44    127   </p>\r\n\r\n<p dir="rtl">     (       )</p>\r\n\r\n<p dir="rtl">     </p>\r\n\r\n<p dir="rtl">                     .              .</p>\r\n\r\n<p dir="rtl"><img alt="     " src="/images/uploads/2020/11/03/-copy.jpg" style="height:400px; width:523px" /></p>	\N	\N	\N	\N	\N	\N	\N	\N		2020-11-03 14:26:34.283187+03:30	1	             PET    \r\n\r\n       	t	1
6	      	\N	\N	\N	      UN	\N	\N	\N	---.jpg	     	------un	1	<h2 dir="rtl"></h2>\r\n\r\n<h2 dir="rtl">                          &nbsp;   .</h2>\r\n\r\n<p dir="rtl">      UN                        .</p>\r\n\r\n<p dir="rtl">                                                .</p>\r\n\r\n<p dir="rtl">&nbsp;</p>\r\n\r\n<p dir="rtl"><img alt="     " src="/images/uploads/2020/11/02/-02jpg.jpg" style="height:614px; width:744px" /></p>\r\n\r\n<p dir="rtl">&nbsp;</p>\r\n\r\n<h3 dir="rtl"><strong>        UN</strong></h3>\r\n\r\n<ul dir="rtl">\r\n\t<li>     </li>\r\n\t<li>    </li>\r\n\t<li>    </li>\r\n\t<li>         </li>\r\n\t<li> </li>\r\n</ul>\r\n\r\n<h3 dir="rtl"><strong> </strong></h3>\r\n\r\n<ul dir="rtl">\r\n\t<li>      </li>\r\n\t<li>   :  </li>\r\n\t<li>  : 5 &ndash; 630  </li>\r\n\t<li>   :  15   </li>\r\n\t<li>   : +/- 0.5%</li>\r\n\t<li>              .</li>\r\n</ul>	\N	\N	\N	\N	\N	\N	\N	\N		2020-11-02 09:35:47.587547+03:30	1	                              .	t	1
7	          	\N	\N	\N	      FOFSEMI	\N	\N	\N	------.jpg	     	------fofsemi	1	<p dir="rtl">                                        .                         . (  )</p>\r\n\r\n<p dir="rtl">&nbsp;</p>\r\n\r\n<p dir="rtl"><img alt="     " src="/images/uploads/2020/11/02/-_zh77IqF.jpg" style="height:365px; width:500px" /></p>\r\n\r\n<p dir="rtl">&nbsp;</p>\r\n\r\n<h3 dir="rtl"> :</h3>\r\n\r\n<p dir="rtl">            .        1.5         .                 .</p>\r\n\r\n<p dir="rtl">&nbsp;</p>\r\n\r\n<h3 dir="rtl">:</h3>\r\n\r\n<p dir="rtl">                            .</p>\r\n\r\n<p dir="rtl">&nbsp;</p>\r\n\r\n<h3 dir="rtl">:</h3>\r\n\r\n<p dir="rtl">    ,    ,   ,      .       .</p>\r\n\r\n<p dir="rtl">&nbsp;</p>\r\n\r\n<h2 dir="rtl">     :</h2>\r\n\r\n<p dir="rtl">          ss   </p>\r\n\r\n<p dir="rtl">           </p>\r\n\r\n<p dir="rtl">     PLC       20     .</p>\r\n\r\n<p dir="rtl">       </p>\r\n\r\n<p dir="rtl">     </p>\r\n\r\n<p dir="rtl">   </p>\r\n\r\n<p dir="rtl">   .             .</p>\r\n\r\n<p dir="rtl">&nbsp;</p>\r\n\r\n<h2 dir="rtl"> </h2>\r\n\r\n<p dir="rtl"><strong>&nbsp;&nbsp;  </strong></p>\r\n\r\n<p dir="rtl">   (            )              .      4   16   .</p>\r\n\r\n<p dir="rtl">&nbsp;</p>\r\n\r\n<p dir="rtl"><img alt="      " src="/images/uploads/2020/11/02/-_Go95EH7.jpg" /></p>\r\n\r\n<p dir="rtl"><strong>&nbsp;    </strong></p>\r\n\r\n<p dir="rtl">        PLC            .                                .</p>\r\n\r\n<p dir="rtl">&nbsp;</p>\r\n\r\n<h2 dir="rtl">    </h2>\r\n\r\n<p dir="rtl">                 .               .</p>\r\n\r\n<p dir="rtl">&nbsp;</p>\r\n\r\n<p dir="rtl"><img alt="     " src="/images/uploads/2020/11/02/-_aMCGCvb.jpg" style="height:524px; width:800px" /></p>\r\n\r\n<h2 dir="rtl">  </h2>\r\n\r\n<p dir="rtl" style="text-align:center">              316L SS</p>\r\n\r\n<p dir="rtl" style="text-align:center"><img alt="  " src="/images/uploads/2020/11/02/-_2YvCwiT.jpg" style="height:224px; width:216px" /></p>\r\n\r\n<p style="text-align:center">&nbsp;</p>\r\n\r\n<p dir="rtl" style="text-align:center">              316L SS</p>\r\n\r\n<p style="text-align:center">&nbsp;</p>\r\n\r\n<p style="text-align:center"><img alt="     " src="/images/uploads/2020/11/02/-_WzairM2.jpg" style="height:203px; width:216px" /></p>\r\n\r\n<p style="text-align:center">&nbsp;</p>\r\n\r\n<p dir="rtl" style="text-align:center">          </p>\r\n\r\n<p dir="rtl" style="text-align:center">&nbsp;</p>\r\n\r\n<p dir="rtl" style="text-align:center"><img alt="   " src="/images/uploads/2020/11/02/-_UC7Blsf.jpg" style="height:215px; width:216px" /></p>\r\n\r\n<p dir="rtl" style="text-align:center">&nbsp;</p>\r\n\r\n<p dir="rtl" style="text-align:center">      </p>\r\n\r\n<p dir="rtl" style="text-align:center">&nbsp;</p>\r\n\r\n<p dir="rtl" style="text-align:center"><img alt="   " src="/images/uploads/2020/11/02/-_z7FF2LE.jpg" style="height:221px; width:216px" /></p>\r\n\r\n<p dir="rtl" style="text-align:center">&nbsp;</p>\r\n\r\n<p dir="rtl" style="text-align:center">       </p>\r\n\r\n<p dir="rtl" style="text-align:center">&nbsp;</p>\r\n\r\n<p dir="rtl" style="text-align:center"><img alt="   " src="/images/uploads/2020/11/02/-_c9oiOqa.jpg" style="height:224px; width:216px" /></p>\r\n\r\n<p dir="rtl" style="text-align:center">&nbsp;</p>\r\n\r\n<p dir="rtl" style="text-align:center">         </p>\r\n\r\n<p dir="rtl" style="text-align:center"><img alt="      " src="/images/uploads/2020/11/02/-_8HHkNyJ.jpg" style="height:224px; width:216px" /></p>\r\n\r\n<p dir="rtl" style="text-align:center">   </p>\r\n\r\n<p dir="rtl" style="text-align:center"><img alt="   " src="/images/uploads/2020/11/02/-277x300.jpg" style="height:300px; width:277px" /></p>\r\n\r\n<p dir="rtl" style="text-align:center">&nbsp;</p>\r\n\r\n<p dir="rtl" style="text-align:center">         </p>\r\n\r\n<p dir="rtl" style="text-align:center"><img alt="    " src="/images/uploads/2020/11/02/-_iTM05sS.jpg" style="height:216px; width:216px" /></p>	 	\N	\N	\N	\N		\N	\N		2020-11-02 10:20:12.507228+03:30	1	                                        .                         . (  )	t	1
8	          	\N	\N	\N	      FBT4	\N	\N	\N	--fbt.jpg	     FBT	------fbt4	1	<h2 dir="rtl">        </h2>\r\n\r\n<p dir="rtl">                                          .                         . (  )</p>\r\n\r\n<p dir="rtl"><img alt="     " src="/images/uploads/2020/11/02/-_zh77IqF.jpg" style="height:365px; width:500px" /></p>\r\n\r\n<h3 dir="rtl"> :</h3>\r\n\r\n<p dir="rtl">            .        1.5         .                 .</p>\r\n\r\n<p dir="rtl">&nbsp;</p>\r\n\r\n<h3 dir="rtl">:</h3>\r\n\r\n<p dir="rtl">                            .</p>\r\n\r\n<p dir="rtl">&nbsp;</p>\r\n\r\n<h3 dir="rtl">:</h3>\r\n\r\n<p dir="rtl">    ,    ,   ,      .       .</p>\r\n\r\n<p dir="rtl">&nbsp;</p>\r\n\r\n<h3 dir="rtl">  :</h3>\r\n\r\n<p dir="rtl">      4                .                    .            .</p>\r\n\r\n<p dir="rtl">&nbsp;</p>\r\n\r\n<h3 dir="rtl">       :</h3>\r\n\r\n<p dir="rtl">             </p>\r\n\r\n<p dir="rtl">    </p>\r\n\r\n<p dir="rtl">        </p>\r\n\r\n<p dir="rtl">        </p>\r\n\r\n<p dir="rtl">&nbsp;</p>\r\n\r\n<h2 dir="rtl">   :     </h2>\r\n\r\n<p dir="rtl">            &nbsp;      </p>\r\n\r\n<p dir="rtl">&nbsp;</p>\r\n\r\n<h2 dir="rtl">  </h2>\r\n\r\n<p dir="rtl">              316L SS</p>\r\n\r\n<p dir="rtl"><img alt="  " src="/images/uploads/2020/11/02/-_2YvCwiT.jpg" /></p>\r\n\r\n<p>&nbsp;</p>\r\n\r\n<p dir="rtl">              316L SS</p>\r\n\r\n<p>&nbsp;</p>\r\n\r\n<p dir="rtl"><img alt="     " src="/images/uploads/2020/11/02/-_WzairM2.jpg" /></p>\r\n\r\n<p>&nbsp;</p>\r\n\r\n<p dir="rtl">          </p>\r\n\r\n<p dir="rtl">&nbsp;</p>\r\n\r\n<p dir="rtl"><img alt="   " src="/images/uploads/2020/11/02/-_UC7Blsf.jpg" /></p>\r\n\r\n<p dir="rtl">&nbsp;</p>\r\n\r\n<p dir="rtl">      </p>\r\n\r\n<p dir="rtl">&nbsp;</p>\r\n\r\n<p dir="rtl"><img alt="   " src="/images/uploads/2020/11/02/-_z7FF2LE.jpg" /></p>\r\n\r\n<p dir="rtl">&nbsp;</p>\r\n\r\n<p dir="rtl">       </p>\r\n\r\n<p dir="rtl">&nbsp;</p>\r\n\r\n<p dir="rtl"><img alt="   " src="/images/uploads/2020/11/02/-_c9oiOqa.jpg" /></p>\r\n\r\n<p dir="rtl">&nbsp;</p>\r\n\r\n<p dir="rtl">         </p>\r\n\r\n<p dir="rtl"><img alt="      " src="/images/uploads/2020/11/02/-_8HHkNyJ.jpg" /></p>\r\n\r\n<p dir="rtl">   </p>\r\n\r\n<p dir="rtl"><img alt="   " src="/images/uploads/2020/11/02/-277x300.jpg" /></p>\r\n\r\n<p dir="rtl">&nbsp;</p>\r\n\r\n<p dir="rtl">         </p>\r\n\r\n<p dir="rtl"><img alt="    " src="/images/uploads/2020/11/02/-_iTM05sS.jpg" /></p>	\N	\N	\N	\N	\N	\N	\N	\N		2020-11-02 10:29:02.749129+03:30	1	                                          .                         . (  )	t	1
9	     	\N	\N	\N	     	\N	\N	\N	----_HC50j8a.jpg	      	-----	1	<h2 dir="rtl">          </h2>\r\n\r\n<h2 dir="rtl"><img alt="      " src="/images/uploads/2020/11/02/-_LtJT7bl.jpg" /></h2>\r\n\r\n<p dir="rtl">                      .                                         &nbsp;.</p>\r\n\r\n<p dir="rtl">                                              .</p>\r\n\r\n<p dir="rtl"><img alt="    " src="/images/uploads/2020/11/02/-0.jpg" /></p>\r\n\r\n<h3 dir="rtl"><strong>   </strong></h3>\r\n\r\n<p dir="rtl">         .</p>\r\n\r\n<p dir="rtl">2  12          500       .</p>\r\n\r\n<p dir="rtl">    1139 SECOMA&nbsp;           (HMI)              .              .</p>\r\n\r\n<p dir="rtl">          316    .</p>\r\n\r\n<p dir="rtl">                       +/-0.25%  .</p>\r\n\r\n<p dir="rtl">        1  500     ( 1     250    .)</p>\r\n\r\n<p dir="rtl">   100    1200      5100     .             .</p>\r\n\r\n<p dir="rtl">  +/- 0.25% .</p>\r\n\r\n<p dir="rtl">             .               .</p>\r\n\r\n<p dir="rtl">12-16        500         .</p>\r\n\r\n<p dir="rtl">               .</p>\r\n\r\n<h3 dir="rtl">         20 </h3>\r\n\r\n<p dir="rtl">PLC  HMI&nbsp;     </p>\r\n\r\n<p dir="rtl">        316</p>\r\n\r\n<p dir="rtl">       95    </p>\r\n\r\n<p dir="rtl">      .</p>\r\n\r\n<p dir="rtl"> CIP     WIP&nbsp;    </p>\r\n\r\n<p dir="rtl">    CIP&nbsp; </p>\r\n\r\n<p dir="rtl">       &nbsp;</p>\r\n\r\n<p dir="rtl">    </p>\r\n\r\n<p dir="rtl">         .</p>	 	\N	\N	\N	\N		\N	\N		2020-11-02 10:39:35.502038+03:30	1	                      .                                          .	t	1
10	         	\N	\N	\N	    YT6G	\N	\N	\N	---.jpg	     	----yt6g	1	<h2 dir="rtl">              </h2>\r\n\r\n<p dir="rtl">&nbsp;</p>\r\n\r\n<h3 dir="rtl">      :</h3>\r\n\r\n<p dir="rtl">      PLC                  .               .      PLC                                                .</p>\r\n\r\n<p dir="rtl"><img alt="    " src="/images/uploads/2020/11/02/-_XM3aFyC.jpg" style="height:246px; width:800px" /></p>\r\n\r\n<h2 dir="rtl"><strong>      :</strong></h2>\r\n\r\n<p dir="rtl">1-   PLC       .              .</p>\r\n\r\n<p dir="rtl">2-                              .</p>\r\n\r\n<p dir="rtl">3-                           .</p>\r\n\r\n<p dir="rtl">4-                 .</p>\r\n\r\n<p dir="rtl">5-                    .</p>\r\n\r\n<p dir="rtl">6-                  .      .               .</p>\r\n\r\n<p dir="rtl">7-                .</p>\r\n\r\n<p dir="rtl">8-                   .</p>\r\n\r\n<p dir="rtl">9-                           .</p>\r\n\r\n<p dir="rtl">&nbsp;</p>\r\n\r\n<p dir="rtl"><img alt="        " src="/images/uploads/2020/11/02/-_3Ez7o6v.jpg" style="height:360px; width:360px" /></p>\r\n\r\n<p dir="rtl">&nbsp;</p>\r\n\r\n<table border="1" cellpadding="1" cellspacing="1" style="width:500px">\r\n\t<tbody>\r\n\t\t<tr>\r\n\t\t\t<td>YT^G</td>\r\n\t\t\t<td></td>\r\n\t\t</tr>\r\n\t\t<tr>\r\n\t\t\t<td></td>\r\n\t\t\t<td dir="rtl">    </td>\r\n\t\t</tr>\r\n\t\t<tr>\r\n\t\t\t<td>     </td>\r\n\t\t\t<td></td>\r\n\t\t</tr>\r\n\t\t<tr>\r\n\t\t\t<td>&nbsp;</td>\r\n\t\t\t<td>  </td>\r\n\t\t</tr>\r\n\t\t<tr>\r\n\t\t\t<td>&nbsp;</td>\r\n\t\t\t<td>&nbsp;</td>\r\n\t\t</tr>\r\n\t\t<tr>\r\n\t\t\t<td>&nbsp;</td>\r\n\t\t\t<td>&nbsp;</td>\r\n\t\t</tr>\r\n\t\t<tr>\r\n\t\t\t<td>&nbsp;</td>\r\n\t\t\t<td>&nbsp;</td>\r\n\t\t</tr>\r\n\t\t<tr>\r\n\t\t\t<td>&nbsp;</td>\r\n\t\t\t<td>&nbsp;</td>\r\n\t\t</tr>\r\n\t\t<tr>\r\n\t\t\t<td>&nbsp;</td>\r\n\t\t\t<td>&nbsp;</td>\r\n\t\t</tr>\r\n\t</tbody>\r\n</table>\r\n\r\n<p>&nbsp;</p>	 	\N	\N	\N	\N		\N	\N		2020-11-02 10:49:53.453818+03:30	1	      PLC                  .              	t	1
11	        	\N	\N	\N	      GT4T	\N	\N	\N	---.jpg	     	------gt4t	1	<h2 dir="rtl">  </h2>\r\n\r\n<p dir="rtl">                                  .</p>\r\n\r\n<p dir="rtl">           1  16      100   1000    1000   5   .</p>\r\n\r\n<p dir="rtl"><img alt="" src="/images/uploads/2020/11/02/-_3M7ONh2.jpg" style="height:400px; width:980px" /></p>\r\n\r\n<h2 dir="rtl">   </h2>\r\n\r\n<p dir="rtl">1-     20  200         </p>\r\n\r\n<p dir="rtl">2-       304   .</p>\r\n\r\n<p dir="rtl">3-          .                      .</p>\r\n\r\n<p dir="rtl">&nbsp;</p>\r\n\r\n<h2 dir="rtl">   </h2>\r\n\r\n<p dir="rtl">1- PLC     </p>\r\n\r\n<p dir="rtl">2-           </p>\r\n\r\n<p dir="rtl">3-         .</p>\r\n\r\n<p dir="rtl">4-       CIP </p>\r\n\r\n<p dir="rtl">5-                      .</p>\r\n\r\n<p dir="rtl">6-       </p>\r\n\r\n<p dir="rtl">&nbsp;</p>\r\n\r\n<p dir="rtl">&nbsp;</p>	 	\N	\N	\N	\N		\N	\N		2020-11-02 11:40:51.405506+03:30	1	                                  .	t	1
12	         	\N	\N	\N	     PD82	\N	\N	\N	--.jpg	   	-----pd82	1	<p dir="rtl"><img alt="   " src="/images/uploads/2020/11/02/-_HbZCQl0.jpg" style="float:right; height:240px; width:531px" /></p>\r\n\r\n<p dir="rtl">&nbsp;</p>\r\n\r\n<p dir="rtl">&nbsp;</p>\r\n\r\n<p dir="rtl">&nbsp;</p>\r\n\r\n<p dir="rtl">&nbsp;</p>\r\n\r\n<p dir="rtl">&nbsp;</p>\r\n\r\n<p dir="rtl">&nbsp;</p>\r\n\r\n<p dir="rtl">&nbsp;</p>\r\n\r\n<p dir="rtl">1-                .</p>\r\n\r\n<p dir="rtl">                           .</p>\r\n\r\n<p dir="rtl">2-      :                         .</p>\r\n\r\n<p dir="rtl">3-   :             .             .</p>\r\n\r\n<p dir="rtl">4 &ndash;          .</p>\r\n\r\n<p dir="rtl">5-         PLC                 .</p>\r\n\r\n<p dir="rtl">&nbsp;</p>\r\n\r\n<p dir="rtl"><img alt="         " src="/images/uploads/2020/11/02/-_YuYIU9X.jpg" style="height:466px; width:499px" /></p>	 	\N	\N	\N	\N		\N	\N		2020-11-02 11:49:37.836996+03:30	1	               .                            .	t	1
13	   	\N	\N	\N	    HMPLPRE	\N	\N	\N	---.jpg	     	----hmplpre	1	<h2 dir="rtl">     HMPL&ndash;PRE:</h2>\r\n\r\n<p dir="rtl">    HMPL&ndash;PRE                        &nbsp;                      &nbsp;     PLC  HMI&nbsp; &nbsp;&nbsp;     /  &nbsp;      .</p>\r\n\r\n<p dir="rtl">&nbsp;</p>\r\n\r\n<h3 dir="rtl">    </h3>\r\n\r\n<p dir="rtl">    HMPL&ndash;PRE&nbsp;           .</p>\r\n\r\n<p dir="rtl">            </p>\r\n\r\n<p dir="rtl">    SS 304   </p>\r\n\r\n<p dir="rtl">             .</p>\r\n\r\n<p dir="rtl">            .</p>\r\n\r\n<p dir="rtl">              316    .</p>\r\n\r\n<p dir="rtl">       pvc     .</p>\r\n\r\n<p dir="rtl">    </p>\r\n\r\n<h5 dir="rtl">          .</h5>\r\n\r\n<p dir="rtl">    HMPL&ndash;PRE          .</p>\r\n\r\n<p dir="rtl">                .</p>\r\n\r\n<p dir="rtl">    </p>\r\n\r\n<p dir="rtl">        ()   .</p>\r\n\r\n<p dir="rtl">                .</p>\r\n\r\n<p dir="rtl">                  .            .       .</p>\r\n\r\n<p dir="rtl">    PLC       .</p>\r\n\r\n<p dir="rtl">        PLC    .</p>\r\n\r\n<p dir="rtl">     </p>\r\n\r\n<p dir="rtl">               .</p>\r\n\r\n<p dir="rtl">                </p>\r\n\r\n<p dir="rtl">                    .</p>\r\n\r\n<p dir="rtl">                       PLC                     .</p>\r\n\r\n<p dir="rtl">                               .</p>\r\n\r\n<p dir="rtl">          &hellip;      .</p>\r\n\r\n<p dir="rtl">PLC        HMPL&ndash;PRE            .</p>\r\n\r\n<p dir="rtl">     &nbsp;             .</p>\r\n\r\n<p dir="rtl">&nbsp;</p>\r\n\r\n<p dir="rtl"><img alt="    " src="/images/uploads/2020/11/02/-.png" style="height:489px; width:1080px" /></p>\r\n\r\n<p dir="rtl">&nbsp;</p>	 	\N	\N	\N	\N		\N	\N		2020-11-02 12:07:57.967209+03:30	1	    HMPLPRE                                       	t	1
14	   	\N	\N	\N	      30SS	\N	\N	\N	----.png	      	------30ss	1	<h2 dir="rtl">  :</h2>\r\n\r\n<p dir="rtl"> &nbsp;            :        ..     .</p>\r\n\r\n<p dir="rtl">&nbsp;</p>\r\n\r\n<h2 dir="rtl">  &nbsp; :</h2>\r\n\r\n<p dir="rtl">    7          .</p>\r\n\r\n<p dir="rtl">&nbsp;</p>\r\n\r\n<p dir="rtl"><strong>   </strong></p>\r\n\r\n<p dir="rtl">                          .              .             .</p>\r\n\r\n<p dir="rtl">&nbsp;</p>\r\n\r\n<p dir="rtl"><strong>   </strong></p>\r\n\r\n<p dir="rtl">    5               .</p>\r\n\r\n<p dir="rtl">&nbsp;</p>\r\n\r\n<p dir="rtl"><strong> </strong></p>\r\n\r\n<p dir="rtl">              &nbsp;                   .     150           .</p>\r\n\r\n<p dir="rtl">&nbsp;</p>\r\n\r\n<p dir="rtl"><strong> </strong></p>\r\n\r\n<p dir="rtl">                .</p>\r\n\r\n<p dir="rtl">&nbsp;</p>\r\n\r\n<p dir="rtl"><strong>  </strong></p>\r\n\r\n<p dir="rtl">          3              .                           .</p>\r\n\r\n<p dir="rtl">&nbsp;</p>\r\n\r\n<p dir="rtl"><strong>  </strong></p>\r\n\r\n<p dir="rtl">                   .</p>\r\n\r\n<p dir="rtl">&nbsp;</p>\r\n\r\n<p dir="rtl"><strong>    </strong></p>\r\n\r\n<p dir="rtl">                 .</p>\r\n\r\n<p dir="rtl">&nbsp;</p>\r\n\r\n<p dir="rtl"><img alt="" src="/images/uploads/2020/11/02/-_nLwFzo9.png" style="height:465px; width:750px" /></p>\r\n\r\n<h2 dir="rtl">  </h2>\r\n\r\n<p dir="rtl">1-      </p>\r\n\r\n<p dir="rtl">2-             </p>\r\n\r\n<p dir="rtl">3-               </p>\r\n\r\n<p dir="rtl">4-             </p>\r\n\r\n<p dir="rtl">5-             </p>\r\n\r\n<p dir="rtl">6-               </p>\r\n\r\n<p dir="rtl">7-      </p>\r\n\r\n<p dir="rtl">8-     </p>	 	\N	\N	\N	\N		\N	\N		2020-11-02 12:20:34.426046+03:30	1	              :        ..     .	t	1
16	  ,    				    NKLF30   	\N	\N	\N	-----.jpg	     NKLF30   	----nklf30--	1	<h2 style="box-sizing: border-box; margin: 0px 0px 10px; padding: 0px; border: 0px #e1e1e1; font-variant-numeric: inherit; font-variant-east-asian: inherit; font-stretch: inherit; font-size: 16px; line-height: 1.1em; font-family: metrophobic, HelveticaNeue, 'Helvetica Neue', Helvetica-Neue, Helvetica, Arial, sans-serif; vertical-align: baseline; color: #2c353d; text-align: right;">  </h2>\r\n<div class="product-detail" style="box-sizing: border-box; margin: 0px; padding: 0px; border: 0px #e1e1e1; font-variant-numeric: inherit; font-variant-east-asian: inherit; font-stretch: inherit; font-size: 13px; line-height: inherit; font-family: arial, HelveticaNeue, 'Helvetica Neue', Helvetica-Neue, Helvetica, sans-serif; vertical-align: baseline; color: #9c9c9c; text-align: right;">\r\n<ul style="box-sizing: border-box; margin: 0px 7px 20px auto; padding: 0px; border: 0px #e1e1e1; font: inherit; vertical-align: baseline; list-style-position: inside; list-style-image: initial;">\r\n<li class="col-lg-4 col-md-4 col-sm-6 col-xs-12" style="box-sizing: border-box; margin: 0px; padding: 0px; border: 0px #e1e1e1; font: inherit; vertical-align: baseline;">\r\n<p class="feature-title" style="box-sizing: border-box; margin: 0.85em 0px; padding: 0px; border: 0px #e1e1e1; font: inherit; vertical-align: baseline; text-align: justify;"><strong style="box-sizing: border-box; margin: 0px; padding: 0px; border: 0px #e1e1e1; font-style: inherit; font-variant: inherit; font-stretch: inherit; font-size: inherit; line-height: inherit; font-family: inherit; vertical-align: baseline; color: #efbb20;">       NKLF30:</strong></p>\r\n<p class="feature-value" style="box-sizing: border-box; margin: 0.85em 0px; padding: 0px; border: 0px #e1e1e1; font: inherit; vertical-align: baseline; text-align: justify;">     &nbsp;                .</p>\r\n</li>\r\n<li class="col-lg-4 col-md-4 col-sm-6 col-xs-12" style="box-sizing: border-box; margin: 0px; padding: 0px; border: 0px #e1e1e1; font: inherit; vertical-align: baseline;">\r\n<p class="feature-title" style="box-sizing: border-box; margin: 0.85em 0px; padding: 0px; border: 0px #e1e1e1; font: inherit; vertical-align: baseline; text-align: justify;"><strong style="box-sizing: border-box; margin: 0px; padding: 0px; border: 0px #e1e1e1; font-style: inherit; font-variant: inherit; font-stretch: inherit; font-size: inherit; line-height: inherit; font-family: inherit; vertical-align: baseline; color: #efbb20;">  :</strong></p>\r\n<p class="feature-value" style="box-sizing: border-box; margin: 0.85em 0px; padding: 0px; border: 0px #e1e1e1; font: inherit; vertical-align: baseline; text-align: justify;"> </p>\r\n</li>\r\n<li class="col-lg-4 col-md-4 col-sm-6 col-xs-12" style="box-sizing: border-box; margin: 0px; padding: 0px; border: 0px #e1e1e1; font: inherit; vertical-align: baseline;">\r\n<p class="feature-title" style="box-sizing: border-box; margin: 0.85em 0px; padding: 0px; border: 0px #e1e1e1; font: inherit; vertical-align: baseline; text-align: justify;"><strong style="box-sizing: border-box; margin: 0px; padding: 0px; border: 0px #e1e1e1; font-style: inherit; font-variant: inherit; font-stretch: inherit; font-size: inherit; line-height: inherit; font-family: inherit; vertical-align: baseline; color: #efbb20;">  :</strong></p>\r\n<p style="box-sizing: border-box; margin: 0.85em 0px; padding: 0px; border: 0px #e1e1e1; font: inherit; vertical-align: baseline; text-align: justify;"> </p>\r\n</li>\r\n<li class="col-lg-4 col-md-4 col-sm-6 col-xs-12" style="box-sizing: border-box; margin: 0px; padding: 0px; border: 0px #e1e1e1; font: inherit; vertical-align: baseline;">\r\n<p class="feature-title" style="box-sizing: border-box; margin: 0.85em 0px; padding: 0px; border: 0px #e1e1e1; font: inherit; vertical-align: baseline; text-align: justify;"><strong style="box-sizing: border-box; margin: 0px; padding: 0px; border: 0px #e1e1e1; font-style: inherit; font-variant: inherit; font-stretch: inherit; font-size: inherit; line-height: inherit; font-family: inherit; vertical-align: baseline; color: #efbb20;"> :</strong></p>\r\n<p class="feature-value" style="box-sizing: border-box; margin: 0.85em 0px; padding: 0px; border: 0px #e1e1e1; font: inherit; vertical-align: baseline; text-align: justify;">  </p>\r\n</li>\r\n<li class="col-lg-4 col-md-4 col-sm-6 col-xs-12" style="box-sizing: border-box; margin: 0px; padding: 0px; border: 0px #e1e1e1; font: inherit; vertical-align: baseline;">\r\n<p class="feature-title" style="box-sizing: border-box; margin: 0.85em 0px; padding: 0px; border: 0px #e1e1e1; font: inherit; vertical-align: baseline; text-align: justify;"><strong style="box-sizing: border-box; margin: 0px; padding: 0px; border: 0px #e1e1e1; font-style: inherit; font-variant: inherit; font-stretch: inherit; font-size: inherit; line-height: inherit; font-family: inherit; vertical-align: baseline; color: #efbb20;"> :</strong></p>\r\n<p style="box-sizing: border-box; margin: 0.85em 0px; padding: 0px; border: 0px #e1e1e1; font: inherit; vertical-align: baseline; text-align: justify;"></p>\r\n</li>\r\n<li class="col-lg-4 col-md-4 col-sm-6 col-xs-12" style="box-sizing: border-box; margin: 0px; padding: 0px; border: 0px #e1e1e1; font: inherit; vertical-align: baseline;">\r\n<p class="feature-title" style="box-sizing: border-box; margin: 0.85em 0px; padding: 0px; border: 0px #e1e1e1; font: inherit; vertical-align: baseline; text-align: justify;"><strong style="box-sizing: border-box; margin: 0px; padding: 0px; border: 0px #e1e1e1; font-style: inherit; font-variant: inherit; font-stretch: inherit; font-size: inherit; line-height: inherit; font-family: inherit; vertical-align: baseline; color: #efbb20;">   :</strong></p>\r\n<p class="feature-value" style="box-sizing: border-box; margin: 0.85em 0px; padding: 0px; border: 0px #e1e1e1; font: inherit; vertical-align: baseline; text-align: justify;"></p>\r\n</li>\r\n<li class="col-lg-4 col-md-4 col-sm-6 col-xs-12" style="box-sizing: border-box; margin: 0px; padding: 0px; border: 0px #e1e1e1; font: inherit; vertical-align: baseline;">\r\n<p class="specification-title" style="box-sizing: border-box; margin: 0.85em 0px; padding: 0px; border: 0px #e1e1e1; font: inherit; vertical-align: baseline; text-align: justify;"><strong style="box-sizing: border-box; margin: 0px; padding: 0px; border: 0px #e1e1e1; font-style: inherit; font-variant: inherit; font-stretch: inherit; font-size: inherit; line-height: inherit; font-family: inherit; vertical-align: baseline; color: #efbb20;">  :</strong></p>\r\n<p class="specification-value" style="box-sizing: border-box; margin: 0.85em 0px; padding: 0px; border: 0px #e1e1e1; font: inherit; vertical-align: baseline; text-align: justify;"> : 10   </p>\r\n<p class="specification-value" style="box-sizing: border-box; margin: 0.85em 0px; padding: 0px; border: 0px #e1e1e1; font: inherit; vertical-align: baseline; text-align: justify;"> : 25   </p>\r\n</li>\r\n<li class="col-lg-4 col-md-4 col-sm-6 col-xs-12" style="box-sizing: border-box; margin: 0px; padding: 0px; border: 0px #e1e1e1; font: inherit; vertical-align: baseline;">\r\n<p class="specification-title" style="box-sizing: border-box; margin: 0.85em 0px; padding: 0px; border: 0px #e1e1e1; font: inherit; vertical-align: baseline; text-align: justify;"><strong style="box-sizing: border-box; margin: 0px; padding: 0px; border: 0px #e1e1e1; font-style: inherit; font-variant: inherit; font-stretch: inherit; font-size: inherit; line-height: inherit; font-family: inherit; vertical-align: baseline; color: #efbb20;"> :</strong></p>\r\n<p class="specification-value" style="box-sizing: border-box; margin: 0.85em 0px; padding: 0px; border: 0px #e1e1e1; font: inherit; vertical-align: baseline; text-align: justify;">: 5  </p>\r\n<p class="specification-value" style="box-sizing: border-box; margin: 0.85em 0px; padding: 0px; border: 0px #e1e1e1; font: inherit; vertical-align: baseline; text-align: justify;">: 1,000  </p>\r\n</li>\r\n</ul>\r\n<p style="box-sizing: border-box; margin: 0.85em 0px; padding: 0px; border: 0px #e1e1e1; font: inherit; vertical-align: baseline; text-align: justify;">&nbsp;</p>\r\n</div>\r\n<h2 style="box-sizing: border-box; margin: 0px 0px 10px; padding: 0px; border: 0px #e1e1e1; font-variant-numeric: inherit; font-variant-east-asian: inherit; font-stretch: inherit; font-size: 16px; line-height: 1.1em; font-family: metrophobic, HelveticaNeue, 'Helvetica Neue', Helvetica-Neue, Helvetica, Arial, sans-serif; vertical-align: baseline; color: #2c353d; text-align: right;"><span class="tlid-translation translation" lang="fa" style="box-sizing: border-box; margin: 0px; padding: 0px; border: 0px #e1e1e1; font: inherit; vertical-align: baseline;">                          25      </span></h2>\r\n<p style="box-sizing: border-box; margin: 0.85em 0px; padding: 0px; border: 0px #e1e1e1; font-variant-numeric: inherit; font-variant-east-asian: inherit; font-stretch: inherit; font-size: 13px; line-height: inherit; font-family: arial, HelveticaNeue, 'Helvetica Neue', Helvetica-Neue, Helvetica, sans-serif; vertical-align: baseline; color: #9c9c9c; text-align: right;"><span class="tlid-translation translation" lang="fa" style="box-sizing: border-box; margin: 0px; padding: 0px; border: 0px #e1e1e1; font: inherit; vertical-align: baseline;"><span class="" style="box-sizing: border-box; margin: 0px; padding: 0px; border: 0px #e1e1e1; font: inherit; vertical-align: baseline;" title="">       &nbsp; .</span>&nbsp;&nbsp;<span class="" style="box-sizing: border-box; margin: 0px; padding: 0px; border: 0px #e1e1e1; font: inherit; vertical-align: baseline;" title="">              /       .</span></span></p>\r\n<p style="box-sizing: border-box; margin: 0.85em 0px; padding: 0px; border: 0px #e1e1e1; font-variant-numeric: inherit; font-variant-east-asian: inherit; font-stretch: inherit; font-size: 13px; line-height: inherit; font-family: arial, HelveticaNeue, 'Helvetica Neue', Helvetica-Neue, Helvetica, sans-serif; vertical-align: baseline; color: #9c9c9c; text-align: right;">     NKLF30              .                AISI 316L   .            5  1000     .</p>\r\n<p style="box-sizing: border-box; margin: 0.85em 0px; padding: 0px; border: 0px #e1e1e1; font-variant-numeric: inherit; font-variant-east-asian: inherit; font-stretch: inherit; font-size: 13px; line-height: inherit; font-family: arial, HelveticaNeue, 'Helvetica Neue', Helvetica-Neue, Helvetica, sans-serif; vertical-align: baseline; color: #9c9c9c; text-align: right;">&nbsp;</p>\r\n<h2 style="box-sizing: border-box; margin: 1.5em 0px 10px; padding: 0px; border: 0px #e1e1e1; font-variant-numeric: inherit; font-variant-east-asian: inherit; font-stretch: inherit; font-size: 16px; line-height: 1.1em; font-family: metrophobic, HelveticaNeue, 'Helvetica Neue', Helvetica-Neue, Helvetica, Arial, sans-serif; vertical-align: baseline; color: #2c353d; text-align: right;">   </h2>\r\n<p style="box-sizing: border-box; margin: 0.85em 0px; padding: 0px; border: 0px #e1e1e1; font-variant-numeric: inherit; font-variant-east-asian: inherit; font-stretch: inherit; font-size: 13px; line-height: inherit; font-family: arial, HelveticaNeue, 'Helvetica Neue', Helvetica-Neue, Helvetica, sans-serif; vertical-align: baseline; text-align: justify; color: #9c9c9c;"><img class="alignright wp-image-2919 size-full lazyloaded" style="box-sizing: border-box; margin: 4px 0px 0px 10px; padding: 0px; border: none #e1e1e1; font: inherit; vertical-align: baseline; display: block; max-width: 100%; height: auto; opacity: 1; transition: opacity 400ms ease 0ms; float: right; position: relative;" src="http://damirco.com/wp-content/uploads/2019/08/%D9%85%D8%B4%D8%AE%D8%B5%D8%A7%D8%AA-%D9%81%D9%86%DB%8C-%D8%AF%D8%B3%D8%AA%DA%AF%D8%A7%D9%87-%D9%BE%D8%B1-%DA%A9%D9%86-%D8%AD%D8%AC%D9%85%DB%8C-%D8%AF%D9%88-%D9%86%D8%A7%D8%B2%D9%84.jpg" sizes="(max-width: 643px) 100vw, 643px" srcset="http://damirco.com/wp-content/uploads/2019/08/-------.jpg 643w, http://damirco.com/wp-content/uploads/2019/08/--------300x263.jpg 300w, http://damirco.com/wp-content/uploads/2019/08/--------600x525.jpg 600w" alt="      NKLF30" width="643" height="563" data-srcset="http://damirco.com/wp-content/uploads/2019/08/-------.jpg 643w, http://damirco.com/wp-content/uploads/2019/08/--------300x263.jpg 300w, http://damirco.com/wp-content/uploads/2019/08/--------600x525.jpg 600w" data-src="http://damirco.com/wp-content/uploads/2019/08/-------.jpg" /></p>	\N	1	\N	\N	\N	\N	\N		\N	2020-11-02 12:29:24.156332+03:30	1	             	f	1
17					   L30	200	1000	\N	images-5_gol0ILZ.jpg	  L30	---l30	1	<p style="box-sizing: border-box; margin: 0.85em 0px; padding: 0px; border: 0px #e1e1e1; font-variant-numeric: inherit; font-variant-east-asian: inherit; font-stretch: inherit; font-size: 13px; line-height: inherit; font-family: arial, HelveticaNeue, 'Helvetica Neue', Helvetica-Neue, Helvetica, sans-serif; vertical-align: baseline; text-align: justify; color: #9c9c9c;"><span style="font-size: 16px; color: #000000;"><span style="box-sizing: border-box; margin: 0px; padding: 0px; border: 0px #e1e1e1; font-style: inherit; font-variant: inherit; font-stretch: inherit; line-height: inherit; font-family: inherit; vertical-align: baseline;">      L30                          .</span></span></p>\r\n<p style="box-sizing: border-box; margin: 0.85em 0px; padding: 0px; border: 0px #e1e1e1; font-variant-numeric: inherit; font-variant-east-asian: inherit; font-stretch: inherit; font-size: 13px; line-height: inherit; font-family: arial, HelveticaNeue, 'Helvetica Neue', Helvetica-Neue, Helvetica, sans-serif; vertical-align: baseline; text-align: justify; color: #9c9c9c;"><span style="font-size: 16px; color: #000000;">                           .</span></p>\r\n<table style="border-collapse: collapse; width: 100%; height: 167px;" border="1">\r\n<tbody>\r\n<tr style="height: 21px;">\r\n<td style="width: 48.7865%; height: 21px;"><span style="font-size: 16px; color: #000000;">:</span></td>\r\n<td style="width: 48.8686%; height: 21px;"><span style="color: #000000; font-family: arial, HelveticaNeue, 'Helvetica Neue', Helvetica-Neue, Helvetica, sans-serif; font-size: 16px; text-align: justify; background-color: #f8f8f8;">220 /380  60-50 </span></td>\r\n</tr>\r\n<tr style="height: 21px;">\r\n<td style="width: 48.7865%; height: 21px;"><span style="font-size: 16px; color: #000000;"> :</span></td>\r\n<td style="width: 48.8686%; height: 21px;"><span style="color: #000000; font-family: arial, HelveticaNeue, 'Helvetica Neue', Helvetica-Neue, Helvetica, sans-serif; font-size: 16px; text-align: justify; background-color: #f8f8f8;">300-0 </span></td>\r\n</tr>\r\n<tr style="height: 20px;">\r\n<td style="width: 48.7865%; height: 20px;"><span style="color: #000000; font-family: arial, HelveticaNeue, 'Helvetica Neue', Helvetica-Neue, Helvetica, sans-serif; font-size: 16px; text-align: justify; background-color: #f8f8f8;"> :</span></td>\r\n<td style="width: 48.8686%; height: 20px;"><span style="color: #000000; font-family: arial, HelveticaNeue, 'Helvetica Neue', Helvetica-Neue, Helvetica, sans-serif; font-size: 16px; text-align: justify; background-color: #f8f8f8;">10-0   </span></td>\r\n</tr>\r\n<tr style="height: 21px;">\r\n<td style="width: 48.7865%; height: 21px;"><span style="color: #000000; font-family: arial, HelveticaNeue, 'Helvetica Neue', Helvetica-Neue, Helvetica, sans-serif; font-size: 16px; text-align: justify; background-color: #f8f8f8;">  :</span></td>\r\n<td style="width: 48.8686%; height: 21px;"><span style="color: #000000; font-family: arial, HelveticaNeue, 'Helvetica Neue', Helvetica-Neue, Helvetica, sans-serif; font-size: 16px; text-align: justify; background-color: #f8f8f8;">PVC,PP,POF</span></td>\r\n</tr>\r\n<tr style="height: 21px;">\r\n<td style="width: 48.7865%; height: 21px;"><span style="color: #000000; font-family: arial, HelveticaNeue, 'Helvetica Neue', Helvetica-Neue, Helvetica, sans-serif; font-size: 16px; text-align: justify; background-color: #f8f8f8;"> :</span></td>\r\n<td style="width: 48.8686%; height: 21px;"><span style="color: #000000; font-family: arial, HelveticaNeue, 'Helvetica Neue', Helvetica-Neue, Helvetica, sans-serif; font-size: 16px; text-align: justify; background-color: #f8f8f8;"> 900 450   250-50  </span></td>\r\n</tr>\r\n<tr style="height: 21px;">\r\n<td style="width: 48.7865%; height: 21px;"><span style="color: #000000; font-family: arial, HelveticaNeue, 'Helvetica Neue', Helvetica-Neue, Helvetica, sans-serif; font-size: 16px; text-align: justify; background-color: #f8f8f8;"> :</span></td>\r\n<td style="width: 48.8686%; height: 21px;"><span style="color: #000000; font-family: arial, HelveticaNeue, 'Helvetica Neue', Helvetica-Neue, Helvetica, sans-serif; font-size: 16px; text-align: justify; background-color: #f8f8f8;">30 </span></td>\r\n</tr>\r\n<tr style="height: 21px;">\r\n<td style="width: 48.7865%; height: 21px;"><span style="color: #000000; font-family: arial, HelveticaNeue, 'Helvetica Neue', Helvetica-Neue, Helvetica, sans-serif; font-size: 16px; text-align: justify; background-color: #f8f8f8;"> :</span></td>\r\n<td style="width: 48.8686%; height: 21px;"><span style="color: #000000; font-family: arial, HelveticaNeue, 'Helvetica Neue', Helvetica-Neue, Helvetica, sans-serif; font-size: 16px; text-align: justify; background-color: #f8f8f8;">1200*650*1100  </span></td>\r\n</tr>\r\n<tr style="height: 21px;">\r\n<td style="width: 48.7865%; height: 21px;"><span style="color: #000000; font-family: arial, HelveticaNeue, 'Helvetica Neue', Helvetica-Neue, Helvetica, sans-serif; font-size: 16px; text-align: justify; background-color: #f8f8f8;"> :</span></td>\r\n<td style="width: 48.8686%; height: 21px;"><span style="color: #000000; font-family: arial, HelveticaNeue, 'Helvetica Neue', Helvetica-Neue, Helvetica, sans-serif; font-size: 16px; text-align: justify; background-color: #f8f8f8;">80 </span></td>\r\n</tr>\r\n</tbody>\r\n</table>	1	2		\N			3		\N	2020-11-02 12:43:53.589036+03:30	1	      L30          	f	1
18	           	                        GMP   .      LQB-R                	damirco	@damirco.com	     LQB-R	\N	\N	\N	full-automatic-round-bottle-labeling-machine.jpg	      LQB-R	-----lqb-r	1	<h2 dir="rtl">                        GMP   .</h2>\r\n\r\n<p dir="rtl">     LQB-R                        .</p>\r\n\r\n<p dir="rtl"><img alt="   " src="/images/uploads/2020/11/03/9.jpg" style="height:309px; width:411px" /></p>\r\n\r\n<p dir="rtl">                 .</p>\r\n\r\n<p dir="rtl">              (          )</p>	 	\N	\N	\N			\N	\N		2020-11-03 08:31:01.430583+03:30	1	                        GMP   .\r\n     LQB-R                        .	t	1
20	         	   TR-023                                    	damirco	@damirco.com	   TR-023( )	\N	\N	\N	160535-pharma-wrapround.png	\N	---tr-023-	1	<p dir="rtl">   TR-023                </p>\r\n\r\n<p dir="rtl">    </p>\r\n\r\n<p dir="rtl">            .</p>\r\n\r\n<p dir="rtl">    </p>\r\n\r\n<p dir="rtl">            GMP   .</p>\r\n\r\n<p dir="rtl"><img alt=" " src="/images/uploads/2020/11/03/images.jpg" style="height:235px; width:215px" /></p>	\N	\N	\N	\N	\N	\N	\N	\N		2020-11-03 09:11:25.944971+03:30	1	   TR-023                \r\n\r\n    \r\n\r\n            .\r\n\r\n    \r\n\r\n            GMP   .	t	1
19	         	   Med515                          240      .                     	damirco	@damirco.com	   Med515	\N	\N	\N	automatic-sticker-labelling-machine-500x500_4qMirmh.jpg	\N	---med515	1	<p dir="rtl">   Med515&nbsp;                         240      .                         .</p>\r\n\r\n<p dir="rtl">                 ( )    .            .</p>\r\n\r\n<p dir="rtl"><img alt="  " src="/images/uploads/2020/11/03/175822-wp-application3.png" style="float:right; height:135px; width:59px" />&nbsp; &nbsp; &nbsp; &nbsp; &nbsp; &nbsp; &nbsp;&nbsp;<img alt="" src="/images/uploads/2020/11/03/175804-wp-application2.png" style="height:135px; width:72px" />&nbsp; &nbsp; &nbsp; &nbsp; &nbsp; &nbsp; &nbsp;<img alt=" " src="/images/uploads/2020/11/03/175730-wp-application1.png" style="height:135px; width:94px" />&nbsp; &nbsp; &nbsp; &nbsp; &nbsp; &nbsp;&nbsp; &nbsp; &nbsp;<img alt=" " src="/images/uploads/2020/11/03/175904-wp-application5.png" style="height:135px; width:56px" /></p>	 	\N	\N	\N	\N		\N	\N		2020-11-03 08:58:17.638731+03:30	1	   Med515                          240      .                         .	t	1
21	      	    ..                         	damirco	@damirco.com	    ..	\N	\N	\N	------.jpg	       	----	1	<p dir="rtl">    ..                         .</p>\r\n\r\n<p dir="rtl">                   10              .</p>\r\n\r\n<p dir="rtl">            .</p>\r\n\r\n<p dir="rtl">        135  200&nbsp;  250   320    .       152      .</p>\r\n\r\n<p dir="rtl">    +  0.02             10   10      320    2000     (  ).</p>\r\n\r\n<p dir="rtl">                  19         7.5    .</p>\r\n\r\n<p dir="rtl"><img alt="  " src="/images/uploads/2020/11/03/alpha-hsm-banner.jpg" style="float:left; height:268px; width:1000px" /></p>	 	\N	\N	\N	\N		\N	\N		2020-11-03 09:40:09.360631+03:30	1	    ..                         .	t	1
22	         	               .         PLC                  .	damirco	@damirco.com	    lbl5500  1  2 	\N	\N	\N	new-automatic-labelling-machine-2-heads.jpg	     lbl5500  1  2 	----lbl5500--1--2-	1	<p dir="rtl">    lbl5500&nbsp;            .</p>\r\n\r\n<p dir="rtl">               .         PLC                  .</p>\r\n\r\n<p dir="rtl">                 .</p>\r\n\r\n<p dir="rtl">         :</p>\r\n\r\n<p dir="rtl"> 1  2   </p>\r\n\r\n<p dir="rtl">       0  30   </p>\r\n\r\n<p dir="rtl">   1500 * 150  </p>\r\n\r\n<p dir="rtl">      </p>\r\n\r\n<p dir="rtl"><img alt="  " src="/images/uploads/2020/11/03/-_A3qyr63.jpg" style="height:284px; width:640px" /></p>\r\n\r\n<h2 dir="rtl"><strong> </strong></h2>\r\n\r\n<p dir="rtl">    lbl5500&nbsp;  &nbsp;     </p>\r\n\r\n<p dir="rtl">            </p>\r\n\r\n<p dir="rtl">        </p>\r\n\r\n<p dir="rtl">           </p>\r\n\r\n<p dir="rtl">      </p>\r\n\r\n<p dir="rtl">  Spacer        </p>\r\n\r\n<p dir="rtl">                   </p>\r\n\r\n<p dir="rtl">  </p>\r\n\r\n<p dir="rtl">     800    1000  </p>\r\n\r\n<p dir="rtl">    </p>	 	\N	\N	\N	\N		\N	\N		2020-11-03 13:02:42.675297+03:30	1	               .         PLC                  .	t	1
23	         	\N	\N	\N	       MD800	\N	\N	\N	----800.jpg	    	------md800	1	<h2 dir="rtl">&nbsp;</h2>\r\n\r\n<ul>\r\n\t<li dir="rtl" style="text-align:right">         304    T6   .</li>\r\n\t<li dir="rtl" style="text-align:right">       ..  .. .</li>\r\n\t<li dir="rtl" style="text-align:right">         .</li>\r\n\t<li dir="rtl" style="text-align:right">        .</li>\r\n\t<li dir="rtl" style="text-align:right">           .</li>\r\n</ul>\r\n\r\n<h3 dir="rtl">     </h3>\r\n\r\n<ol>\r\n\t<li dir="rtl" style="text-align:right">           .</li>\r\n\t<li dir="rtl" style="text-align:right"> </li>\r\n\t<li dir="rtl" style="text-align:right">  </li>\r\n\t<li dir="rtl" style="text-align:right">    &nbsp;</li>\r\n</ol>\r\n\r\n<p dir="rtl" style="text-align:right"><img alt="    " src="/images/uploads/2020/11/03/-_lWsxgqO.jpg" style="height:992px; width:761px" /></p>\r\n\r\n<h3>&nbsp;</h3>	\N	\N	\N	\N	\N	\N	\N	\N		2020-11-03 13:16:49.441522+03:30	1	           .   	t	1
25	         	\N	\N	\N	     Q41	\N	\N	\N	q41---.jpg	      Q41	-----q41	1	<h2 dir="rtl">   Q41&nbsp;                        .         U                           .</h2>\r\n\r\n<p dir="rtl">                         &nbsp;  &nbsp;  .        Q41&nbsp;             .</p>\r\n\r\n<p dir="rtl">&nbsp;</p>\r\n\r\n<h2 dir="rtl"><strong></strong><strong> </strong></h2>\r\n\r\n<ul dir="rtl">\r\n\t<li>      304.8 </li>\r\n\t<li>  114  (   177 )</li>\r\n\t<li>      </li>\r\n\t<li>      .</li>\r\n\t<li>   </li>\r\n\t<li>    </li>\r\n\t<li>  </li>\r\n</ul>\r\n\r\n<p dir="rtl">     Q41     300     .              .</p>\r\n\r\n<p dir="rtl">                         . Q41              .</p>\r\n\r\n<p dir="rtl">       .                .</p>\r\n\r\n<p dir="rtl">  &nbsp; Q41&nbsp;       &nbsp;      .</p>\r\n\r\n<ol dir="rtl">\r\n\t<li>      </li>\r\n\t<li>          .</li>\r\n\t<li>       </li>\r\n\t<li>    </li>\r\n\t<li>24/7    </li>\r\n</ol>\r\n\r\n<h2 dir="rtl"><strong> </strong></h2>\r\n\r\n<p dir="rtl">    Q41                      .                &nbsp;            .</p>\r\n\r\n<p dir="rtl"> &nbsp;   M3                           .</p>	\N	\N	\N	\N	\N	\N	\N	\N		2020-11-03 14:39:16.699757+03:30	1	   Q41                         .         U                           	t	1
26	         	\N	\N	\N	    YX_AB350	\N	\N	\N	----YX-AB350.jpg	     YX_AB350	----yx_ab350	1	<h2 dir="rtl">  &nbsp;               .                .</h2>\r\n\r\n<p dir="rtl"><strong>   :</strong></p>\r\n\r\n<p dir="rtl">    YX_AB350&nbsp;                         .</p>\r\n\r\n<p dir="rtl">                                         .</p>\r\n\r\n<p dir="rtl">  PLC        </p>\r\n\r\n<p dir="rtl">    </p>\r\n\r\n<p dir="rtl">      </p>\r\n\r\n<p dir="rtl">     </p>\r\n\r\n<p dir="rtl">  &nbsp;       </p>\r\n\r\n<p dir="rtl"><img alt="  " src="/images/uploads/2020/11/03/893d233336b8ae7d435f13484d61283b-600x600.jpg" style="height:600px; width:600px" /></p>	\N	\N	\N	\N	\N	\N	\N	\N		2020-11-03 14:45:09.760014+03:30	1	                  .                .	t	1
27	  ,    				    400	\N	\N	\N	----400.jpg	     400	----400	1	<h2 style="box-sizing: border-box; margin: 0px 0px 10px; padding: 0px; border: 0px #e1e1e1; font-variant-numeric: inherit; font-variant-east-asian: inherit; font-weight: 600; font-stretch: inherit; line-height: 1.1em; font-family: metrophobic, HelveticaNeue, 'Helvetica Neue', Helvetica-Neue, Helvetica, Arial, sans-serif; vertical-align: baseline; color: #2c353d; text-align: right;"><strong style="box-sizing: border-box; margin: 0px; padding: 0px; border: 0px #e1e1e1; font-style: inherit; font-variant: inherit; font-weight: bold; font-stretch: inherit; font-size: inherit; line-height: inherit; font-family: inherit; vertical-align: baseline; color: inherit;">   400 &ndash;      </strong></h2>\r\n<h3 style="box-sizing: border-box; margin: 0px 0px 8px; padding: 0px; border: 0px #e1e1e1; font-variant-numeric: inherit; font-variant-east-asian: inherit; font-weight: 600; font-stretch: inherit; font-size: 20px; line-height: 1.1em; font-family: metrophobic, HelveticaNeue, 'Helvetica Neue', Helvetica-Neue, Helvetica, Arial, sans-serif; vertical-align: baseline; color: #2c353d; text-align: right;"><strong style="box-sizing: border-box; margin: 0px; padding: 0px; border: 0px #e1e1e1; font-style: inherit; font-variant: inherit; font-weight: bold; font-stretch: inherit; font-size: inherit; line-height: inherit; font-family: inherit; vertical-align: baseline; color: inherit;">          .</strong></h3>\r\n<h3 style="box-sizing: border-box; margin: 0px 0px 8px; padding: 0px; border: 0px #e1e1e1; font-variant-numeric: inherit; font-variant-east-asian: inherit; font-weight: 600; font-stretch: inherit; font-size: 20px; line-height: 1.1em; font-family: metrophobic, HelveticaNeue, 'Helvetica Neue', Helvetica-Neue, Helvetica, Arial, sans-serif; vertical-align: baseline; color: #2c353d; text-align: right;"><strong style="box-sizing: border-box; margin: 0px; padding: 0px; border: 0px #e1e1e1; font-style: inherit; font-variant: inherit; font-weight: bold; font-stretch: inherit; font-size: inherit; line-height: inherit; font-family: inherit; vertical-align: baseline; color: inherit;">         .</strong></h3>\r\n<p style="box-sizing: border-box; margin: 0.85em 0px; padding: 0px; border: 0px #e1e1e1; font-variant-numeric: inherit; font-variant-east-asian: inherit; font-stretch: inherit; font-size: 13px; line-height: inherit; font-family: arial, HelveticaNeue, 'Helvetica Neue', Helvetica-Neue, Helvetica, sans-serif; vertical-align: baseline; color: #9c9c9c; text-align: right;">            :     400                       .</p>\r\n<ul style="box-sizing: border-box; margin: 0px 7px 20px auto; padding: 0px; border: 0px #e1e1e1; font-variant-numeric: inherit; font-variant-east-asian: inherit; font-stretch: inherit; font-size: 13px; line-height: inherit; font-family: arial, HelveticaNeue, 'Helvetica Neue', Helvetica-Neue, Helvetica, sans-serif; vertical-align: baseline; list-style-position: inside; list-style-image: initial; color: #9c9c9c; text-align: right;">\r\n<li style="box-sizing: border-box; margin: 0px; padding: 0px; border: 0px #e1e1e1; font: inherit; vertical-align: baseline;"> 400                         .</li>\r\n<li style="box-sizing: border-box; margin: 0px; padding: 0px; border: 0px #e1e1e1; font: inherit; vertical-align: baseline;">                          .</li>\r\n<li style="box-sizing: border-box; margin: 0px; padding: 0px; border: 0px #e1e1e1; font: inherit; vertical-align: baseline;">                   .</li>\r\n<li style="box-sizing: border-box; margin: 0px; padding: 0px; border: 0px #e1e1e1; font: inherit; vertical-align: baseline; text-align: right;">             400     &nbsp;       .</li>\r\n</ul>\r\n<h2 style="box-sizing: border-box; margin: 0px 0px 10px; padding: 0px; border: 0px #e1e1e1; font-variant-numeric: inherit; font-variant-east-asian: inherit; font-weight: 600; font-stretch: inherit; line-height: 1.1em; font-family: metrophobic, HelveticaNeue, 'Helvetica Neue', Helvetica-Neue, Helvetica, Arial, sans-serif; vertical-align: baseline; color: #2c353d; text-align: right;"><strong style="box-sizing: border-box; margin: 0px; padding: 0px; border: 0px #e1e1e1; font-style: inherit; font-variant: inherit; font-weight: bold; font-stretch: inherit; font-size: inherit; line-height: inherit; font-family: inherit; vertical-align: baseline; color: inherit;">   <br style="box-sizing: border-box;" /></strong></h2>\r\n<p style="box-sizing: border-box; margin: 0.85em 0px; padding: 0px; border: 0px #e1e1e1; font-variant-numeric: inherit; font-variant-east-asian: inherit; font-stretch: inherit; font-size: 13px; line-height: inherit; font-family: arial, HelveticaNeue, 'Helvetica Neue', Helvetica-Neue, Helvetica, sans-serif; vertical-align: baseline; color: #9c9c9c; text-align: right;">   400          .                     .                          .</p>\r\n<p style="box-sizing: border-box; margin: 0.85em 0px; padding: 0px; border: 0px #e1e1e1; font-variant-numeric: inherit; font-variant-east-asian: inherit; font-stretch: inherit; font-size: 13px; line-height: inherit; font-family: arial, HelveticaNeue, 'Helvetica Neue', Helvetica-Neue, Helvetica, sans-serif; vertical-align: baseline; color: #9c9c9c; text-align: right;">                      .    &nbsp;   400                             .</p>\r\n<p style="box-sizing: border-box; margin: 0.85em 0px; padding: 0px; border: 0px #e1e1e1; font-variant-numeric: inherit; font-variant-east-asian: inherit; font-stretch: inherit; font-size: 13px; line-height: inherit; font-family: arial, HelveticaNeue, 'Helvetica Neue', Helvetica-Neue, Helvetica, sans-serif; vertical-align: baseline; color: #9c9c9c; text-align: right;">                   .         .     400                   .  &nbsp;             .             .</p>\r\n<h2 style="box-sizing: border-box; margin: 1.5em 0px 10px; padding: 0px; border: 0px #e1e1e1; font-variant-numeric: inherit; font-variant-east-asian: inherit; font-weight: 600; font-stretch: inherit; line-height: 1.1em; font-family: metrophobic, HelveticaNeue, 'Helvetica Neue', Helvetica-Neue, Helvetica, Arial, sans-serif; vertical-align: baseline; color: #2c353d; text-align: right;"><strong style="box-sizing: border-box; margin: 0px; padding: 0px; border: 0px #e1e1e1; font-style: inherit; font-variant: inherit; font-weight: bold; font-stretch: inherit; font-size: inherit; line-height: inherit; font-family: inherit; vertical-align: baseline; color: inherit;">       &nbsp;</strong></h2>\r\n<p style="box-sizing: border-box; margin: 0.85em 0px; padding: 0px; border: 0px #e1e1e1; font-variant-numeric: inherit; font-variant-east-asian: inherit; font-stretch: inherit; font-size: 13px; line-height: inherit; font-family: arial, HelveticaNeue, 'Helvetica Neue', Helvetica-Neue, Helvetica, sans-serif; vertical-align: baseline; color: #9c9c9c; text-align: right;">         .        400     76        .         80     180              .</p>\r\n<p style="text-align: right;"><img title="---.jpg" src="../../../../images/documents/blobid1604404994128.jpg" alt="  " width="1000" height="551" /></p>\r\n<h2 style="box-sizing: border-box; margin: 1.5em 0px 10px; padding: 0px; border: 0px #e1e1e1; font-variant-numeric: inherit; font-variant-east-asian: inherit; font-weight: 600; font-stretch: inherit; line-height: 1.1em; font-family: metrophobic, HelveticaNeue, 'Helvetica Neue', Helvetica-Neue, Helvetica, Arial, sans-serif; vertical-align: baseline; color: #2c353d;"><strong style="box-sizing: border-box; margin: 0px; padding: 0px; border: 0px #e1e1e1; font-style: inherit; font-variant: inherit; font-weight: bold; font-stretch: inherit; font-size: inherit; line-height: inherit; font-family: inherit; vertical-align: baseline; color: inherit;">      400</strong></h2>\r\n<ul style="box-sizing: border-box; margin: 0px 7px 20px auto; padding: 0px; border: 0px #e1e1e1; font-variant-numeric: inherit; font-variant-east-asian: inherit; font-stretch: inherit; font-size: 13px; line-height: inherit; font-family: arial, HelveticaNeue, 'Helvetica Neue', Helvetica-Neue, Helvetica, sans-serif; vertical-align: baseline; list-style-position: inside; list-style-image: initial; color: #9c9c9c;">\r\n<li style="box-sizing: border-box; margin: 0px; padding: 0px; border: 0px #e1e1e1; font: inherit; vertical-align: baseline;">&nbsp;      &ndash;      .</li>\r\n<li style="box-sizing: border-box; margin: 0px; padding: 0px; border: 0px #e1e1e1; font: inherit; vertical-align: baseline;">      .</li>\r\n<li style="box-sizing: border-box; margin: 0px; padding: 0px; border: 0px #e1e1e1; font: inherit; vertical-align: baseline;">    100- 240&nbsp; VAC       10%  50 &ndash; 60 </li>\r\n<li style="box-sizing: border-box; margin: 0px; padding: 0px; border: 0px #e1e1e1; font: inherit; vertical-align: baseline;">       .</li>\r\n<li style="box-sizing: border-box; margin: 0px; padding: 0px; border: 0px #e1e1e1; font: inherit; vertical-align: baseline;">         .</li>\r\n<li style="box-sizing: border-box; margin: 0px; padding: 0px; border: 0px #e1e1e1; font: inherit; vertical-align: baseline;"> </li>\r\n<li style="box-sizing: border-box; margin: 0px; padding: 0px; border: 0px #e1e1e1; font: inherit; vertical-align: baseline;">    :           &ndash;      .</li>\r\n<li style="box-sizing: border-box; margin: 0px; padding: 0px; border: 0px #e1e1e1; font: inherit; vertical-align: baseline;">               &nbsp;        80    320  .</li>\r\n<li style="box-sizing: border-box; margin: 0px; padding: 0px; border: 0px #e1e1e1; font: inherit; vertical-align: baseline;"> PLC&nbsp; &ndash;     </li>\r\n<li style="box-sizing: border-box; margin: 0px; padding: 0px; border: 0px #e1e1e1; font: inherit; vertical-align: baseline;">   &ndash;     </li>\r\n</ul>\r\n<p style="box-sizing: border-box; margin: 0.85em 0px; padding: 0px; border: 0px #e1e1e1; font-variant-numeric: inherit; font-variant-east-asian: inherit; font-stretch: inherit; font-size: 13px; line-height: inherit; font-family: arial, HelveticaNeue, 'Helvetica Neue', Helvetica-Neue, Helvetica, sans-serif; vertical-align: baseline; text-align: justify; color: #9c9c9c;">  &nbsp;  /   .</p>\r\n<h3 style="box-sizing: border-box; margin: 1.5em 0px 8px; padding: 0px; border: 0px #e1e1e1; font-variant-numeric: inherit; font-variant-east-asian: inherit; font-weight: 600; font-stretch: inherit; font-size: 20px; line-height: 1.1em; font-family: metrophobic, HelveticaNeue, 'Helvetica Neue', Helvetica-Neue, Helvetica, Arial, sans-serif; vertical-align: baseline; color: #2c353d;"><strong style="box-sizing: border-box; margin: 0px; padding: 0px; border: 0px #e1e1e1; font-style: inherit; font-variant: inherit; font-weight: bold; font-stretch: inherit; font-size: inherit; line-height: inherit; font-family: inherit; vertical-align: baseline; color: inherit;">      400<br style="box-sizing: border-box;" /></strong></h3>\r\n<p style="box-sizing: border-box; margin: 0.85em 0px; padding: 0px; border: 0px #e1e1e1; font-variant-numeric: inherit; font-variant-east-asian: inherit; font-stretch: inherit; font-size: 13px; line-height: inherit; font-family: arial, HelveticaNeue, 'Helvetica Neue', Helvetica-Neue, Helvetica, sans-serif; vertical-align: baseline; text-align: justify; color: #9c9c9c;"> : &nbsp; &nbsp; &nbsp; &nbsp;&nbsp; 80/160/240/320   (       )</p>\r\n<p style="box-sizing: border-box; margin: 0.85em 0px; padding: 0px; border: 0px #e1e1e1; font-variant-numeric: inherit; font-variant-east-asian: inherit; font-stretch: inherit; font-size: 13px; line-height: inherit; font-family: arial, HelveticaNeue, 'Helvetica Neue', Helvetica-Neue, Helvetica, sans-serif; vertical-align: baseline; text-align: justify; color: #9c9c9c;"> :&nbsp;&nbsp; (  76  )  &ndash;   300/400     &ndash;   400   (       ).</p>\r\n<p style="box-sizing: border-box; margin: 0.85em 0px; padding: 0px; border: 0px #e1e1e1; font-variant-numeric: inherit; font-variant-east-asian: inherit; font-stretch: inherit; font-size: 13px; line-height: inherit; font-family: arial, HelveticaNeue, 'Helvetica Neue', Helvetica-Neue, Helvetica, sans-serif; vertical-align: baseline; text-align: justify; color: #9c9c9c;"> : &nbsp; &nbsp; &nbsp; &nbsp;&nbsp;&nbsp; 0  180   </p>\r\n<p style="box-sizing: border-box; margin: 0.85em 0px; padding: 0px; border: 0px #e1e1e1; font-variant-numeric: inherit; font-variant-east-asian: inherit; font-stretch: inherit; font-size: 13px; line-height: inherit; font-family: arial, HelveticaNeue, 'Helvetica Neue', Helvetica-Neue, Helvetica, sans-serif; vertical-align: baseline; text-align: justify; color: #9c9c9c;"> :&nbsp;&nbsp;&nbsp;&nbsp;&nbsp;&nbsp;&nbsp;&nbsp;&nbsp;&nbsp;   1000   </p>\r\n<p style="box-sizing: border-box; margin: 0.85em 0px; padding: 0px; border: 0px #e1e1e1; font-variant-numeric: inherit; font-variant-east-asian: inherit; font-stretch: inherit; font-size: 13px; line-height: inherit; font-family: arial, HelveticaNeue, 'Helvetica Neue', Helvetica-Neue, Helvetica, sans-serif; vertical-align: baseline; text-align: justify; color: #9c9c9c;">  :&nbsp;     </p>	\N	1	\N	\N	\N	\N	\N		\N	2020-11-03 15:36:47.882248+03:30	1	   400             	f	1
28	   ,  , 				   	\N	\N	\N	Series3WineLabelerInsert.jpg	    	---	1	<p style="box-sizing: border-box; margin: 0.85em 0px; padding: 0px; border: 0px #e1e1e1; font-variant-numeric: inherit; font-variant-east-asian: inherit; font-stretch: inherit; font-size: 13px; line-height: inherit; font-family: arial, HelveticaNeue, 'Helvetica Neue', Helvetica-Neue, Helvetica, sans-serif; vertical-align: baseline; color: #9c9c9c; text-align: right;">              &nbsp;                .</p>\r\n<p style="box-sizing: border-box; margin: 0.85em 0px; padding: 0px; border: 0px #e1e1e1; font-variant-numeric: inherit; font-variant-east-asian: inherit; font-stretch: inherit; font-size: 13px; line-height: inherit; font-family: arial, HelveticaNeue, 'Helvetica Neue', Helvetica-Neue, Helvetica, sans-serif; vertical-align: baseline; color: #9c9c9c; text-align: right;">                       .        .          .</p>\r\n<h2 style="box-sizing: border-box; margin: 1.5em 0px 10px; padding: 0px; border: 0px #e1e1e1; font-variant-numeric: inherit; font-variant-east-asian: inherit; font-weight: 600; font-stretch: inherit; line-height: 1.1em; font-family: metrophobic, HelveticaNeue, 'Helvetica Neue', Helvetica-Neue, Helvetica, Arial, sans-serif; vertical-align: baseline; color: #2c353d; text-align: right;"><strong style="box-sizing: border-box; margin: 0px; padding: 0px; border: 0px #e1e1e1; font-style: inherit; font-variant: inherit; font-weight: bold; font-stretch: inherit; font-size: inherit; line-height: inherit; font-family: inherit; vertical-align: baseline; color: inherit;">     :</strong></h2>\r\n<p style="box-sizing: border-box; margin: 0.85em 0px; padding: 0px; border: 0px #e1e1e1; font-variant-numeric: inherit; font-variant-east-asian: inherit; font-stretch: inherit; font-size: 13px; line-height: inherit; font-family: arial, HelveticaNeue, 'Helvetica Neue', Helvetica-Neue, Helvetica, sans-serif; vertical-align: baseline; color: #9c9c9c; text-align: right;">:&nbsp;&nbsp;&nbsp;&nbsp;&nbsp;&nbsp;&nbsp;&nbsp;&nbsp;&nbsp;&nbsp;&nbsp;&nbsp;&nbsp;&nbsp;&nbsp;&nbsp;&nbsp;&nbsp;&nbsp;&nbsp;&nbsp;&nbsp;&nbsp;&nbsp;&nbsp;&nbsp;&nbsp;&nbsp;&nbsp;&nbsp;&nbsp;&nbsp;&nbsp;&nbsp;&nbsp;&nbsp;&nbsp;&nbsp;&nbsp;&nbsp;&nbsp;&nbsp;&nbsp;&nbsp;&nbsp;&nbsp;&nbsp;&nbsp;&nbsp;&nbsp;&nbsp;&nbsp;&nbsp; 0.5  </p>\r\n<p style="box-sizing: border-box; margin: 0.85em 0px; padding: 0px; border: 0px #e1e1e1; font-variant-numeric: inherit; font-variant-east-asian: inherit; font-stretch: inherit; font-size: 13px; line-height: inherit; font-family: arial, HelveticaNeue, 'Helvetica Neue', Helvetica-Neue, Helvetica, sans-serif; vertical-align: baseline; color: #9c9c9c; text-align: right;">:&nbsp;&nbsp;&nbsp;&nbsp;&nbsp;&nbsp;&nbsp;&nbsp;&nbsp;&nbsp;&nbsp;&nbsp;&nbsp;&nbsp;&nbsp;&nbsp;&nbsp;&nbsp;&nbsp;&nbsp;&nbsp;&nbsp;&nbsp;&nbsp;&nbsp;&nbsp;&nbsp;&nbsp;&nbsp;&nbsp;&nbsp;&nbsp;&nbsp;&nbsp;&nbsp;&nbsp;&nbsp;&nbsp;&nbsp;&nbsp;&nbsp;&nbsp;&nbsp;&nbsp;&nbsp;&nbsp;&nbsp;&nbsp;&nbsp;&nbsp; 20-15</p>\r\n<p style="box-sizing: border-box; margin: 0.85em 0px; padding: 0px; border: 0px #e1e1e1; font-variant-numeric: inherit; font-variant-east-asian: inherit; font-stretch: inherit; font-size: 13px; line-height: inherit; font-family: arial, HelveticaNeue, 'Helvetica Neue', Helvetica-Neue, Helvetica, sans-serif; vertical-align: baseline; color: #9c9c9c; text-align: right;"> :&nbsp;&nbsp;&nbsp;&nbsp;&nbsp;&nbsp;&nbsp;&nbsp;&nbsp;&nbsp;&nbsp;&nbsp;&nbsp;&nbsp;&nbsp;&nbsp;&nbsp;&nbsp;&nbsp;&nbsp;&nbsp;&nbsp;&nbsp;&nbsp;&nbsp;&nbsp;&nbsp;&nbsp;&nbsp;&nbsp;&nbsp;&nbsp;&nbsp;&nbsp;&nbsp;&nbsp;&nbsp;&nbsp;&nbsp;&nbsp;&nbsp; &nbsp;&nbsp;&nbsp;&nbsp; :200-20 :220-20  </p>\r\n<p style="box-sizing: border-box; margin: 0.85em 0px; padding: 0px; border: 0px #e1e1e1; font-variant-numeric: inherit; font-variant-east-asian: inherit; font-stretch: inherit; font-size: 13px; line-height: inherit; font-family: arial, HelveticaNeue, 'Helvetica Neue', Helvetica-Neue, Helvetica, sans-serif; vertical-align: baseline; color: #9c9c9c; text-align: right;">:&nbsp;&nbsp;&nbsp;&nbsp;&nbsp;&nbsp;&nbsp;&nbsp;&nbsp;&nbsp;&nbsp;&nbsp;&nbsp;&nbsp;&nbsp;&nbsp;&nbsp;&nbsp;&nbsp;&nbsp;&nbsp;&nbsp;&nbsp;&nbsp;&nbsp;&nbsp;&nbsp;&nbsp;&nbsp;&nbsp;&nbsp;&nbsp;&nbsp;&nbsp;&nbsp;&nbsp;&nbsp;&nbsp;&nbsp;&nbsp;&nbsp;&nbsp;&nbsp;&nbsp; &nbsp;&nbsp; &nbsp;&nbsp;&nbsp;&nbsp; 920*470*500&nbsp; &nbsp; </p>\r\n<p style="box-sizing: border-box; margin: 0.85em 0px; padding: 0px; border: 0px #e1e1e1; font-variant-numeric: inherit; font-variant-east-asian: inherit; font-stretch: inherit; font-size: 13px; line-height: inherit; font-family: arial, HelveticaNeue, 'Helvetica Neue', Helvetica-Neue, Helvetica, sans-serif; vertical-align: baseline; color: #9c9c9c; text-align: right;"> :&nbsp;&nbsp;&nbsp;&nbsp;&nbsp;&nbsp;&nbsp;&nbsp;&nbsp;&nbsp; &nbsp;&nbsp;&nbsp;&nbsp;&nbsp;&nbsp;&nbsp;&nbsp;&nbsp;&nbsp;&nbsp;&nbsp;&nbsp;&nbsp;&nbsp;&nbsp;&nbsp;&nbsp;&nbsp;&nbsp;&nbsp;&nbsp;&nbsp;&nbsp;&nbsp;&nbsp;&nbsp;&nbsp;&nbsp;&nbsp;&nbsp;&nbsp;&nbsp;&nbsp; 220(50 )</p>\r\n<p style="box-sizing: border-box; margin: 0.85em 0px; padding: 0px; border: 0px #e1e1e1; font-variant-numeric: inherit; font-variant-east-asian: inherit; font-stretch: inherit; font-size: 13px; line-height: inherit; font-family: arial, HelveticaNeue, 'Helvetica Neue', Helvetica-Neue, Helvetica, sans-serif; vertical-align: baseline; color: #9c9c9c; text-align: right;">:&nbsp;&nbsp;&nbsp;&nbsp;&nbsp;&nbsp;&nbsp;&nbsp;&nbsp;&nbsp;&nbsp;&nbsp;&nbsp;&nbsp;&nbsp;&nbsp;&nbsp;&nbsp; &nbsp;&nbsp;&nbsp;&nbsp;&nbsp;&nbsp;&nbsp;&nbsp;&nbsp;&nbsp;&nbsp;&nbsp;&nbsp;&nbsp;&nbsp;&nbsp;&nbsp;&nbsp;&nbsp;&nbsp;&nbsp;&nbsp;&nbsp;&nbsp;&nbsp;&nbsp;&nbsp;&nbsp;&nbsp;&nbsp;&nbsp;&nbsp;&nbsp;&nbsp;&nbsp; 45 </p>\r\n<p style="box-sizing: border-box; margin: 0.85em 0px; padding: 0px; border: 0px #e1e1e1; font-variant-numeric: inherit; font-variant-east-asian: inherit; font-stretch: inherit; font-size: 13px; line-height: inherit; font-family: arial, HelveticaNeue, 'Helvetica Neue', Helvetica-Neue, Helvetica, sans-serif; vertical-align: baseline; color: #9c9c9c; text-align: right;">:&nbsp;&nbsp;&nbsp;&nbsp;&nbsp;&nbsp;&nbsp;&nbsp;&nbsp;&nbsp;&nbsp;&nbsp;&nbsp;&nbsp;&nbsp;&nbsp;&nbsp;&nbsp;&nbsp;&nbsp;&nbsp;&nbsp;&nbsp;&nbsp;&nbsp;&nbsp;&nbsp;&nbsp;&nbsp;&nbsp;&nbsp;&nbsp;&nbsp;&nbsp;&nbsp;&nbsp;&nbsp;&nbsp;&nbsp;&nbsp;&nbsp;&nbsp;&nbsp;&nbsp;&nbsp;&nbsp;&nbsp;&nbsp;&nbsp;&nbsp; &nbsp;&nbsp;&nbsp;240-220 </p>\r\n<p style="box-sizing: border-box; margin: 0.85em 0px; padding: 0px; border: 0px #e1e1e1; font-variant-numeric: inherit; font-variant-east-asian: inherit; font-stretch: inherit; font-size: 13px; line-height: inherit; font-family: arial, HelveticaNeue, 'Helvetica Neue', Helvetica-Neue, Helvetica, sans-serif; vertical-align: baseline; color: #9c9c9c; text-align: right;">  :&nbsp;&nbsp;&nbsp;&nbsp;&nbsp;&nbsp;&nbsp;&nbsp;&nbsp;&nbsp;&nbsp;&nbsp;&nbsp;&nbsp;&nbsp;&nbsp;&nbsp;&nbsp;&nbsp;&nbsp;&nbsp;&nbsp;&nbsp;&nbsp;&nbsp;&nbsp;&nbsp;&nbsp;&nbsp;&nbsp;&nbsp;&nbsp; 220  </p>\r\n<p style="box-sizing: border-box; margin: 0.85em 0px; padding: 0px; border: 0px #e1e1e1; font-variant-numeric: inherit; font-variant-east-asian: inherit; font-stretch: inherit; font-size: 13px; line-height: inherit; font-family: arial, HelveticaNeue, 'Helvetica Neue', Helvetica-Neue, Helvetica, sans-serif; vertical-align: baseline; color: #9c9c9c; text-align: right;">  :&nbsp;&nbsp;&nbsp;&nbsp;&nbsp;&nbsp;&nbsp;&nbsp;&nbsp;&nbsp;&nbsp;&nbsp;&nbsp;&nbsp;&nbsp;&nbsp;&nbsp;&nbsp;&nbsp;&nbsp;&nbsp;&nbsp;&nbsp;&nbsp;&nbsp;&nbsp;&nbsp;&nbsp;&nbsp;&nbsp;&nbsp;&nbsp; 76</p>\r\n<p style="box-sizing: border-box; margin: 0.85em 0px; padding: 0px; border: 0px #e1e1e1; font-variant-numeric: inherit; font-variant-east-asian: inherit; font-stretch: inherit; font-size: 13px; line-height: inherit; font-family: arial, HelveticaNeue, 'Helvetica Neue', Helvetica-Neue, Helvetica, sans-serif; vertical-align: baseline; color: #9c9c9c; text-align: right;"><img title="Series3Chains_000-600x400.jpg" src="../../../../images/documents/blobid1604406935667.jpg" alt="       " width="600" height="400" />  </p>	\N	1	\N	\N	\N	\N	\N		\N	2020-11-03 16:09:42.547333+03:30	1	               	f	1
43	  ,  				       	\N	\N	\N	---.jpg	     	-------	1	<h2></h2>\r\n<h2>   |    |   </h2>\r\n<ol>\r\n<li>              3-8     .                   .</li>\r\n<li>                   .</li>\r\n<li>                         . <img title="--.jpg" src="../../../../images/documents/blobid1604563442023.jpg" alt="      " width="750" height="400" /></li>\r\n<li>            .      ( 3 )       ( 5  )      &nbsp; .</li>\r\n<li>                    8   .</li>\r\n<li>             .</li>\r\n<li>                   .</li>\r\n</ol>\r\n<p><img title="-----.jpg" src="../../../../images/documents/blobid1604563485791.jpg" alt="     " width="748" height="347" /><img title="----.jpg" src="../../../../images/documents/blobid1604563816492.jpg" alt="     " width="750" height="1100" /></p>\r\n<p>&nbsp;</p>	1	2	\N	\N		\N	\N		\N	2020-11-05 11:42:49.434014+03:30	1	               ..	f	23
29	        	             .              .	damirco	@damirco.com	     6000	\N	\N	\N	photo5831461013030021385_jqdrkqG.jpg	      6000	-----6000	1	<p dir="rtl"><strong>         6000:</strong></p>\r\n\r\n<p dir="rtl">       </p>\r\n\r\n<p dir="rtl">                 .</p>\r\n\r\n<p dir="rtl"> &nbsp; PLC:   </p>\r\n\r\n<p dir="rtl">                 .</p>\r\n\r\n<p dir="rtl">         .</p>\r\n\r\n<p dir="rtl">                   .    GMP   .</p>\r\n\r\n<p dir="rtl"><img alt="  " src="/images/uploads/2020/11/04/-copy.jpg" style="height:571px; width:400px" /></p>\r\n\r\n<h2 dir="rtl">       6000</h2>\r\n\r\n<p dir="rtl"> :6-4</p>\r\n\r\n<p dir="rtl">:40-10  70-20   (bottles/min)</p>\r\n\r\n<p dir="rtl"> :800-750  (kg)</p>\r\n\r\n<p dir="rtl">:1.9-1.6  (KW)</p>\r\n\r\n<p dir="rtl"> :1ph 220 V,50/60 HZ</p>\r\n\r\n<p dir="rtl"> :1000-30  (ml)</p>\r\n\r\n<p dir="rtl"> :   98 </p>\r\n\r\n<p dir="rtl"> :1800*1500*2200  1900*1500*2300   (mm)</p>	\N	\N	\N	\N	\N	\N	\N	\N		2020-11-04 11:31:20.750637+03:30	1	       \r\n\r\n                 .\r\n\r\n   PLC:   	t	1
30	        	                   40 /  	damirco	@damirco.com	     BR232	\N	\N	\N	semi-automatic-bottle-capping-machine-Copy_zcXYyCR.jpg	      BR232	-----br232	1	<h2 dir="rtl">                   40 /  </h2>\r\n\r\n<p dir="rtl">   /          BR232   .</p>\r\n\r\n<p dir="rtl">              PP Cap  .</p>\r\n\r\n<p dir="rtl">          .</p>\r\n\r\n<p dir="rtl">          </p>\r\n\r\n<p dir="rtl">    PPROPPE Alu    </p>\r\n\r\n<p dir="rtl">   </p>\r\n\r\n<p dir="rtl">       </p>\r\n\r\n<p dir="rtl">           .</p>\r\n\r\n<p dir="rtl">     </p>\r\n\r\n<p dir="rtl">      SS304</p>\r\n\r\n<p dir="rtl">         </p>\r\n\r\n<p dir="rtl"><img alt="      " src="/images/uploads/2020/11/04/30f64cb9142d2dc27b02ffbff539c07d.jpg" style="height:600px; width:600px" /></p>\r\n\r\n<h2 dir="rtl"><strong>       BR232:</strong></h2>\r\n\r\n<table dir="rtl" style="height:297px; width:752px">\r\n\t<tbody>\r\n\t\t<tr>\r\n\t\t\t<td>\r\n\t\t\t<p> </p>\r\n\t\t\t</td>\r\n\t\t\t<td>85-25  </td>\r\n\t\t</tr>\r\n\t\t<tr>\r\n\t\t\t<td>  </td>\r\n\t\t\t<td></td>\r\n\t\t</tr>\r\n\t\t<tr>\r\n\t\t\t<td> </td>\r\n\t\t\t<td>150  </td>\r\n\t\t</tr>\r\n\t\t<tr>\r\n\t\t\t<td> </td>\r\n\t\t\t<td> ( )</td>\r\n\t\t</tr>\r\n\t\t<tr>\r\n\t\t\t<td></td>\r\n\t\t\t<td>  415   220 </td>\r\n\t\t</tr>\r\n\t\t<tr>\r\n\t\t\t<td></td>\r\n\t\t\t<td>1 HP</td>\r\n\t\t</tr>\r\n\t\t<tr>\r\n\t\t\t<td> </td>\r\n\t\t\t<td>40   </td>\r\n\t\t</tr>\r\n\t\t<tr>\r\n\t\t\t<td> </td>\r\n\t\t\t<td>995*710*1350  </td>\r\n\t\t</tr>\r\n\t\t<tr>\r\n\t\t\t<td>  </td>\r\n\t\t\t<td>275 </td>\r\n\t\t</tr>\r\n\t\t<tr>\r\n\t\t\t<td>  </td>\r\n\t\t\t<td>195 </td>\r\n\t\t</tr>\r\n\t</tbody>\r\n</table>	\N	\N	\N	\N	\N	\N	\N	\N		2020-11-04 11:42:52.090021+03:30	1	                   40 /  \r\n\r\n   /          BR232   .	t	1
31	        	                              	damirco	@damirco.com	   DDX-450	\N	\N	\N	aa4386fd0df176c8905021a852eea57d_A2qJ2Lw.jpg	    DDX-450	---ddx-450	1	<h2 dir="rtl">                         &nbsp;                 </h2>\r\n\r\n<p dir="rtl">     DDX-450                        .</p>\r\n\r\n<p dir="rtl">      .</p>\r\n\r\n<p dir="rtl">                              .</p>\r\n\r\n<p dir="rtl"><img alt="    " src="/images/uploads/2020/11/04/semi-automatic-capping-machine-tenco_6-300x300.jpg" style="height:300px; width:300px" /></p>\r\n\r\n<h2 dir="rtl"><strong>     DDX-450:</strong></h2>\r\n\r\n<table dir="rtl" style="height:362px; width:756px">\r\n\t<tbody>\r\n\t\t<tr>\r\n\t\t\t<td> </td>\r\n\t\t\t<td>220 (60/50 )</td>\r\n\t\t</tr>\r\n\t\t<tr>\r\n\t\t\t<td></td>\r\n\t\t\t<td>50 </td>\r\n\t\t</tr>\r\n\t\t<tr>\r\n\t\t\t<td> </td>\r\n\t\t\t<td>40-20   </td>\r\n\t\t</tr>\r\n\t\t<tr>\r\n\t\t\t<td> </td>\r\n\t\t\t<td></td>\r\n\t\t</tr>\r\n\t\t<tr>\r\n\t\t\t<td> </td>\r\n\t\t\t<td>50-10  </td>\r\n\t\t</tr>\r\n\t\t<tr>\r\n\t\t\t<td> </td>\r\n\t\t\t<td>200-40  </td>\r\n\t\t</tr>\r\n\t\t<tr>\r\n\t\t\t<td> </td>\r\n\t\t\t<td>52*30*53  </td>\r\n\t\t</tr>\r\n\t\t<tr>\r\n\t\t\t<td> &nbsp; </td>\r\n\t\t\t<td>23 </td>\r\n\t\t</tr>\r\n\t</tbody>\r\n</table>	\N	\N	\N	\N	\N	\N	\N	\N		2020-11-04 11:52:56.552999+03:30	1	                              	t	1
32	        	             .          KDK-500  .	damirco	@damirco.com	    KDK-500	\N	\N	\N	kdk500-capping-machine_3B3oLUA.jpg	     KDK-500	----kdk-500	1	<h2 dir="rtl">             .</h2>\r\n\r\n<p dir="rtl">        KDK-500  .</p>\r\n\r\n<p dir="rtl">    </p>\r\n\r\n<p dir="rtl">           .</p>\r\n\r\n<p dir="rtl">      </p>\r\n\r\n<p dir="rtl">     </p>\r\n\r\n<p dir="rtl">          .</p>\r\n\r\n<p dir="rtl">     KDK-500       GMP   .</p>\r\n\r\n<p dir="rtl">                     .</p>\r\n\r\n<p dir="rtl"><img alt="    " src="/images/uploads/2020/11/04/kdk500-capping-machine-01-1.jpg" style="height:119px; width:400px" /></p>\r\n\r\n<h3 dir="rtl"><strong>      KDK-500:</strong></h3>\r\n\r\n<table dir="rtl" style="height:367px; width:789px">\r\n\t<tbody>\r\n\t\t<tr>\r\n\t\t\t<td></td>\r\n\t\t\t<td>60-30  /</td>\r\n\t\t</tr>\r\n\t\t<tr>\r\n\t\t\t<td> </td>\r\n\t\t\t<td>6-3     </td>\r\n\t\t</tr>\r\n\t\t<tr>\r\n\t\t\t<td> </td>\r\n\t\t\t<td>650 </td>\r\n\t\t</tr>\r\n\t\t<tr>\r\n\t\t\t<td>  </td>\r\n\t\t\t<td>800 </td>\r\n\t\t</tr>\r\n\t\t<tr>\r\n\t\t\t<td>  </td>\r\n\t\t\t<td>2350*1150*1950  </td>\r\n\t\t</tr>\r\n\t\t<tr>\r\n\t\t\t<td> </td>\r\n\t\t\t<td>220  </td>\r\n\t\t</tr>\r\n\t\t<tr>\r\n\t\t\t<td> </td>\r\n\t\t\t<td>HP1</td>\r\n\t\t</tr>\r\n\t</tbody>\r\n</table>\r\n\r\n<p>&nbsp;</p>\r\n\r\n<h3 dir="rtl"><strong>   :</strong></h3>\r\n\r\n<p dir="rtl"><strong><img alt="   " src="/images/uploads/2020/11/04/kdk500-capping-machine-02-1.jpg" style="height:145px; width:450px" /></strong></p>	\N	\N	\N	\N	\N	\N	\N	\N		2020-11-04 12:35:01.798682+03:30	1	             .\r\n\r\n        KDK-500  .	t	1
40	  ,   				      ACH BTU	\N	\N	\N	----_3zUYHFP.jpg	       ACH BTU	------ach-btu	1	<h3>    </h3>\r\n<p>      ACH BTU              .                        .</p>\r\n<p>&nbsp;</p>\r\n<p><img class="aligncenter wp-image-2849 size-full lazyloaded" src="http://damirco.com/wp-content/uploads/2019/08/---.jpg" sizes="(max-width: 400px) 100vw, 400px" srcset="http://damirco.com/wp-content/uploads/2019/08/---.jpg 400w, http://damirco.com/wp-content/uploads/2019/08/----300x200.jpg 300w" alt="        " width="400" height="267" data-srcset="http://damirco.com/wp-content/uploads/2019/08/---.jpg 400w, http://damirco.com/wp-content/uploads/2019/08/----300x200.jpg 300w" data-src="http://damirco.com/wp-content/uploads/2019/08/---.jpg" /></p>\r\n<h3>&nbsp;</h3>\r\n<h3>        ACH BTU</h3>\r\n<p>&nbsp;</p>\r\n<ul>\r\n<li>      (     )</li>\r\n<li>   </li>\r\n<li>       </li>\r\n<li>           </li>\r\n<li>    (       )</li>\r\n<li>           .</li>\r\n</ul>	\N	1	\N	\N	\N	\N	\N		\N	2020-11-04 16:36:56.96251+03:30	1	      ACH BTU   	f	23
36	   ,   , 	\N	\N	\N	    Medi Pack | |  	\N	\N	\N	Automatic-Single-Head-Screw-Capping-Machine.jpg	     Medi Pack | |  	----medi-pack---	1	<h2 style="text-align:right"></h2>\r\n\r\n<p style="text-align:right">  Medi Pack          &nbsp;     .</p>\r\n\r\n<h2 style="text-align:right">              .</h2>\r\n\r\n<p style="text-align:right">  &nbsp;  </p>\r\n\r\n<p style="text-align:right">              </p>\r\n\r\n<p style="text-align:right">    </p>\r\n\r\n<p style="text-align:right">  </p>\r\n\r\n<p style="text-align:right">       </p>\r\n\r\n<p style="text-align:right">    </p>\r\n\r\n<p style="text-align:right"><img alt="" src="../../../../images/documents/blobid1604490095701.jpg" style="height:500px; width:500px" title="1735800_6vojtt_r_m.jpg" /></p>\r\n\r\n<p>&nbsp;</p>\r\n\r\n<h2 style="text-align:right"><strong> &nbsp;    Medi Pack :</strong></h2>\r\n\r\n<table style="height:536px; width:645px">\r\n\t<tbody>\r\n\t\t<tr>\r\n\t\t\t<td> / </td>\r\n\t\t\t<td>3000-1000 </td>\r\n\t\t</tr>\r\n\t\t<tr>\r\n\t\t\t<td> </td>\r\n\t\t\t<td> </td>\r\n\t\t</tr>\r\n\t\t<tr>\r\n\t\t\t<td> </td>\r\n\t\t\t<td>  </td>\r\n\t\t</tr>\r\n\t\t<tr>\r\n\t\t\t<td> </td>\r\n\t\t\t<td>1HP/415 /50 </td>\r\n\t\t</tr>\r\n\t\t<tr>\r\n\t\t\t<td> </td>\r\n\t\t\t<td>300 </td>\r\n\t\t</tr>\r\n\t\t<tr>\r\n\t\t\t<td>  </td>\r\n\t\t\t<td>910-860  </td>\r\n\t\t</tr>\r\n\t\t<tr>\r\n\t\t\t<td> </td>\r\n\t\t\t<td>1525*850*1900  (L*W*H)</td>\r\n\t\t</tr>\r\n\t\t<tr>\r\n\t\t\t<td> </td>\r\n\t\t\t<td>350 </td>\r\n\t\t</tr>\r\n\t\t<tr>\r\n\t\t\t<td> </td>\r\n\t\t\t<td>550 </td>\r\n\t\t</tr>\r\n\t\t<tr>\r\n\t\t\t<td>  </td>\r\n\t\t\t<td>:18.3-15  /:56-22  </td>\r\n\t\t</tr>\r\n\t\t<tr>\r\n\t\t\t<td> </td>\r\n\t\t\t<td> :100-22  :40-240  /  ::100-15  /:50-10  /:240-40  </td>\r\n\t\t</tr>\r\n\t\t<tr>\r\n\t\t\t<td>        Medi Pack</td>\r\n\t\t\t<td>:6 </td>\r\n\t\t</tr>\r\n\t\t<tr>\r\n\t\t\t<td> </td>\r\n\t\t\t<td>1.5  </td>\r\n\t\t</tr>\r\n\t\t<tr>\r\n\t\t\t<td style="text-align:right"> </td>\r\n\t\t\t<td style="text-align:right"> ++</td>\r\n\t\t</tr>\r\n\t</tbody>\r\n</table>	\N	1	\N	\N	\N	\N	\N			2020-11-04 15:14:54.021054+03:30	1	  Medi Pack            	t	1
41	  ,  ,  				    	\N	\N	\N	2--_vjDskt4.jpg	    	----	1	<p><strong>             </strong></p>\r\n<h2>     </h2>\r\n<table class="aliDataTable" style="border-collapse: collapse; float: right;">\r\n<tbody>\r\n<tr align="left">\r\n<td valign="center" data-spm-anchor-id="a2700.details.pronpeci14.i3.85282a58BsNx55">\r\n<p style="text-align: right;"><span data-spm-anchor-id="a2700.details.pronpeci14.i9.85282a58BsNx55"> <br /></span></p>\r\n</td>\r\n<td colspan="2" valign="center">\r\n<p style="text-align: right;">1600  </p>\r\n</td>\r\n<td colspan="2" valign="center">\r\n<p style="text-align: right;">1800 </p>\r\n</td>\r\n<td colspan="2" valign="center">\r\n<p style="text-align: right;">2000 </p>\r\n</td>\r\n<td valign="center" data-spm-anchor-id="a2700.details.pronpeci14.i8.85282a58BsNx55">\r\n<p style="text-align: right;" data-spm-anchor-id="a2700.details.pronpeci14.i10.85282a58BsNx55"><span data-spm-anchor-id="a2700.details.pronpeci14.i14.85282a58BsNx55">2200  <br /></span></p>\r\n</td>\r\n</tr>\r\n<tr align="left">\r\n<td valign="center" data-spm-anchor-id="a2700.details.pronpeci14.i15.85282a58BsNx55">\r\n<p style="text-align: right;"> </p>\r\n</td>\r\n<td colspan="7" valign="center">\r\n<p style="text-align: center;" data-spm-anchor-id="a2700.details.pronpeci14.i13.85282a58BsNx55">   /&nbsp;  / </p>\r\n</td>\r\n</tr>\r\n<tr align="left">\r\n<td valign="center">\r\n<p style="text-align: right;"> </p>\r\n</td>\r\n<td colspan="7" valign="center">\r\n<p style="text-align: center;">80   </p>\r\n</td>\r\n</tr>\r\n<tr align="left">\r\n<td valign="center">\r\n<p style="text-align: right;"> </p>\r\n</td>\r\n<td colspan="7" valign="center">\r\n<p style="text-align: center;" data-spm-anchor-id="a2700.details.pronpeci14.i12.85282a58BsNx55">45-60   </p>\r\n</td>\r\n</tr>\r\n<tr align="left">\r\n<td valign="center">\r\n<p style="text-align: right;">  </p>\r\n</td>\r\n<td colspan="7" valign="center">\r\n<p style="text-align: center;">0.4-0.9  </p>\r\n</td>\r\n</tr>\r\n<tr align="left">\r\n<td rowspan="3" valign="center">\r\n<p style="text-align: right;"> </p>\r\n</td>\r\n<td colspan="2" valign="center">\r\n<p style="text-align: right;"> </p>\r\n</td>\r\n<td colspan="5" valign="center">\r\n<p style="text-align: center;"> UVE</p>\r\n</td>\r\n</tr>\r\n<tr align="left">\r\n<td colspan="2" valign="center">\r\n<p style="text-align: right;"> </p>\r\n</td>\r\n<td colspan="5" valign="center">\r\n<p style="text-align: center;">A,B,C,E,F</p>\r\n</td>\r\n</tr>\r\n<tr align="left">\r\n<td colspan="7" valign="center">\r\n<p style="text-align: center;">            </p>\r\n</td>\r\n</tr>\r\n<tr align="left">\r\n<td valign="center">\r\n<p style="text-align: right;">   </p>\r\n</td>\r\n<td colspan="7" valign="center">\r\n<p style="text-align: center;">280  </p>\r\n</td>\r\n</tr>\r\n<tr align="left">\r\n<td style="text-align: right;" valign="center"> </td>\r\n<td colspan="7" valign="center">\r\n<p style="text-align: center;">130  </p>\r\n</td>\r\n</tr>\r\n<tr align="left">\r\n<td valign="center">\r\n<p style="text-align: right;"></p>\r\n</td>\r\n<td colspan="7" valign="center">\r\n<p style="text-align: center;"> </p>\r\n</td>\r\n</tr>\r\n<tr align="left">\r\n<td valign="center">\r\n<p style="text-align: right;"> </p>\r\n</td>\r\n<td colspan="7" valign="center">\r\n<p style="text-align: center;">&nbsp; 48CrMo  </p>\r\n</td>\r\n</tr>\r\n<tr align="left">\r\n<td valign="center">\r\n<p style="text-align: right;">  ( )</p>\r\n</td>\r\n<td valign="center">\r\n<p style="text-align: center;">3300*1300*1700</p>\r\n</td>\r\n<td colspan="2" valign="center">\r\n<p style="text-align: center;">3550*1300*1700</p>\r\n</td>\r\n<td colspan="4" valign="center" data-spm-anchor-id="a2700.details.pronpeci14.i7.85282a58BsNx55">\r\n<p style="text-align: center;" data-spm-anchor-id="a2700.details.pronpeci14.i5.85282a58BsNx55"><span data-spm-anchor-id="a2700.details.pronpeci14.i6.85282a58BsNx55">3800*1300</span></p>\r\n</td>\r\n</tr>\r\n</tbody>\r\n</table>\r\n<p>&nbsp;</p>\r\n<p>&nbsp;</p>\r\n<p>&nbsp;</p>\r\n<p>&nbsp;</p>\r\n<p>&nbsp;</p>\r\n<p>&nbsp;</p>\r\n<p>&nbsp;</p>\r\n<p>&nbsp;</p>\r\n<p>&nbsp;</p>\r\n<p>&nbsp;</p>\r\n<p>&nbsp;</p>\r\n<p>&nbsp;</p>\r\n<p>&nbsp;</p>\r\n<p>&nbsp;</p>\r\n<p>&nbsp;</p>\r\n<p>&nbsp;</p>\r\n<p>&nbsp;</p>\r\n<p>&nbsp;</p>\r\n<p>&nbsp;</p>\r\n<p>&nbsp;</p>\r\n<p>&nbsp;</p>\r\n<p>&nbsp;</p>\r\n<p>&nbsp;</p>\r\n<p>&nbsp;</p>\r\n<p>&nbsp;</p>\r\n<h2>     </h2>\r\n<p>          .                   .</p>\r\n<p><img title="--.jpg" src="../../../../images/documents/blobid1604496148461.jpg" alt="    " width="550" height="492" /></p>\r\n<h2> </h2>\r\n<p>1-    </p>\r\n<p>2-       /  48CrMo         .      HRC55~60            .</p>\r\n<p>3-    .</p>\r\n<p>4-         .</p>\r\n<p>5-           .</p>\r\n<p>6-           .</p>\r\n<p>7-                  .</p>\r\n<p>8-          .</p>\r\n<p>9-   1400 2000   .</p>\r\n<p>10-                 .</p>\r\n<p>&nbsp;</p>\r\n<p><img title="--.jpg" src="../../../../images/documents/blobid1604496169448.jpg" alt="       " width="500" height="306" /></p>	\N	1	\N	\N	\N	\N	\N		\N	2020-11-04 16:53:47.144875+03:30	1	              	f	23
42	    ,   5 ,    ,   				----	\N	\N	\N	--_XKyRS5r.jpg	        	----	1	<p><strong> &nbsp;    3  5  7     250 - 2200  </strong></p>\r\n<p>&nbsp;</p>\r\n<h2><strong>   <br /></strong></h2>\r\n<p> : WJ250-2200 3/5/7    </p>\r\n<p>           .</p>\r\n<p>       3   5   7               :</p>\r\n<ul>\r\n<li> </li>\r\n<li>  (   )   </li>\r\n<li>   </li>\r\n<li>  </li>\r\n<li>  </li>\r\n<li>  </li>\r\n<li>   </li>\r\n<li>    </li>\r\n<li>   </li>\r\n<li> </li>\r\n<li>    .</li>\r\n</ul>\r\n<p>&nbsp;</p>\r\n<p>                                           .</p>\r\n<p>  (CATON)                    100 - 250      .          1400  2500     5  A/C/B/E/F&nbsp;       UV  V   .</p>\r\n<p><img title="-------coton.jpg" src="../../../../images/documents/blobid1604496712351.jpg" alt="         " width="291" height="243" /></p>\r\n<p>&nbsp;</p>\r\n<table class="has-title all magic-9">\r\n<tbody>\r\n<tr>\r\n<td colspan="4">\r\n<div class="magic-10" data-spm-anchor-id="a2700.details.pronpeci14.i4.34627243lbfxAb">\r\n<h3 class="magic-11">    7 </h3>\r\n</div>\r\n</td>\r\n<td>\r\n<div class="magic-14">&nbsp;</div>\r\n</td>\r\n</tr>\r\n<tr>\r\n<td>\r\n<div class="magic-15"></div>\r\n</td>\r\n<td>\r\n<div class="magic-16"> </div>\r\n</td>\r\n<td>\r\n<div class="magic-17"></div>\r\n</td>\r\n<td></td>\r\n<td>\r\n<div class="magic-19"></div>\r\n</td>\r\n</tr>\r\n<tr>\r\n<td>\r\n<div class="magic-15">ZJ-F</div>\r\n</td>\r\n<td>\r\n<div class="magic-16">    </div>\r\n</td>\r\n<td>\r\n<div class="magic-17">a</div>\r\n</td>\r\n<td>\r\n<div class="magic-18">7</div>\r\n</td>\r\n<td>\r\n<div class="magic-19">      </div>\r\n</td>\r\n</tr>\r\n<tr>\r\n<td>\r\n<div class="magic-15">&nbsp;</div>\r\n</td>\r\n<td>\r\n<div class="magic-16">  </div>\r\n</td>\r\n<td>\r\n<div class="magic-17">a</div>\r\n</td>\r\n<td>\r\n<div class="magic-18">14</div>\r\n</td>\r\n<td>\r\n<div class="magic-19">   6000          10     .</div>\r\n</td>\r\n</tr>\r\n<tr>\r\n<td>\r\n<div class="magic-15">RG-1-600</div>\r\n</td>\r\n<td>\r\n<div class="magic-16">  </div>\r\n</td>\r\n<td>\r\n<div class="magic-17">a</div>\r\n</td>\r\n<td>\r\n<div class="magic-18">3</div>\r\n</td>\r\n<td>\r\n<div dir="ltr"> 600            .        360   .</div>\r\n</td>\r\n</tr>\r\n<tr>\r\n<td>\r\n<div class="magic-15">SF-405E</div>\r\n</td>\r\n<td>\r\n<div class="magic-16">   </div>\r\n</td>\r\n<td>\r\n<div class="magic-17">a</div>\r\n</td>\r\n<td>\r\n<div class="magic-18">3</div>\r\n</td>\r\n<td>\r\n<div>   280        / &nbsp; 48CrMo   . .           .</div>\r\n</td>\r\n</tr>\r\n<tr>\r\n<td>\r\n<div class="magic-15">RG-4-600</div>\r\n</td>\r\n<td>\r\n<div class="magic-16">  3 </div>\r\n</td>\r\n<td>\r\n<div class="magic-17">a</div>\r\n</td>\r\n<td>\r\n<div class="magic-18">1</div>\r\n</td>\r\n<td>\r\n<div> 600            .        360   .</div>\r\n<div class="magic-19" dir="ltr">&nbsp;</div>\r\n</td>\r\n</tr>\r\n<tr>\r\n<td>\r\n<div class="magic-15">GM-18</div>\r\n</td>\r\n<td>\r\n<div class="magic-16">  3 </div>\r\n</td>\r\n<td>\r\n<div class="magic-17">a</div>\r\n</td>\r\n<td>\r\n<div class="magic-18">1</div>\r\n</td>\r\n<td>\r\n<div>    215            .</div>\r\n</td>\r\n</tr>\r\n<tr>\r\n<td>\r\n<div class="magic-15">ZDF</div>\r\n</td>\r\n<td>\r\n<div class="magic-16">  </div>\r\n</td>\r\n<td>\r\n<div class="magic-17">set</div>\r\n</td>\r\n<td>\r\n<div class="magic-18">1</div>\r\n</td>\r\n<td>\r\n<div>   200                .</div>\r\n</td>\r\n</tr>\r\n<tr>\r\n<td>\r\n<div class="magic-15">SM-F</div>\r\n</td>\r\n<td>\r\n<div class="magic-16"> </div>\r\n</td>\r\n<td>\r\n<div class="magic-17">set</div>\r\n</td>\r\n<td>\r\n<div class="magic-18">1</div>\r\n</td>\r\n<td>\r\n<div> 360    GB      600*400   .       .    PLC   .       .</div>\r\n</td>\r\n</tr>\r\n<tr>\r\n<td>\r\n<div class="magic-15">ZQS</div>\r\n</td>\r\n<td>\r\n<div class="magic-16">  </div>\r\n</td>\r\n<td>\r\n<div class="magic-17">set</div>\r\n</td>\r\n<td>\r\n<div class="magic-18">1</div>\r\n</td>\r\n<td>\r\n<div>      &nbsp;  5              .</div>\r\n</td>\r\n</tr>\r\n<tr>\r\n<td>\r\n<div class="magic-15">NC-120</div>\r\n</td>\r\n<td>\r\n<div class="magic-16">   NC</div>\r\n</td>\r\n<td>\r\n<div class="magic-17">set</div>\r\n</td>\r\n<td>\r\n<div class="magic-18">1</div>\r\n</td>\r\n<td>\r\n<div class="magic-19">      &nbsp;  5              .</div>\r\n</td>\r\n</tr>\r\n<tr>\r\n<td>\r\n<div class="magic-15">DMT-120</div>\r\n</td>\r\n<td>\r\n<div class="magic-16">   </div>\r\n</td>\r\n<td>\r\n<div class="magic-17">a</div>\r\n</td>\r\n<td>\r\n<div class="magic-18">1</div>\r\n</td>\r\n<td>\r\n<div class="magic-19">                 .</div>\r\n</td>\r\n</tr>\r\n<tr>\r\n<td>\r\n<div class="magic-15">ZJZ</div>\r\n</td>\r\n<td>\r\n<div class="magic-16">  </div>\r\n</td>\r\n<td>\r\n<div class="magic-17">set</div>\r\n</td>\r\n<td>\r\n<div class="magic-18">1</div>\r\n</td>\r\n<td>\r\n<div>                 .       .</div>\r\n</td>\r\n</tr>\r\n<tr>\r\n<td>\r\n<div class="magic-15">QU</div>\r\n</td>\r\n<td>\r\n<div class="magic-16">  </div>\r\n</td>\r\n<td>\r\n<div class="magic-17">a</div>\r\n</td>\r\n<td>\r\n<div class="magic-18">1</div>\r\n</td>\r\n<td>\r\n<div>  0.6m&sup3; .&nbsp;        .</div>\r\n<div class="magic-19">&nbsp;</div>\r\n</td>\r\n</tr>\r\n<tr>\r\n<td>\r\n<div class="magic-15">ZQ</div>\r\n</td>\r\n<td>\r\n<div class="magic-16"> </div>\r\n</td>\r\n<td>\r\n<div class="magic-17">set</div>\r\n</td>\r\n<td>\r\n<div class="magic-18">1</div>\r\n</td>\r\n<td>\r\n<div>       .         .</div>\r\n</td>\r\n</tr>\r\n<tr>\r\n<td>\r\n<div class="magic-15">DQ</div>\r\n</td>\r\n<td>\r\n<div class="magic-16">  </div>\r\n</td>\r\n<td>\r\n<div class="magic-17">set</div>\r\n</td>\r\n<td>\r\n<div class="magic-18">1</div>\r\n</td>\r\n<td>\r\n<div class="magic-19" data-spm-anchor-id="a2700.details.pronpeci14.i5.34627243lbfxAb">\r\n<p>          NC         .&nbsp;        .</p>\r\n<p>      .    .</p>\r\n<p>       .</p>\r\n</div>\r\n</td>\r\n</tr>\r\n</tbody>\r\n</table>\r\n<p><img title="--.jpg" src="../../../../images/documents/blobid1604496745716.jpg" alt="       7 " width="750" height="400" /></p>\r\n<hr />\r\n<p>&nbsp;</p>\r\n<h2>      </h2>\r\n<p><img title="-----.jpg" src="../../../../images/documents/blobid1604496772255.jpg" alt="    " width="800" height="497" /></p>\r\n<p><strong> </strong></p>\r\n<p>             .            .&nbsp;         .</p>\r\n<p>                .</p>\r\n<p>                     .</p>\r\n<div class="text-title" data-id="right-title"><strong>&nbsp; </strong></div>\r\n<div data-id="right-title">&nbsp;</div>\r\n<div data-id="right-title">\r\n<div> :  </div>\r\n<div>  :  2500     800  </div>\r\n<div>  :  2500     250  </div>\r\n<div>     :  5000 </div>\r\n<div>   : 270  </div>\r\n<div>  : 0.4  0.8 </div>\r\n<div> :  280   50 </div>\r\n</div>\r\n<div><hr /></div>\r\n<div data-id="right-title">\r\n<div>&nbsp;</div>\r\n</div>\r\n<div>&nbsp;</div>\r\n<h2>      </h2>\r\n<p><img title="     .jpg" src="../../../../images/documents/blobid1604496801106.jpg" alt="      " width="400" height="300" /></p>\r\n<p><strong> </strong></p>\r\n<p>                    .</p>\r\n<p>                           .</p>\r\n<p>               360    .</p>\r\n<p><strong> </strong></p>\r\n<p>    :&nbsp; 1000  </p>\r\n<p>  : 114 * 2  </p>\r\n<p> : 380   50 </p>\r\n<p>  : 250  <span style="font-size: medium;"><br /></span></p>\r\n<hr />\r\n<p>&nbsp;</p>\r\n<p>&nbsp;</p>\r\n<h2>     </h2>\r\n<p><img title="---.jpg" src="../../../../images/documents/blobid1604496830237.jpg" alt="    " width="800" height="278" /></p>\r\n<h3><strong> </strong></h3>\r\n<p> : 250   </p>\r\n<p>  : 2500  </p>\r\n<p>   (<span data-spm-anchor-id="a2700.details.pronpeci14.i17.51d72f97IOoweK"> corrugating roller</span>)   : 405   (    )     495        420   .</p>\r\n<p>                       .                 .</p>\r\n<p>      15    .                           .<span style="font-size: large;" data-spm-anchor-id="a2700.details.pronpeci14.i17.51d72f97IOoweK"><br /></span></p>\r\n<p>          <span data-spm-anchor-id="a2700.details.pronpeci14.i17.51d72f97IOoweK">50CRMO</span>              .</p>\r\n<p>            .</p>\r\n<p>        .                   .</p>\r\n<p>          .</p>\r\n<p>                         .</p>\r\n<h3><strong>&nbsp; </strong></h3>\r\n<p>   : 2500  </p>\r\n<p>  :      (    )</p>\r\n<p> : 250   </p>\r\n<p>  : 160  200   </p>\r\n<p>  : 0.4  0.9 </p>\r\n<p>  : 0.8  1.3 </p>\r\n<p>   : UV  UVV</p>\r\n<div><hr />\r\n<p>&nbsp;</p>\r\n</div>\r\n<div>&nbsp;</div>\r\n<div>&nbsp;</div>\r\n<h2>     </h2>\r\n<p><img title="--.jpg" src="../../../../images/documents/blobid1604496864577.jpg" alt="    " width="800" height="221" /></p>\r\n<h3><strong>  </strong></h3>\r\n<p>   : 2500  </p>\r\n<p>  :      (    )</p>\r\n<p> : 250   </p>\r\n<p>  : 160  200   </p>\r\n<p>  : 0.4  0.9 </p>\r\n<p>  : 0.8  1.3 </p>\r\n<p>   : UV  UVV</p>\r\n<p>   : 20 </p>\r\n<hr />\r\n<p>&nbsp;</p>\r\n<p>&nbsp;</p>\r\n<h2><strong>   </strong></h2>\r\n<p><img title="---.jpg" src="../../../../images/documents/blobid1604496897445.jpg" alt="     " width="800" height="473" /></p>\r\n<p><strong> </strong></p>\r\n<p>   : 2500  </p>\r\n<p>  :      (    )</p>\r\n<p> : 250   </p>\r\n<p> :   6  10 </p>\r\n<p>   : 125  </p>\r\n<p>   : 1850  </p>\r\n<p>    : 0  </p>\r\n<p>   : <span data-spm-anchor-id="a2700.details.pronpeci14.i22.51d72f97IOoweK">&plusmn;</span> 0.5  </p>\r\n<p class="magic-35" dir="ltr">&nbsp;</p>	1	2	\N	\N		\N	\N		\N	2020-11-04 17:06:50.964863+03:30	1	   7         250     	f	23
44	   ,   ,  				---	\N	\N	\N	--.jpg	    	---	1	<h2></h2>\r\n<p><strong>         .</strong></p>\r\n<p>&nbsp;</p>\r\n<h2><strong>   </strong></h2>\r\n<p>                 .                    6 &ndash; 8    .</p>\r\n<p><img title="------.jpg" src="../../../../images/documents/blobid1604569944109.jpg" alt="      " width="750" height="765" /></p>\r\n<h2><strong>     </strong></h2>\r\n<p><strong><span data-spm-anchor-id="a2700.details.pronpeci14.i7.c1a835f2MokD0x">&nbsp;</span></strong></p>\r\n<table border="1">\r\n<tbody>\r\n<tr>\r\n<td></td>\r\n<td> (mm)</td>\r\n<td></td>\r\n<td></td>\r\n</tr>\r\n<tr>\r\n<td>1.  </td>\r\n<td>1700*900*1550</td>\r\n<td>2.6kw</td>\r\n<td>380v 50hz</td>\r\n</tr>\r\n<tr>\r\n<td>2.    </td>\r\n<td>1200*1000*1650</td>\r\n<td>18kw</td>\r\n<td>380V/50hz</td>\r\n</tr>\r\n<tr>\r\n<td>3. </td>\r\n<td data-spm-anchor-id="a2700.details.pronpeci14.i4.c1a835f2MokD0x">1010*616*975</td>\r\n<td>4kw</td>\r\n<td>380v 50hz</td>\r\n</tr>\r\n<tr>\r\n<td>4. </td>\r\n<td>1200*1000*1650</td>\r\n<td>18kw</td>\r\n<td>380v 50hz</td>\r\n</tr>\r\n<tr>\r\n<td>5.   </td>\r\n<td><span data-spm-anchor-id="a2700.details.pronpeci14.i8.c1a835f2MokD0x">1200*1000*1650</span></td>\r\n<td><span data-spm-anchor-id="a2700.details.pronpeci14.i5.c1a835f2MokD0x">18kw</span></td>\r\n<td>380v 50hz</td>\r\n</tr>\r\n<tr>\r\n<td>5.  </td>\r\n<td>&nbsp;1300*1300*1750</td>\r\n<td data-spm-anchor-id="a2700.details.pronpeci14.i6.c1a835f2MokD0x">&nbsp;/</td>\r\n<td>/</td>\r\n</tr>\r\n</tbody>\r\n</table>\r\n<h3>&nbsp;</h3>\r\n<h3><strong>1</strong><strong>-  </strong></h3>\r\n<h3><img title="----.jpg" src="../../../../images/documents/blobid1604570036082.jpg" alt="    " width="750" height="547" /></h3>\r\n<p>             3-6     .                       .</p>\r\n<p>&nbsp;</p>\r\n<h3><strong>2-    </strong></h3>\r\n<p><strong><img title="----.jpg" src="../../../../images/documents/blobid1604570105923.jpg" alt="      " width="750" height="442" /></strong></p>\r\n<p>         :</p>\r\n<p>1-           .</p>\r\n<p>2-               .</p>\r\n<p>3-                .</p>\r\n<p>&nbsp;</p>\r\n<p>&nbsp;</p>\r\n<h3><strong>3- </strong></h3>\r\n<p><strong><img title="----.jpg" src="../../../../images/documents/blobid1604570133481.jpg" alt="     " width="750" height="451" /></strong></p>\r\n<p>        :</p>\r\n<p>1-      .</p>\r\n<p>2-      &nbsp;       .</p>\r\n<p>3-     .</p>\r\n<p>&nbsp;</p>\r\n<h3><strong>4-  </strong></h3>\r\n<p><strong><img title="----.jpg" src="../../../../images/documents/blobid1604570166351.jpg" alt="     " width="750" height="434" /></strong></p>\r\n<p>                    .        85    .            85        .</p>\r\n<p>&nbsp;</p>\r\n<h3><strong>5-  </strong></h3>\r\n<p><strong><img title="-----.jpg" src="../../../../images/documents/blobid1604570198563.jpg" alt="      " width="750" height="439" /></strong></p>\r\n<p>           .            43           8    .&nbsp;       43                        .</p>\r\n<p>&nbsp;</p>\r\n<h3><strong>6-   </strong></h3>\r\n<p><strong><img title="--.jpg" src="../../../../images/documents/blobid1604570225705.jpg" alt="   " width="750" height="443" /></strong></p>\r\n<p>   200  300  500  1000            .                .</p>\r\n<p><img class="alignnone size-full wp-image-4323 lazyloaded" src="http://damirco.com/wp-content/uploads/2020/03/----.jpg" alt="     " width="750" height="767" data-srcset="http://damirco.com/wp-content/uploads/2020/03/----.jpg 750w, http://damirco.com/wp-content/uploads/2020/03/-----293x300.jpg 293w, http://damirco.com/wp-content/uploads/2020/03/-----36x36.jpg 36w, http://damirco.com/wp-content/uploads/2020/03/-----689x705.jpg 689w, http://damirco.com/wp-content/uploads/2020/03/-----600x614.jpg 600w" data-src="http://damirco.com/wp-content/uploads/2020/03/----.jpg" /></p>\r\n<h2><span style="color: #3366ff;">           .</span></h2>	1	2	\N	\N		\N	\N		\N	2020-11-05 13:30:47.695315+03:30	1	                ...	f	23
45	  ,   ,  				--	\N	\N	\N	--1.jpg	    	--	1	<div id="tab-description" class="woocommerce-Tabs-panel woocommerce-Tabs-panel--description panel entry-content wc-tab" style="display: block;" role="tabpanel" aria-labelledby="tab-title-description">\r\n<h6><strong>    </strong></h6>\r\n<table style="border-collapse: collapse; width: 46.8179%; height: 220px;" border="1">\r\n<tbody>\r\n<tr style="height: 22px;">\r\n<td style="width: 48.9478%; height: 22px;">&nbsp; </td>\r\n<td style="width: 48.9478%; height: 22px;">    </td>\r\n</tr>\r\n<tr style="height: 22px;">\r\n<td style="width: 48.9478%; height: 22px;"></td>\r\n<td style="width: 48.9478%; height: 22px;">   </td>\r\n</tr>\r\n<tr style="height: 22px;">\r\n<td style="width: 48.9478%; height: 22px;"></td>\r\n<td style="width: 48.9478%; height: 22px;">220V / 380V</td>\r\n</tr>\r\n<tr style="height: 22px;">\r\n<td style="width: 48.9478%; height: 22px;"> </td>\r\n<td style="width: 48.9478%; height: 22px;"></td>\r\n</tr>\r\n<tr style="height: 22px;">\r\n<td style="width: 48.9478%; height: 22px;"> (L * W * H) </td>\r\n<td style="width: 48.9478%; height: 22px;">   </td>\r\n</tr>\r\n<tr style="height: 22px;">\r\n<td style="width: 48.9478%; height: 22px;"></td>\r\n<td style="width: 48.9478%; height: 22px;">1 </td>\r\n</tr>\r\n<tr style="height: 22px;">\r\n<td style="width: 48.9478%; height: 22px;">    </td>\r\n<td style="width: 48.9478%; height: 22px;">10 </td>\r\n</tr>\r\n</tbody>\r\n</table>\r\n<p>&nbsp;</p>\r\n<p>  </p>\r\n<p>1.  <strong>&larr;</strong> 2.   <strong>&larr;3. </strong>&larr;4.   &larr;5.     &larr;6.  &larr;7.  &larr;8. &larr;9.    &larr;10. &larr;11.   &larr; &larr;   &larr; 12.  &larr;13.  &larr;14.  &larr;15. &larr;16. &larr;17.  &larr;18. &larr;19. &larr;20.  &larr;21.   &larr;22.    &larr;23.  &larr;24.   </p>\r\n<p>&nbsp;<img title="   .jpg" src="../../../../images/documents/blobid1604572287273.jpg" alt="    " width="705" height="705" /></p>\r\n<p><img title="    2.jpg" src="../../../../images/documents/blobid1604572324865.jpg" alt="    " width="705" height="705" /></p>\r\n<p><img title="    3.jpg" src="../../../../images/documents/blobid1604572349882.jpg" alt="    " width="705" height="705" /></p>\r\n<p>&nbsp;</p>\r\n<div>\r\n<div id="e9rgb">\r\n<table class="aliDataTable" style="height: 974px;" width="644">\r\n<tbody>\r\n<tr>\r\n<td style="width: 601.133px;" colspan="3">\r\n<div>\r\n<h5 style="text-align: center;" data-spm-anchor-id="a2700.details.pronpeci14.i11.5470tti8tti8jY"><span style="font-size: large;">  <br /></span></h5>\r\n</div>\r\n</td>\r\n</tr>\r\n<tr>\r\n<td style="width: 44.5333px;">\r\n<div>\r\n<div><span style="font-family: Arial, Helvetica;"><strong></strong></span></div>\r\n</div>\r\n</td>\r\n<td style="width: 159.65px;">\r\n<div style="text-align: center;">\r\n<div><span style="font-family: Arial, Helvetica;"><strong></strong></span></div>\r\n</div>\r\n</td>\r\n<td style="width: 396.95px;">\r\n<div>\r\n<div style="text-align: right;"><span style="font-family: Arial, Helvetica;"> </span></div>\r\n</div>\r\n</td>\r\n</tr>\r\n<tr>\r\n<td style="width: 44.5333px;">\r\n<div>\r\n<div><span style="font-family: Arial, Helvetica;">2</span></div>\r\n</div>\r\n</td>\r\n<td style="width: 159.65px;">\r\n<div>\r\n<div><span style="font-family: Arial, Helvetica;"> </span></div>\r\n</div>\r\n</td>\r\n<td style="width: 396.95px;">\r\n<div>\r\n<div><span style="font-family: Arial, Helvetica;">         </span></div>\r\n</div>\r\n</td>\r\n</tr>\r\n<tr>\r\n<td style="width: 44.5333px;">\r\n<div>\r\n<div><span style="font-family: Arial, Helvetica;">3</span></div>\r\n</div>\r\n</td>\r\n<td style="width: 159.65px;">\r\n<div>\r\n<div><span style="font-family: Arial, Helvetica;"></span></div>\r\n</div>\r\n</td>\r\n<td style="width: 396.95px;">\r\n<div>\r\n<div data-spm-anchor-id="a2700.details.pronpeci14.i9.5470tti8tti8jY"><span style="font-family: Arial, Helvetica;">         </span></div>\r\n</div>\r\n</td>\r\n</tr>\r\n<tr>\r\n<td style="width: 44.5333px;">\r\n<div>\r\n<div><span style="font-family: Arial, Helvetica;">4</span></div>\r\n</div>\r\n</td>\r\n<td style="width: 159.65px;">\r\n<div>\r\n<div><span style="font-family: Arial, Helvetica;">  <br /></span></div>\r\n</div>\r\n</td>\r\n<td style="width: 396.95px;">\r\n<div>\r\n<div><span style="font-family: Arial, Helvetica;">       <br /></span></div>\r\n</div>\r\n</td>\r\n</tr>\r\n<tr>\r\n<td style="width: 44.5333px;">\r\n<div>\r\n<div><span style="font-family: Arial, Helvetica;">5</span></div>\r\n</div>\r\n</td>\r\n<td style="width: 159.65px;">\r\n<div>\r\n<div data-spm-anchor-id="a2700.details.pronpeci14.i10.5470tti8tti8jY"><span style="font-family: Arial, Helvetica;">    <br /></span></div>\r\n</div>\r\n</td>\r\n<td style="width: 396.95px;">\r\n<div>\r\n<div><span style="font-family: Arial, Helvetica;">            </span></div>\r\n</div>\r\n</td>\r\n</tr>\r\n<tr>\r\n<td style="width: 44.5333px;">\r\n<div>\r\n<div><span style="font-family: Arial, Helvetica;">6</span></div>\r\n</div>\r\n</td>\r\n<td style="width: 159.65px;">\r\n<div>\r\n<div><span style="font-family: Arial, Helvetica;"> </span></div>\r\n</div>\r\n</td>\r\n<td style="width: 396.95px;">  </td>\r\n</tr>\r\n<tr>\r\n<td style="width: 44.5333px;">\r\n<div>\r\n<div><span style="font-family: Arial, Helvetica;">7</span></div>\r\n</div>\r\n</td>\r\n<td style="width: 159.65px;">\r\n<div>\r\n<div><span style="font-family: Arial, Helvetica;"> </span></div>\r\n</div>\r\n</td>\r\n<td style="width: 396.95px;">\r\n<div>\r\n<div><span style="font-family: Arial, Helvetica;">    </span></div>\r\n</div>\r\n</td>\r\n</tr>\r\n<tr>\r\n<td style="width: 44.5333px;">\r\n<div>\r\n<div><span style="font-family: Arial, Helvetica;">8</span></div>\r\n</div>\r\n</td>\r\n<td style="width: 159.65px;">\r\n<div>\r\n<div><span style="font-family: Arial, Helvetica;"></span></div>\r\n</div>\r\n</td>\r\n<td style="width: 396.95px;">\r\n<div>\r\n<div><span style="font-family: Arial, Helvetica;"> ()    </span></div>\r\n</div>\r\n</td>\r\n</tr>\r\n<tr>\r\n<td style="width: 44.5333px;">\r\n<div>\r\n<div><span style="font-family: Arial, Helvetica;">9</span></div>\r\n</div>\r\n</td>\r\n<td style="width: 159.65px;">\r\n<div>\r\n<div>  </div>\r\n</div>\r\n</td>\r\n<td style="width: 396.95px;">\r\n<div>\r\n<div><span style="font-family: Arial, Helvetica;">            </span></div>\r\n</div>\r\n</td>\r\n</tr>\r\n<tr>\r\n<td style="width: 44.5333px;">\r\n<div>\r\n<div><span style="font-family: Arial, Helvetica;">10</span></div>\r\n</div>\r\n</td>\r\n<td style="width: 159.65px;">\r\n<div>\r\n<div><span style="font-family: Arial, Helvetica;"></span></div>\r\n</div>\r\n</td>\r\n<td style="width: 396.95px;">\r\n<div>\r\n<div><span style="font-family: Arial, Helvetica;">         .</span></div>\r\n</div>\r\n</td>\r\n</tr>\r\n<tr>\r\n<td style="width: 44.5333px;">\r\n<div>\r\n<div><span style="font-family: Arial, Helvetica;">&uarr;</span></div>\r\n</div>\r\n</td>\r\n<td style="width: 159.65px;"></td>\r\n<td style="width: 396.95px;">\r\n<div>\r\n<div><span style="font-family: Arial, Helvetica;">     <br /></span></div>\r\n</div>\r\n</td>\r\n</tr>\r\n<tr>\r\n<td style="width: 44.5333px;">\r\n<div>\r\n<div><span style="font-family: Arial, Helvetica;">&uarr;</span></div>\r\n</div>\r\n</td>\r\n<td style="width: 159.65px;">\r\n<div>\r\n<div><span style="font-family: Arial, Helvetica;"> <br /></span></div>\r\n</div>\r\n</td>\r\n<td style="width: 396.95px;">\r\n<div>\r\n<div><span style="font-family: Arial, Helvetica;">       </span></div>\r\n</div>\r\n</td>\r\n</tr>\r\n<tr>\r\n<td style="width: 44.5333px;">\r\n<div>\r\n<div>11</div>\r\n</div>\r\n</td>\r\n<td style="width: 159.65px;">\r\n<div>\r\n<div><span style="font-family: Arial, Helvetica;"> </span></div>\r\n</div>\r\n</td>\r\n<td style="width: 396.95px;">\r\n<div>\r\n<div>     </div>\r\n</div>\r\n</td>\r\n</tr>\r\n<tr>\r\n<td style="width: 44.5333px;">\r\n<div>\r\n<div><span style="font-family: Arial, Helvetica;">12</span></div>\r\n</div>\r\n</td>\r\n<td style="width: 159.65px;">\r\n<div>\r\n<div><span style="font-family: Arial, Helvetica;"> <br /></span></div>\r\n</div>\r\n</td>\r\n<td style="width: 396.95px;">\r\n<div>\r\n<div><span style="font-family: Arial, Helvetica;">   (  )     </span></div>\r\n</div>\r\n</td>\r\n</tr>\r\n<tr>\r\n<td style="width: 44.5333px;">\r\n<div>\r\n<div><span style="font-family: Arial, Helvetica;">13</span></div>\r\n</div>\r\n</td>\r\n<td style="width: 159.65px;">\r\n<div>\r\n<div><span style="font-family: Arial, Helvetica;"> <br /></span></div>\r\n</div>\r\n</td>\r\n<td style="width: 396.95px;">\r\n<div>\r\n<div><span style="font-family: Arial, Helvetica;">   <br /></span></div>\r\n</div>\r\n</td>\r\n</tr>\r\n<tr>\r\n<td style="width: 44.5333px;">\r\n<div>\r\n<div><span style="font-family: Arial, Helvetica;">14</span></div>\r\n</div>\r\n</td>\r\n<td style="width: 159.65px;">\r\n<div>\r\n<div><span style="font-family: Arial, Helvetica;"> <br /></span></div>\r\n</div>\r\n</td>\r\n<td style="width: 396.95px;">\r\n<div>\r\n<div><span style="font-family: Arial, Helvetica;">       <br /></span></div>\r\n</div>\r\n</td>\r\n</tr>\r\n<tr>\r\n<td style="width: 44.5333px;">\r\n<div>\r\n<div><span style="font-family: Arial, Helvetica;">16</span></div>\r\n</div>\r\n</td>\r\n<td style="width: 159.65px;">\r\n<div>\r\n<div><span style="font-family: Arial, Helvetica;"></span></div>\r\n</div>\r\n</td>\r\n<td style="width: 396.95px;">\r\n<div>\r\n<div><span style="font-family: Arial, Helvetica;">    <br /></span></div>\r\n</div>\r\n</td>\r\n</tr>\r\n<tr>\r\n<td style="width: 44.5333px;">\r\n<div>\r\n<div><span style="font-family: Arial, Helvetica;">17</span></div>\r\n</div>\r\n</td>\r\n<td style="width: 159.65px;">\r\n<div>\r\n<div><span style="font-family: Arial, Helvetica;"> <br /></span></div>\r\n</div>\r\n</td>\r\n<td style="width: 396.95px;">\r\n<div>\r\n<div><span style="font-family: Arial, Helvetica;">     </span></div>\r\n</div>\r\n</td>\r\n</tr>\r\n<tr>\r\n<td style="width: 44.5333px;">\r\n<div>\r\n<div><span style="font-family: Arial, Helvetica;">18</span></div>\r\n</div>\r\n</td>\r\n<td style="width: 159.65px;">\r\n<div>\r\n<div><span style="font-family: Arial, Helvetica;"><br /></span></div>\r\n</div>\r\n</td>\r\n<td style="width: 396.95px;">\r\n<div>\r\n<div><span style="font-family: Arial, Helvetica;">    <br /></span></div>\r\n</div>\r\n</td>\r\n</tr>\r\n<tr>\r\n<td style="width: 44.5333px;">\r\n<div>\r\n<div><span style="font-family: Arial, Helvetica;">20</span></div>\r\n</div>\r\n</td>\r\n<td style="width: 159.65px;">\r\n<div>\r\n<div><span style="font-family: Arial, Helvetica;"> <br /></span></div>\r\n</div>\r\n</td>\r\n<td style="width: 396.95px;">\r\n<div>\r\n<div><span style="font-family: Arial, Helvetica;">     </span></div>\r\n</div>\r\n</td>\r\n</tr>\r\n<tr>\r\n<td style="width: 44.5333px;">\r\n<div>\r\n<div><span style="font-family: Arial, Helvetica;">22</span></div>\r\n</div>\r\n</td>\r\n<td style="width: 159.65px;">\r\n<div>\r\n<div><span style="font-family: Arial, Helvetica;"> <br /></span></div>\r\n</div>\r\n</td>\r\n<td style="width: 396.95px;">\r\n<div>\r\n<div><span style="font-family: Arial, Helvetica;">     </span></div>\r\n</div>\r\n</td>\r\n</tr>\r\n<tr>\r\n<td style="width: 44.5333px;">\r\n<div>\r\n<div><span style="font-family: Arial, Helvetica;">23</span></div>\r\n</div>\r\n</td>\r\n<td style="width: 159.65px;"> </td>\r\n<td style="width: 396.95px;">\r\n<div>\r\n<div><span style="font-family: Arial, Helvetica;">&nbsp;      </span></div>\r\n</div>\r\n</td>\r\n</tr>\r\n</tbody>\r\n</table>\r\n</div>\r\n</div>\r\n<div>\r\n<div>\r\n<div id="96f00" data-spm-anchor-id="a2700.details.pronpeci14.i14.5470tti8tti8jY">\r\n<h5>  </h5>\r\n<p>1) .                      .</p>\r\n<p>2)          .</p>\r\n<p>3)                         .</p>\r\n<p>             </p>\r\n<p><strong>2)&nbsp;  </strong><br />             .<br />         (    )   .</p>\r\n<h3><span style="color: #3f6fff;"><img title="     .jpg" src="../../../../images/documents/blobid1604573283880.jpg" alt="" width="375" height="493" /><br /></span></h3>\r\n<p><strong>3) </strong></p>\r\n<p>         </p>\r\n<p><img title="     .jpg" src="../../../../images/documents/blobid1604573738641.jpg" alt="       " width="373" height="213" /></p>\r\n<p><strong>4)   </strong></p>\r\n<p>       </p>\r\n<p><img title=".jpg" src="../../../../images/documents/blobid1604573839577.jpg" alt="   " width="370" height="211" /></p>\r\n<p><strong>5)     </strong></p>\r\n<p>            </p>\r\n</div>\r\n<p><img title="      .jpg" src="../../../../images/documents/blobid1604573915576.jpg" alt="      " width="379" height="268" /></p>\r\n<p><strong>6) </strong></p>\r\n<p>  </p>\r\n<p><img title=" .jpg" src="../../../../images/documents/blobid1604573963807.jpg" alt="      " width="374" height="281" /></p>\r\n</div>\r\n<p><strong>7)  </strong></p>\r\n<p>       </p>\r\n<p><img title="  .jpg" src="../../../../images/documents/blobid1604573991625.jpg" alt="      " width="376" height="267" /></p>\r\n<p><strong>8) </strong></p>\r\n<p> ()    </p>\r\n<p><img title="    .jpg" src="../../../../images/documents/blobid1604574059623.jpg" alt="     " width="378" height="500" /></p>\r\n<p><strong>9)   </strong></p>\r\n<p>           </p>\r\n<p><img title="  .jpg" src="../../../../images/documents/blobid1604574101085.jpg" alt="        " width="374" height="499" /></p>\r\n<p><strong>10) </strong></p>\r\n<p>         </p>\r\n<p><img title="  .jpg" src="../../../../images/documents/blobid1604574137278.jpg" alt="      " width="600" height="332" /></p>\r\n<p><strong> </strong></p>\r\n<p>       </p>\r\n<p><img title="  .jpg" src="../../../../images/documents/blobid1604574163663.jpg" alt="" width="600" height="423" /></p>\r\n<p><strong>11)  </strong></p>\r\n<p>     </p>\r\n<p><img title="  .jpg" src="../../../../images/documents/blobid1604574178513.jpg" alt="" width="600" height="447" /></p>\r\n<p><strong>12)  </strong></p>\r\n<p>   (  )     </p>\r\n<p><img title="  .jpg" src="../../../../images/documents/blobid1604574220157.jpg" alt="    " width="600" height="344" /></p>\r\n<p><strong>13)  </strong></p>\r\n<p>   </p>\r\n<p><img title="  .jpg" src="../../../../images/documents/blobid1604574255946.jpg" alt="     " width="600" height="396" /></p>\r\n<p><strong>14)  </strong></p>\r\n<p>       </p>\r\n<p><img title=" .jpg" src="../../../../images/documents/blobid1604574290504.jpg" alt="   " width="600" height="404" /></p>\r\n<p><strong>16) </strong></p>\r\n<p>    </p>\r\n<p><img title=" .jpg" src="../../../../images/documents/blobid1604574309144.jpg" alt="    " width="600" height="438" /></p>\r\n<p><strong>18) </strong></p>\r\n<p>    </p>\r\n<p><img title=" .jpg" src="../../../../images/documents/blobid1604574335195.jpg" alt="     " width="325" height="395" /></p>\r\n<p>&nbsp;</p>\r\n<p><strong>20)  <br /></strong></p>\r\n<p>     </p>\r\n<p><img title=" .jpg" src="../../../../images/documents/blobid1604574402577.jpg" alt="    " width="600" height="427" /></p>\r\n<p><strong>22)  </strong></p>\r\n<p>     </p>\r\n<p><img title=".jpg" src="../../../../images/documents/blobid1604574445031.jpg" alt="    " width="444" height="325" /></p>\r\n<p><strong>23)  </strong></p>\r\n<p>      </p>\r\n<p><img title=" .jpg" src="../../../../images/documents/blobid1604574472465.jpg" alt="     " width="600" height="344" /></p>\r\n</div>\r\n</div>\r\n<div id="av_section_1" class="avia-section alternate_color avia-section-small  container_wrap fullsize">\r\n<div class="container">\r\n<div class="template-page content  twelve alpha units">\r\n<div class="product_column product_column_5">\r\n<section class="related products">\r\n<div class="inner_product main_color wrapped_style noLightbox  av-product-class-">\r\n<div class="avia_cart_buttons ">&nbsp;</div>\r\n</div>\r\n</section>\r\n</div>\r\n</div>\r\n</div>\r\n</div>	1	2	\N	\N	  	\N	\N		\N	2020-11-05 14:41:10.02583+03:30	1	               ..	f	23
46	      ,      ,   upvc,     				------upvc	\N	\N	\N	----.jpg	     upvc	------upvc	1	<div id="tab-description" class="woocommerce-Tabs-panel woocommerce-Tabs-panel--description panel entry-content wc-tab" style="display: block;" role="tabpanel" aria-labelledby="tab-title-description">\r\n<h2></h2>\r\n<div id="ali-anchor-AliPostDhMb-ot03u" data-section-title="Product Description" data-section="AliPostDhMb-ot03u">\r\n<div>\r\n<p data-spm-anchor-id="a2700.details.pronpeci14.i0.66f78bbarIpS8j"><strong>     UPVC   :</strong></p>\r\n<p data-spm-anchor-id="a2700.details.pronpeci14.i0.66f78bbarIpS8j">1-   </p>\r\n<p data-spm-anchor-id="a2700.details.pronpeci14.i0.66f78bbarIpS8j">2-   </p>\r\n<p data-spm-anchor-id="a2700.details.pronpeci14.i0.66f78bbarIpS8j">3- </p>\r\n<p data-spm-anchor-id="a2700.details.pronpeci14.i0.66f78bbarIpS8j">4-    </p>\r\n<p data-spm-anchor-id="a2700.details.pronpeci14.i0.66f78bbarIpS8j">5-  </p>\r\n<p data-spm-anchor-id="a2700.details.pronpeci14.i0.66f78bbarIpS8j">6-  </p>\r\n<p data-spm-anchor-id="a2700.details.pronpeci14.i0.66f78bbarIpS8j">7-  </p>\r\n<p data-spm-anchor-id="a2700.details.pronpeci14.i0.66f78bbarIpS8j"><img title="-------5.jpg" src="../../../../images/documents/blobid1604575841274.jpg" alt="        " width="794" height="597" /></p>\r\n<p data-spm-anchor-id="a2700.details.pronpeci14.i0.66f78bbarIpS8j">&nbsp;<img title="-------.jpg" src="../../../../images/documents/blobid1604575864585.jpg" alt="          " width="787" height="274" /></p>\r\n<p data-spm-anchor-id="a2700.details.pronpeci14.i0.66f78bbarIpS8j"><img title="-------0.jpg" src="../../../../images/documents/blobid1604575898368.jpg" alt="     upvc" width="789" height="278" /></p>\r\n</div>\r\n</div>\r\n<h2 style="text-align: right;" align="left">         UPVC</h2>\r\n<p>1-  </p>\r\n<p>2-  </p>\r\n<p>3-  </p>\r\n<p>4-      </p>\r\n<p>&nbsp;</p>\r\n<h2> </h2>\r\n<p>1-           PVC    WPC  .</p>\r\n<p>2-               .</p>\r\n<p>3-              UPVC</p>\r\n<p><img title="---------.jpg" src="../../../../images/documents/blobid1604575940086.jpg" alt="      " width="761" height="535" /></p>\r\n<p>&nbsp;</p>\r\n<div>\r\n<table class="aliDataTable" style="height: 147px; width: 55.0842%;" border="0">\r\n<tbody>\r\n<tr>\r\n<td style="width: 14.5412%;"> </td>\r\n<td style="width: 19.8914%;">SJZ55/110</td>\r\n<td style="width: 19.3063%;">SJZ65/132</td>\r\n<td style="width: 18.7211%;">SJZ80/156</td>\r\n<td style="width: 18.1383%;">SJZ92/188</td>\r\n</tr>\r\n<tr>\r\n<td style="width: 14.5412%;">  </td>\r\n<td style="width: 19.8914%;">30kw</td>\r\n<td style="width: 19.3063%;">37kw</td>\r\n<td style="width: 18.7211%;">55kw</td>\r\n<td style="width: 18.1383%;">110Kw</td>\r\n</tr>\r\n<tr>\r\n<td style="width: 14.5412%;"> </td>\r\n<td style="width: 19.8914%;">100 -180   </td>\r\n<td style="width: 19.3063%;">150-220   </td>\r\n<td style="width: 18.7211%;">200-350  </td>\r\n<td style="width: 18.1383%;" data-spm-anchor-id="a2700.details.pronpeci14.i0.4f7c38c99B3MHY">550-750 </td>\r\n</tr>\r\n</tbody>\r\n</table>\r\n</div>\r\n<p>&nbsp;</p>\r\n</div>	1	2	\N	\N		\N	\N		\N	2020-11-05 15:05:45.84774+03:30	1	       upvc         ..	f	23
47	   ,   ,   				--	\N	\N	\N	--600x600.jpg	    	--	1	<div id="tab-description" class="woocommerce-Tabs-panel woocommerce-Tabs-panel--description panel entry-content wc-tab" style="display: block;" role="tabpanel" aria-labelledby="tab-title-description">\r\n<h2>&nbsp;<img title="---1.jpg" src="../../../../images/documents/blobid1604576499209.jpg" alt="     " width="500" height="500" /></h2>\r\n<p>    </p>\r\n<p> </p>\r\n<p><strong>: </strong> </p>\r\n<p><strong>      </strong>:&nbsp;    </p>\r\n<p><strong> :</strong> &nbsp;    CLM</p>\r\n<p><strong> (L * W * H):</strong> &nbsp;&nbsp; 5500 * 800 * 1500 </p>\r\n<p><strong> (W):&nbsp;</strong>&nbsp;&nbsp; 3.8  </p>\r\n<p><strong>:&nbsp;&nbsp;</strong>&nbsp; 800 </p>\r\n<p><strong>:&nbsp;</strong>&nbsp;&nbsp; 380 </p>\r\n<p>&nbsp;</p>\r\n<p><strong>  :&nbsp;</strong>&nbsp;&nbsp;                       </p>\r\n<p><strong>  :</strong>     </p>\r\n<p><strong> :</strong> &nbsp;&nbsp;                      </p>\r\n<p><strong>:</strong>&nbsp; &nbsp; </p>\r\n<p><strong>:&nbsp;&nbsp;</strong>&nbsp; 304   </p>\r\n</div>\r\n<div class="woocommerce-Tabs-panel woocommerce-Tabs-panel--description panel entry-content wc-tab" style="display: block;" role="tabpanel" aria-labelledby="tab-title-description">&nbsp;</div>\r\n<div class="woocommerce-Tabs-panel woocommerce-Tabs-panel--description panel entry-content wc-tab" style="display: block;" role="tabpanel" aria-labelledby="tab-title-description">\r\n<p><strong> </strong></p>\r\n<p><img title="--.jpg" src="../../../../images/documents/blobid1604576521304.jpg" alt="     " width="700" height="298" /></p>\r\n<p>&nbsp;</p>\r\n<table class="has-title all magic-13" style="height: 110px; width: 50.5486%;">\r\n<tbody>\r\n<tr>\r\n<td style="width: 18.7902%;">\r\n<div class="magic-14"></div>\r\n</td>\r\n<td style="width: 17.6405%;">\r\n<div class="magic-14">CLM150</div>\r\n</td>\r\n<td style="width: 17.6405%;">\r\n<div class="magic-14">CLM300</div>\r\n</td>\r\n<td style="width: 17.6405%;">\r\n<div class="magic-14">CLM450</div>\r\n</td>\r\n<td style="width: 17.6405%;">\r\n<div class="magic-15">CLM600</div>\r\n</td>\r\n</tr>\r\n<tr>\r\n<td style="width: 18.7902%;">\r\n<div class="magic-14"></div>\r\n</td>\r\n<td style="width: 17.6405%;">\r\n<div class="magic-14">150kg/h</div>\r\n</td>\r\n<td style="width: 17.6405%;">\r\n<div class="magic-14">300kg/h</div>\r\n</td>\r\n<td style="width: 17.6405%;">\r\n<div class="magic-14">450kg/h</div>\r\n</td>\r\n<td style="width: 17.6405%;">\r\n<div class="magic-16">600kg/h</div>\r\n</td>\r\n</tr>\r\n<tr>\r\n<td style="width: 18.7902%;">\r\n<div class="magic-14"> </div>\r\n</td>\r\n<td style="width: 17.6405%;">\r\n<div class="magic-14"> </div>\r\n</td>\r\n<td style="width: 17.6405%;">\r\n<div class="magic-14"> </div>\r\n</td>\r\n<td style="width: 17.6405%;">\r\n<div class="magic-14"> </div>\r\n</td>\r\n<td style="width: 17.6405%;">\r\n<div class="magic-16" data-spm-anchor-id="a2700.details.pronpeci14.i4.24763930s7Wnth"> </div>\r\n</td>\r\n</tr>\r\n</tbody>\r\n</table>\r\n<p>&nbsp;</p>\r\n<p>  </p>\r\n<p>&radic;&nbsp;  </p>\r\n<p>&radic;   </p>\r\n<p>&radic;       )</p>\r\n<p>&radic;&nbsp;   (    )</p>\r\n<p>&radic;&nbsp;        ()</p>\r\n<p>&radic;&nbsp;   </p>\r\n<p>&nbsp;</p>\r\n<p><strong>    </strong></p>\r\n<p>                   .                          .</p>\r\n<p>          </p>\r\n</div>	1	2	\N	\N		\N	\N		\N	2020-11-05 15:15:41.856304+03:30	1	               ...	f	23
48	  ,  				----sky-400	\N	\N	\N	--.jpg	   	----sky-400	1	<h2></h2>\r\n<p><strong>    SKY-400&nbsp;</strong></p>\r\n<p>                              .     400*600   </p>\r\n<p>   :    </p>\r\n<p>     16  32  64      .<span data-spm-anchor-id="a2700.details.pronpeci14.i1.6d0a78d0z8JQvL"><br /></span></p>\r\n<p><img title="----.jpg" src="../../../../images/documents/blobid1604577373928.jpg" alt="   " width="800" height="500" /></p>\r\n<p>     </p>\r\n<p>     430&nbsp;   1.2     .</p>\r\n<p>   PLC    .</p>\r\n<p>    216    .</p>\r\n<p>         220   .</p>\r\n<p>      420   3    .</p>\r\n<p>    </p>\r\n<p>&nbsp;<img title="-----.jpg" src="../../../../images/documents/blobid1604577429439.jpg" alt="   " width="784" height="430" /></p>\r\n<p>PLC           </p>\r\n<p><strong><span style="color: #1f1fff; font-size: medium;" data-spm-anchor-id="a2700.details.pronpeci14.i9.6d0a78d0z8JQvL">&nbsp;</span></strong></p>\r\n<p><img title="-----.jpg" src="../../../../images/documents/blobid1604577467359.jpg" alt="     " width="800" height="500" /></p>\r\n<p><img title="---.jpg" src="../../../../images/documents/blobid1604577502815.jpg" alt="      " width="800" height="500" /></p>\r\n<h2 class="do-entry-title">     SKY-400</h2>\r\n<dl class="do-entry-item">\r\n<dt class="do-entry-item"><span class="attr-name J-attr-name" title="Model Number">  :</span> &nbsp; &nbsp; &nbsp; &nbsp; &nbsp; &nbsp; &nbsp; &nbsp; &nbsp; &nbsp; &nbsp; &nbsp; &nbsp; &nbsp; &nbsp;&nbsp; &nbsp;&nbsp; SKY-400</dt>\r\n</dl>\r\n<dl class="do-entry-item">\r\n<dt class="do-entry-item"><span class="attr-name J-attr-name" title="Dimension(L*W*H)">  ( *  * ):&nbsp;</span> 1460*960*1240mm</dt>\r\n</dl>\r\n<dl class="do-entry-item">\r\n<dt class="do-entry-item"><span class="attr-name J-attr-name" title="Power(W)"> ( ): &nbsp; &nbsp; &nbsp; &nbsp; &nbsp; &nbsp; &nbsp; &nbsp; &nbsp; &nbsp; &nbsp; &nbsp; &nbsp; &nbsp; &nbsp; &nbsp;&nbsp; </span>1.5kw</dt>\r\n</dl>\r\n<dl class="do-entry-item">\r\n<dt class="do-entry-item"><span class="attr-name J-attr-name" title="Weight"> : &nbsp; &nbsp; &nbsp; &nbsp; &nbsp; &nbsp; &nbsp; &nbsp; &nbsp; &nbsp; &nbsp; &nbsp; &nbsp; &nbsp; &nbsp; &nbsp; &nbsp; &nbsp; &nbsp; &nbsp; &nbsp; &nbsp; </span>1500     </dt>\r\n</dl>\r\n<dl class="do-entry-item">\r\n<dt class="do-entry-item"><span class="attr-name J-attr-name" title="Voltage">:&nbsp;&nbsp;&nbsp;&nbsp;&nbsp;&nbsp;&nbsp;&nbsp;&nbsp;&nbsp;&nbsp;&nbsp;&nbsp;&nbsp;&nbsp;&nbsp;&nbsp;&nbsp;&nbsp;&nbsp;&nbsp;&nbsp;&nbsp;&nbsp;&nbsp;&nbsp;&nbsp;&nbsp;&nbsp;&nbsp;&nbsp;&nbsp;&nbsp;&nbsp;&nbsp;&nbsp;&nbsp;&nbsp;&nbsp;&nbsp;&nbsp;&nbsp;&nbsp;&nbsp; </span>380V/50HZ</dt>\r\n</dl>\r\n<dl class="do-entry-item">\r\n<dt class="do-entry-item"><span class="attr-name J-attr-name" title="Materials">  : &nbsp; &nbsp; &nbsp; &nbsp; &nbsp; &nbsp; &nbsp; &nbsp; &nbsp; &nbsp; &nbsp; &nbsp; &nbsp; &nbsp; &nbsp; &nbsp; &nbsp; </span>   304#</dt>\r\n</dl>\r\n<dl class="do-entry-item">\r\n<dt class="do-entry-item"><span class="attr-name J-attr-name" title="Inverter">: &nbsp; &nbsp; &nbsp; &nbsp; &nbsp; &nbsp; &nbsp; &nbsp; &nbsp; &nbsp; &nbsp; &nbsp; &nbsp; &nbsp; &nbsp; &nbsp; &nbsp;&nbsp; &nbsp; &nbsp; &nbsp; </span>PLC </dt>\r\n</dl>\r\n<dl class="do-entry-item">\r\n<dt class="do-entry-item"><span class="attr-name J-attr-name" title="Power"> :&nbsp;&nbsp;&nbsp;&nbsp;&nbsp;&nbsp;&nbsp;&nbsp;&nbsp;&nbsp;&nbsp;&nbsp;&nbsp;&nbsp;&nbsp;&nbsp;&nbsp;&nbsp;&nbsp;&nbsp;&nbsp;&nbsp;&nbsp;&nbsp;&nbsp;&nbsp;&nbsp;&nbsp;&nbsp;&nbsp;&nbsp;&nbsp;&nbsp;&nbsp;&nbsp;&nbsp;&nbsp;&nbsp;&nbsp;&nbsp;&nbsp;&nbsp; </span>     </dt>\r\n</dl>\r\n<dl class="do-entry-item">\r\n<dt class="do-entry-item"><span class="attr-name J-attr-name" title="Dimension"> : &nbsp; &nbsp; &nbsp; &nbsp; &nbsp; &nbsp; &nbsp; &nbsp; &nbsp; &nbsp; &nbsp; &nbsp; &nbsp; &nbsp; &nbsp; &nbsp; &nbsp; &nbsp; &nbsp; &nbsp; &nbsp;&nbsp; </span>     </dt>\r\n</dl>\r\n<dl class="do-entry-item">\r\n<dt class="do-entry-item"><span class="attr-name J-attr-name" title="Conveyor belt">  : &nbsp; &nbsp; &nbsp; &nbsp; &nbsp; &nbsp; &nbsp; &nbsp; &nbsp; &nbsp; &nbsp; &nbsp; &nbsp; &nbsp; &nbsp; &nbsp; &nbsp; &nbsp;&nbsp;   PU<br /></span></dt>\r\n</dl>\r\n<dl class="do-entry-item">\r\n<dt class="do-entry-item"><span class="attr-name J-attr-name" title="Warranty"> : &nbsp; &nbsp; &nbsp; &nbsp; &nbsp; &nbsp; &nbsp; &nbsp; &nbsp; &nbsp; &nbsp; &nbsp; &nbsp; &nbsp; &nbsp; &nbsp; &nbsp; &nbsp; &nbsp;&nbsp; 12 <br /></span></dt>\r\n</dl>\r\n<p><span class="attr-name J-attr-name" title="Gearbox"> : &nbsp; &nbsp; &nbsp; &nbsp; &nbsp; &nbsp; &nbsp; &nbsp; &nbsp; &nbsp; &nbsp; &nbsp; &nbsp; &nbsp; &nbsp; &nbsp; &nbsp; &nbsp;&nbsp;     </span></p>	1	2	\N	\N		\N	\N		\N	2020-11-05 15:32:57.133043+03:30	1	             ...	f	23
49	 ,  ,    ,  				---vrdt	\N	\N	\N	----.jpg	    	---vrdt	1	<div id="tab-description" class="woocommerce-Tabs-panel woocommerce-Tabs-panel--description panel entry-content wc-tab" style="display: block;" role="tabpanel" aria-labelledby="tab-title-description">\r\n<h2></h2>\r\n<h2>   VRDt&nbsp;     &nbsp;                 &nbsp;   &nbsp;    .</h2>\r\n<p>&nbsp;</p>\r\n<ol>\r\n<li> </li>\r\n<li>  &nbsp;   <img title="------.jpg" src="../../../../images/documents/blobid1604578142711.jpg" alt="      " width="504" height="412" /></li>\r\n<li> &nbsp;  &nbsp;   </li>\r\n<li>  </li>\r\n<li> <img title="--.jpg" src="../../../../images/documents/blobid1604578202950.jpg" alt="    " width="625" height="600" /></li>\r\n<li>     </li>\r\n<li>  </li>\r\n<li>    </li>\r\n<li>    </li>\r\n<li>   </li>\r\n<li> </li>\r\n<li>    </li>\r\n<li>    </li>\r\n<li>  </li>\r\n<li>  </li>\r\n<li>       </li>\r\n<li>         </li>\r\n<li>   </li>\r\n<li>  (  )</li>\r\n<li>  </li>\r\n<li>     <img title="--.jpg" src="../../../../images/documents/blobid1604578230182.jpg" alt="   " width="800" height="543" /></li>\r\n<li>   <img title="----.jpg" src="../../../../images/documents/blobid1604578279014.jpg" alt="   " width="500" height="500" /></li>\r\n<li>  &nbsp; </li>\r\n</ol>\r\n<p><img title="-------.jpg" src="../../../../images/documents/blobid1604578309756.jpg" alt="   " width="800" height="400" /></p>\r\n<p><strong>          VRDt               .</strong></p>\r\n</div>	1	2	\N	\N		\N	\N		\N	2020-11-05 15:44:50.980614+03:30	1	                ...	f	23
50	   ,    ,  				---	\N	\N	\N	---.jpg	     	---	1	<p style="box-sizing: border-box; margin: 0.85em 0px; padding: 0px; border: 0px #e1e1e1; font-variant-numeric: inherit; font-variant-east-asian: inherit; font-stretch: inherit; font-size: 13px; line-height: inherit; font-family: arial, HelveticaNeue, 'Helvetica Neue', Helvetica-Neue, Helvetica, sans-serif; vertical-align: baseline; text-align: justify; color: #9c9c9c;"><strong style="box-sizing: border-box; margin: 0px; padding: 0px; border: 0px #e1e1e1; font-style: inherit; font-variant: inherit; font-weight: bold; font-stretch: inherit; font-size: inherit; line-height: inherit; font-family: inherit; vertical-align: baseline; color: #efbb20;">      <br style="box-sizing: border-box;" /></strong></p>\r\n<p style="box-sizing: border-box; margin: 0.85em 0px; padding: 0px; border: 0px #e1e1e1; font-variant-numeric: inherit; font-variant-east-asian: inherit; font-stretch: inherit; font-size: 13px; line-height: inherit; font-family: arial, HelveticaNeue, 'Helvetica Neue', Helvetica-Neue, Helvetica, sans-serif; vertical-align: baseline; text-align: justify; color: #9c9c9c;"><img title="-----x271.jpg" src="../../../../images/documents/blobid1604622159762.jpg" alt="       " width="700" height="184" /></p>\r\n<p style="box-sizing: border-box; margin: 0.85em 0px; padding: 0px; border: 0px #e1e1e1; font-variant-numeric: inherit; font-variant-east-asian: inherit; font-stretch: inherit; font-size: 13px; line-height: inherit; font-family: arial, HelveticaNeue, 'Helvetica Neue', Helvetica-Neue, Helvetica, sans-serif; vertical-align: baseline; text-align: justify; color: #9c9c9c;">         80  3.600   .<br style="box-sizing: border-box;" />      (      )                       .<br style="box-sizing: border-box;" />    Aisi 316       VAT       4 .<br style="box-sizing: border-box;" />&ndash;      <br style="box-sizing: border-box;" />&ndash;             PLC    <br style="box-sizing: border-box;" />&ndash;                                CIP.    2.400   <br style="box-sizing: border-box;" />&ndash;            </p>\r\n<p style="box-sizing: border-box; margin: 0.85em 0px; padding: 0px; border: 0px #e1e1e1; font-variant-numeric: inherit; font-variant-east-asian: inherit; font-stretch: inherit; font-size: 13px; line-height: inherit; font-family: arial, HelveticaNeue, 'Helvetica Neue', Helvetica-Neue, Helvetica, sans-serif; vertical-align: baseline; text-align: justify; color: #9c9c9c;"><strong style="box-sizing: border-box; margin: 0px; padding: 0px; border: 0px #e1e1e1; font-style: inherit; font-variant: inherit; font-weight: bold; font-stretch: inherit; font-size: inherit; line-height: inherit; font-family: inherit; vertical-align: baseline; color: #efbb20;">     &nbsp;</strong></p>\r\n<p style="box-sizing: border-box; margin: 0.85em 0px; padding: 0px; border: 0px #e1e1e1; font-variant-numeric: inherit; font-variant-east-asian: inherit; font-stretch: inherit; font-size: 13px; line-height: inherit; font-family: arial, HelveticaNeue, 'Helvetica Neue', Helvetica-Neue, Helvetica, sans-serif; vertical-align: baseline; text-align: justify; color: #9c9c9c;"><img title="---.jpg" src="../../../../images/documents/blobid1604622222819.jpg" alt="     " width="700" height="127" /></p>\r\n<p style="box-sizing: border-box; margin: 0.85em 0px; padding: 0px; border: 0px #e1e1e1; font-variant-numeric: inherit; font-variant-east-asian: inherit; font-stretch: inherit; font-size: 13px; line-height: inherit; font-family: arial, HelveticaNeue, 'Helvetica Neue', Helvetica-Neue, Helvetica, sans-serif; vertical-align: baseline; text-align: justify; color: #9c9c9c;">         80  3.600   .<br style="box-sizing: border-box;" />      (      )                       .<br style="box-sizing: border-box;" />    Aisi 316       VAT       4 .<br style="box-sizing: border-box;" />&ndash;      <br style="box-sizing: border-box;" />&ndash;             PLC    <br style="box-sizing: border-box;" />&ndash;                                CIP.    2.400   <br style="box-sizing: border-box;" />&ndash;            </p>\r\n<h5 style="box-sizing: border-box; margin: 1.5em 0px 0px; padding: 0px; border: 0px #e1e1e1; font-variant-numeric: inherit; font-variant-east-asian: inherit; font-weight: 600; font-stretch: inherit; line-height: 1.1em; font-family: metrophobic, HelveticaNeue, 'Helvetica Neue', Helvetica-Neue, Helvetica, Arial, sans-serif; vertical-align: baseline; color: #2c353d;"><strong style="box-sizing: border-box; margin: 0px; padding: 0px; border: 0px #e1e1e1; font-style: inherit; font-variant: inherit; font-weight: bold; font-stretch: inherit; font-size: inherit; line-height: inherit; font-family: inherit; vertical-align: baseline; color: inherit;">   <br style="box-sizing: border-box;" /></strong></h5>\r\n<p style="box-sizing: border-box; margin: 0.85em 0px; padding: 0px; border: 0px #e1e1e1; font-variant-numeric: inherit; font-variant-east-asian: inherit; font-stretch: inherit; font-size: 13px; line-height: inherit; font-family: arial, HelveticaNeue, 'Helvetica Neue', Helvetica-Neue, Helvetica, sans-serif; vertical-align: baseline; text-align: justify; color: #9c9c9c;"><img title="-.jpg" src="../../../../images/documents/blobid1604622288553.jpg" alt="    " width="700" height="107" /></p>\r\n<p style="box-sizing: border-box; margin: 0.85em 0px; padding: 0px; border: 0px #e1e1e1; font-variant-numeric: inherit; font-variant-east-asian: inherit; font-stretch: inherit; font-size: 13px; line-height: inherit; font-family: arial, HelveticaNeue, 'Helvetica Neue', Helvetica-Neue, Helvetica, sans-serif; vertical-align: baseline; text-align: justify; color: #9c9c9c;">      KASSERY  KASHKAVAL      300     1800   .</p>\r\n<p style="box-sizing: border-box; margin: 0.85em 0px; padding: 0px; border: 0px #e1e1e1; font-variant-numeric: inherit; font-variant-east-asian: inherit; font-stretch: inherit; font-size: 13px; line-height: inherit; font-family: arial, HelveticaNeue, 'Helvetica Neue', Helvetica-Neue, Helvetica, sans-serif; vertical-align: baseline; text-align: justify; color: #9c9c9c;">&ndash;                       <br style="box-sizing: border-box;" />&ndash;                 .<br style="box-sizing: border-box;" />&ndash;      Aisi 316    VAT        4    </p>\r\n<p style="box-sizing: border-box; margin: 0.85em 0px; padding: 0px; border: 0px #e1e1e1; font-variant-numeric: inherit; font-variant-east-asian: inherit; font-stretch: inherit; font-size: 13px; line-height: inherit; font-family: arial, HelveticaNeue, 'Helvetica Neue', Helvetica-Neue, Helvetica, sans-serif; vertical-align: baseline; text-align: justify; color: #9c9c9c;"><br style="box-sizing: border-box;" />&ndash;            <br style="box-sizing: border-box;" />&ndash;                      <br style="box-sizing: border-box;" />&ndash;      <br style="box-sizing: border-box;" />&ndash;             PLC    </p>\r\n<p style="box-sizing: border-box; margin: 0.85em 0px; padding: 0px; border: 0px #e1e1e1; font-variant-numeric: inherit; font-variant-east-asian: inherit; font-stretch: inherit; font-size: 13px; line-height: inherit; font-family: arial, HelveticaNeue, 'Helvetica Neue', Helvetica-Neue, Helvetica, sans-serif; vertical-align: baseline; text-align: justify; color: #9c9c9c;">&ndash;    . LAB 06<br style="box-sizing: border-box;" />&ndash;                        3      CIP    .    2.400    .<br style="box-sizing: border-box;" />&ndash;  CIP        AISI316       .</p>\r\n<h6 style="box-sizing: border-box; margin: 1.5em 0px 0px; padding: 0px; border: 0px #e1e1e1; font-variant-numeric: inherit; font-variant-east-asian: inherit; font-weight: 600; font-stretch: inherit; font-size: 14px; line-height: 1.1em; font-family: metrophobic, HelveticaNeue, 'Helvetica Neue', Helvetica-Neue, Helvetica, Arial, sans-serif; vertical-align: baseline; color: #2c353d;"><strong style="box-sizing: border-box; margin: 0px; padding: 0px; border: 0px #e1e1e1; font-style: inherit; font-variant: inherit; font-weight: bold; font-stretch: inherit; font-size: inherit; line-height: inherit; font-family: inherit; vertical-align: baseline; color: inherit;">    :</strong></h6>\r\n<p style="box-sizing: border-box; margin: 0.85em 0px; padding: 0px; border: 0px #e1e1e1; font-variant-numeric: inherit; font-variant-east-asian: inherit; font-stretch: inherit; font-size: 13px; line-height: inherit; font-family: arial, HelveticaNeue, 'Helvetica Neue', Helvetica-Neue, Helvetica, sans-serif; vertical-align: baseline; text-align: justify; color: #9c9c9c;"></p>\r\n<p style="box-sizing: border-box; margin: 0.85em 0px; padding: 0px; border: 0px #e1e1e1; font-variant-numeric: inherit; font-variant-east-asian: inherit; font-stretch: inherit; font-size: 13px; line-height: inherit; font-family: arial, HelveticaNeue, 'Helvetica Neue', Helvetica-Neue, Helvetica, sans-serif; vertical-align: baseline; text-align: justify; color: #9c9c9c;"></p>\r\n<p style="box-sizing: border-box; margin: 0.85em 0px; padding: 0px; border: 0px #e1e1e1; font-variant-numeric: inherit; font-variant-east-asian: inherit; font-stretch: inherit; font-size: 13px; line-height: inherit; font-family: arial, HelveticaNeue, 'Helvetica Neue', Helvetica-Neue, Helvetica, sans-serif; vertical-align: baseline; text-align: justify; color: #9c9c9c;"></p>\r\n<p style="box-sizing: border-box; margin: 0.85em 0px; padding: 0px; border: 0px #e1e1e1; font-variant-numeric: inherit; font-variant-east-asian: inherit; font-stretch: inherit; font-size: 13px; line-height: inherit; font-family: arial, HelveticaNeue, 'Helvetica Neue', Helvetica-Neue, Helvetica, sans-serif; vertical-align: baseline; text-align: justify; color: #9c9c9c;"> </p>\r\n<p style="box-sizing: border-box; margin: 0.85em 0px; padding: 0px; border: 0px #e1e1e1; font-variant-numeric: inherit; font-variant-east-asian: inherit; font-stretch: inherit; font-size: 13px; line-height: inherit; font-family: arial, HelveticaNeue, 'Helvetica Neue', Helvetica-Neue, Helvetica, sans-serif; vertical-align: baseline; text-align: justify; color: #9c9c9c;"></p>\r\n<p style="box-sizing: border-box; margin: 0.85em 0px; padding: 0px; border: 0px #e1e1e1; font-variant-numeric: inherit; font-variant-east-asian: inherit; font-stretch: inherit; font-size: 13px; line-height: inherit; font-family: arial, HelveticaNeue, 'Helvetica Neue', Helvetica-Neue, Helvetica, sans-serif; vertical-align: baseline; text-align: justify; color: #9c9c9c;"> </p>\r\n<p style="box-sizing: border-box; margin: 0.85em 0px; padding: 0px; border: 0px #e1e1e1; font-variant-numeric: inherit; font-variant-east-asian: inherit; font-stretch: inherit; font-size: 13px; line-height: inherit; font-family: arial, HelveticaNeue, 'Helvetica Neue', Helvetica-Neue, Helvetica, sans-serif; vertical-align: baseline; text-align: justify; color: #9c9c9c;">   </p>\r\n<p style="box-sizing: border-box; margin: 0.85em 0px; padding: 0px; border: 0px #e1e1e1; font-variant-numeric: inherit; font-variant-east-asian: inherit; font-stretch: inherit; font-size: 13px; line-height: inherit; font-family: arial, HelveticaNeue, 'Helvetica Neue', Helvetica-Neue, Helvetica, sans-serif; vertical-align: baseline; text-align: justify; color: #9c9c9c;"> </p>\r\n<p style="box-sizing: border-box; margin: 0.85em 0px; padding: 0px; border: 0px #e1e1e1; font-variant-numeric: inherit; font-variant-east-asian: inherit; font-stretch: inherit; font-size: 13px; line-height: inherit; font-family: arial, HelveticaNeue, 'Helvetica Neue', Helvetica-Neue, Helvetica, sans-serif; vertical-align: baseline; text-align: justify; color: #9c9c9c;">  </p>\r\n<p style="box-sizing: border-box; margin: 0.85em 0px; padding: 0px; border: 0px #e1e1e1; font-variant-numeric: inherit; font-variant-east-asian: inherit; font-stretch: inherit; font-size: 13px; line-height: inherit; font-family: arial, HelveticaNeue, 'Helvetica Neue', Helvetica-Neue, Helvetica, sans-serif; vertical-align: baseline; text-align: justify; color: #9c9c9c;">  </p>\r\n<p style="box-sizing: border-box; margin: 0.85em 0px; padding: 0px; border: 0px #e1e1e1; font-variant-numeric: inherit; font-variant-east-asian: inherit; font-stretch: inherit; font-size: 13px; line-height: inherit; font-family: arial, HelveticaNeue, 'Helvetica Neue', Helvetica-Neue, Helvetica, sans-serif; vertical-align: baseline; text-align: justify; color: #9c9c9c;"> </p>\r\n<p style="box-sizing: border-box; margin: 0.85em 0px; padding: 0px; border: 0px #e1e1e1; font-variant-numeric: inherit; font-variant-east-asian: inherit; font-stretch: inherit; font-size: 13px; line-height: inherit; font-family: arial, HelveticaNeue, 'Helvetica Neue', Helvetica-Neue, Helvetica, sans-serif; vertical-align: baseline; text-align: justify; color: #9c9c9c;">  </p>\r\n<p style="box-sizing: border-box; margin: 0.85em 0px; padding: 0px; border: 0px #e1e1e1; font-variant-numeric: inherit; font-variant-east-asian: inherit; font-stretch: inherit; font-size: 13px; line-height: inherit; font-family: arial, HelveticaNeue, 'Helvetica Neue', Helvetica-Neue, Helvetica, sans-serif; vertical-align: baseline; text-align: justify; color: #9c9c9c;"><img title="--------.jpg" src="../../../../images/documents/blobid1604622345625.jpg" alt="        " width="782" height="519" /><img title=".jpg" src="../../../../images/documents/blobid1604622412810.jpg" alt="     " width="458" height="436" /><img title=".jpg" src="../../../../images/documents/blobid1604622476598.jpg" alt="      " width="367" height="460" /></p>\r\n<p style="box-sizing: border-box; margin: 0.85em 0px; padding: 0px; border: 0px #e1e1e1; font-variant-numeric: inherit; font-variant-east-asian: inherit; font-stretch: inherit; font-size: 13px; line-height: inherit; font-family: arial, HelveticaNeue, 'Helvetica Neue', Helvetica-Neue, Helvetica, sans-serif; vertical-align: baseline; text-align: justify; color: #9c9c9c;"><img title="-1.jpg" src="../../../../images/documents/blobid1604622529215.jpg" alt="      " width="515" height="429" /></p>\r\n<p style="box-sizing: border-box; margin: 0.85em 0px; padding: 0px; border: 0px #e1e1e1; font-variant-numeric: inherit; font-variant-east-asian: inherit; font-stretch: inherit; font-size: 13px; line-height: inherit; font-family: arial, HelveticaNeue, 'Helvetica Neue', Helvetica-Neue, Helvetica, sans-serif; vertical-align: baseline; text-align: justify; color: #9c9c9c;"><img title=".jpg" src="../../../../images/documents/blobid1604622564450.jpg" alt="      " width="874" height="439" /></p>	1	2	\N	\N		\N	\N		\N	2020-11-06 04:13:09.062308+03:30	1	                  	f	23
51	   ,  ,  ,   				--	\N	\N	\N	----.jpg	    	--	1	<p style="box-sizing: border-box; margin: 0.85em 0px; padding: 0px; border: 0px #e1e1e1; font-variant-numeric: inherit; font-variant-east-asian: inherit; font-stretch: inherit; font-size: 13px; line-height: inherit; font-family: arial, HelveticaNeue, 'Helvetica Neue', Helvetica-Neue, Helvetica, sans-serif; vertical-align: baseline; text-align: justify; color: #9c9c9c;"><strong style="box-sizing: border-box; margin: 0px; padding: 0px; border: 0px #e1e1e1; font-style: inherit; font-variant: inherit; font-weight: bold; font-stretch: inherit; font-size: inherit; line-height: inherit; font-family: inherit; vertical-align: baseline; color: #efbb20;">   <br style="box-sizing: border-box;" /></strong></p>\r\n<div class="fram isq" style="box-sizing: border-box; margin: 0px; padding: 0px; border: 0px #e1e1e1; font-variant-numeric: inherit; font-variant-east-asian: inherit; font-stretch: inherit; font-size: 13px; line-height: inherit; font-family: arial, HelveticaNeue, 'Helvetica Neue', Helvetica-Neue, Helvetica, sans-serif; vertical-align: baseline; color: #9c9c9c;">\r\n<table style="margin: 0px 0px 20px; padding: 0px; border: 0px #e1e1e1; font-style: inherit; font-variant: inherit; font-weight: inherit; font-stretch: inherit; font-size: 13px; line-height: inherit; font-family: inherit; vertical-align: baseline; border-spacing: 0px; width: 553.143px; background: #f8f8f8; height: 240px;" width="601">\r\n<tbody style="box-sizing: border-box; margin: 0px; padding: 0px; border: 0px #e1e1e1; font: inherit; vertical-align: baseline;">\r\n<tr class="ds6" style="box-sizing: border-box; margin: 0px; padding: 0px; border: 0px #e1e1e1; font: inherit; vertical-align: baseline; background: #f8f8f8; height: 40px;">\r\n<td class="ds3 w12_mn" style="box-sizing: border-box; margin: 0px; padding: 9px 12px; border-top: none #e1e1e1; border-right: 1px solid #e1e1e1; border-bottom: 1px solid #e1e1e1; border-left: 1px solid #e1e1e1; border-image: initial; font-style: inherit; font-variant: inherit; font-weight: inherit; font-stretch: inherit; font-size: 13px; line-height: inherit; font-family: inherit; vertical-align: baseline; height: 40px;"> </td>\r\n<td class="ds3 w15_mn" style="box-sizing: border-box; margin: 0px; padding: 9px 12px; border-top: none #e1e1e1; border-right: 1px solid #e1e1e1; border-bottom: 1px solid #e1e1e1; border-left: 1px solid #e1e1e1; border-image: initial; font-style: inherit; font-variant: inherit; font-weight: inherit; font-stretch: inherit; font-size: 13px; line-height: inherit; font-family: inherit; vertical-align: baseline; height: 40px;"></td>\r\n</tr>\r\n<tr class="ds6" style="box-sizing: border-box; margin: 0px; padding: 0px; border: 0px #e1e1e1; font: inherit; vertical-align: baseline; background-color: #ffffff; color: #919191; height: 40px;">\r\n<td class="ds3 w12_mn" style="box-sizing: border-box; margin: 0px; padding: 9px 12px; border-top: none #e1e1e1; border-right: 1px solid #e1e1e1; border-bottom: 1px solid #e1e1e1; border-left: 1px solid #e1e1e1; border-image: initial; font-style: inherit; font-variant: inherit; font-weight: inherit; font-stretch: inherit; font-size: 13px; line-height: inherit; font-family: inherit; vertical-align: baseline; height: 40px;">  </td>\r\n<td class="ds3 w15_mn" style="box-sizing: border-box; margin: 0px; padding: 9px 12px; border-top: none #e1e1e1; border-right: 1px solid #e1e1e1; border-bottom: 1px solid #e1e1e1; border-left: 1px solid #e1e1e1; border-image: initial; font-style: inherit; font-variant: inherit; font-weight: inherit; font-stretch: inherit; font-size: 13px; line-height: inherit; font-family: inherit; vertical-align: baseline; height: 40px;"> </td>\r\n</tr>\r\n<tr class="ds6" style="box-sizing: border-box; margin: 0px; padding: 0px; border: 0px #e1e1e1; font: inherit; vertical-align: baseline; background: #f8f8f8; height: 40px;">\r\n<td class="ds3 w12_mn" style="box-sizing: border-box; margin: 0px; padding: 9px 12px; border-top: none #e1e1e1; border-right: 1px solid #e1e1e1; border-bottom: 1px solid #e1e1e1; border-left: 1px solid #e1e1e1; border-image: initial; font-style: inherit; font-variant: inherit; font-weight: inherit; font-stretch: inherit; font-size: 13px; line-height: inherit; font-family: inherit; vertical-align: baseline; height: 40px;"> </td>\r\n<td class="ds3 w15_mn" style="box-sizing: border-box; margin: 0px; padding: 9px 12px; border-top: none #e1e1e1; border-right: 1px solid #e1e1e1; border-bottom: 1px solid #e1e1e1; border-left: 1px solid #e1e1e1; border-image: initial; font-style: inherit; font-variant: inherit; font-weight: inherit; font-stretch: inherit; font-size: 13px; line-height: inherit; font-family: inherit; vertical-align: baseline; height: 40px;"> </td>\r\n</tr>\r\n<tr class="ds6" style="box-sizing: border-box; margin: 0px; padding: 0px; border: 0px #e1e1e1; font: inherit; vertical-align: baseline; background-color: #ffffff; color: #919191; height: 40px;">\r\n<td class="ds3 w12_mn" style="box-sizing: border-box; margin: 0px; padding: 9px 12px; border-top: none #e1e1e1; border-right: 1px solid #e1e1e1; border-bottom: 1px solid #e1e1e1; border-left: 1px solid #e1e1e1; border-image: initial; font-style: inherit; font-variant: inherit; font-weight: inherit; font-stretch: inherit; font-size: 13px; line-height: inherit; font-family: inherit; vertical-align: baseline; height: 40px;"></td>\r\n<td class="ds3 w15_mn" style="box-sizing: border-box; margin: 0px; padding: 9px 12px; border-top: none #e1e1e1; border-right: 1px solid #e1e1e1; border-bottom: 1px solid #e1e1e1; border-left: 1px solid #e1e1e1; border-image: initial; font-style: inherit; font-variant: inherit; font-weight: inherit; font-stretch: inherit; font-size: 13px; line-height: inherit; font-family: inherit; vertical-align: baseline; height: 40px;">100  200   </td>\r\n</tr>\r\n</tbody>\r\n</table>\r\n</div>\r\n<p style="box-sizing: border-box; margin: 0.85em 0px; padding: 0px; border: 0px #e1e1e1; font-variant-numeric: inherit; font-variant-east-asian: inherit; font-stretch: inherit; font-size: 13px; line-height: inherit; font-family: arial, HelveticaNeue, 'Helvetica Neue', Helvetica-Neue, Helvetica, sans-serif; vertical-align: baseline; text-align: justify; color: #9c9c9c;">                  .                  .                      .</p>\r\n<h2 style="box-sizing: border-box; margin: 1.5em 0px 10px; padding: 0px; border: 0px #e1e1e1; font-variant-numeric: inherit; font-variant-east-asian: inherit; font-weight: 600; font-stretch: inherit; line-height: 1.1em; font-family: metrophobic, HelveticaNeue, 'Helvetica Neue', Helvetica-Neue, Helvetica, Arial, sans-serif; vertical-align: baseline; color: #2c353d;"><strong style="box-sizing: border-box; margin: 0px; padding: 0px; border: 0px #e1e1e1; font-style: inherit; font-variant: inherit; font-weight: bold; font-stretch: inherit; font-size: inherit; line-height: inherit; font-family: inherit; vertical-align: baseline; color: #efbb20;">    :</strong></h2>\r\n<ul style="box-sizing: border-box; margin: 0px 7px 20px auto; padding: 0px; border: 0px #e1e1e1; font-variant-numeric: inherit; font-variant-east-asian: inherit; font-stretch: inherit; font-size: 13px; line-height: inherit; font-family: arial, HelveticaNeue, 'Helvetica Neue', Helvetica-Neue, Helvetica, sans-serif; vertical-align: baseline; list-style-position: inside; list-style-image: initial; color: #9c9c9c;">\r\n<li style="box-sizing: border-box; margin: 0px; padding: 0px; border: 0px #e1e1e1; font: inherit; vertical-align: baseline;">     </li>\r\n<li style="box-sizing: border-box; margin: 0px; padding: 0px; border: 0px #e1e1e1; font: inherit; vertical-align: baseline;">    </li>\r\n<li style="box-sizing: border-box; margin: 0px; padding: 0px; border: 0px #e1e1e1; font: inherit; vertical-align: baseline;">  </li>\r\n</ul>\r\n<p style="box-sizing: border-box; margin: 0.85em 0px; padding: 0px; border: 0px #e1e1e1; font-variant-numeric: inherit; font-variant-east-asian: inherit; font-stretch: inherit; font-size: 13px; line-height: inherit; font-family: arial, HelveticaNeue, 'Helvetica Neue', Helvetica-Neue, Helvetica, sans-serif; vertical-align: baseline; text-align: justify; color: #9c9c9c;">&nbsp;</p>\r\n<div class="text txt7" style="box-sizing: border-box; margin: 0px; padding: 0px; border: 0px #e1e1e1; font-variant-numeric: inherit; font-variant-east-asian: inherit; font-stretch: inherit; font-size: 13px; line-height: inherit; font-family: arial, HelveticaNeue, 'Helvetica Neue', Helvetica-Neue, Helvetica, sans-serif; vertical-align: baseline; color: #9c9c9c;">\r\n<div class="t2" style="box-sizing: border-box; margin: 0px; padding: 0px; border: 0px #e1e1e1; font: inherit; vertical-align: baseline;">\r\n<table style="margin: 0px 0px 20px; padding: 0px; border: 0px #e1e1e1; font-style: inherit; font-variant: inherit; font-weight: inherit; font-stretch: inherit; font-size: 13px; line-height: inherit; font-family: inherit; vertical-align: baseline; border-spacing: 0px; width: 553.143px; background: #f8f8f8;" border="0" width="425">\r\n<tbody style="box-sizing: border-box; margin: 0px; padding: 0px; border: 0px #e1e1e1; font: inherit; vertical-align: baseline;">\r\n<tr style="box-sizing: border-box; margin: 0px; padding: 0px; border: 0px #e1e1e1; font: inherit; vertical-align: baseline; background: #f8f8f8;">\r\n<td style="box-sizing: border-box; margin: 0px; padding: 9px 12px; border: 1px solid #e1e1e1; font-style: inherit; font-variant: inherit; font-weight: inherit; font-stretch: inherit; font-size: 13px; line-height: inherit; font-family: inherit; vertical-align: baseline;" width="162" height="20"></td>\r\n<td style="box-sizing: border-box; margin: 0px; padding: 9px 12px; border-top: 1px solid #e1e1e1; border-right: 1px solid #e1e1e1; border-bottom: 1px solid #e1e1e1; border-left: none #e1e1e1; border-image: initial; font-style: inherit; font-variant: inherit; font-weight: inherit; font-stretch: inherit; font-size: 13px; line-height: inherit; font-family: inherit; vertical-align: baseline;" width="135">100  250   </td>\r\n<td style="box-sizing: border-box; margin: 0px; padding: 9px 12px; border-top: 1px solid #e1e1e1; border-right: 1px solid #e1e1e1; border-bottom: 1px solid #e1e1e1; border-left: none #e1e1e1; border-image: initial; font-style: inherit; font-variant: inherit; font-weight: inherit; font-stretch: inherit; font-size: 13px; line-height: inherit; font-family: inherit; vertical-align: baseline;" width="64">&nbsp;</td>\r\n<td style="box-sizing: border-box; margin: 0px; padding: 9px 12px; border: 1px solid #e1e1e1; font-style: inherit; font-variant: inherit; font-weight: inherit; font-stretch: inherit; font-size: 13px; line-height: inherit; font-family: inherit; vertical-align: baseline;" width="64">&nbsp;</td>\r\n</tr>\r\n<tr style="box-sizing: border-box; margin: 0px; padding: 0px; border: 0px #e1e1e1; font: inherit; vertical-align: baseline; background-color: #ffffff; color: #919191;">\r\n<td style="box-sizing: border-box; margin: 0px; padding: 9px 12px; border-top: none #e1e1e1; border-right: 1px solid #e1e1e1; border-bottom: 1px solid #e1e1e1; border-left: 1px solid #e1e1e1; border-image: initial; font-style: inherit; font-variant: inherit; font-weight: inherit; font-stretch: inherit; font-size: 13px; line-height: inherit; font-family: inherit; vertical-align: baseline;" height="20">  </td>\r\n<td style="box-sizing: border-box; margin: 0px; padding: 9px 12px; border-top: none #e1e1e1; border-right: 1px solid #e1e1e1; border-bottom: 1px solid #e1e1e1; border-left: 1px solid #e1e1e1; border-image: initial; font-style: inherit; font-variant: inherit; font-weight: inherit; font-stretch: inherit; font-size: 13px; line-height: inherit; font-family: inherit; vertical-align: baseline;" colspan="3">    </td>\r\n</tr>\r\n<tr style="box-sizing: border-box; margin: 0px; padding: 0px; border: 0px #e1e1e1; font: inherit; vertical-align: baseline; background: #f8f8f8;">\r\n<td style="box-sizing: border-box; margin: 0px; padding: 9px 12px; border-top: none #e1e1e1; border-right: 1px solid #e1e1e1; border-bottom: 1px solid #e1e1e1; border-left: 1px solid #e1e1e1; border-image: initial; font-style: inherit; font-variant: inherit; font-weight: inherit; font-stretch: inherit; font-size: 13px; line-height: inherit; font-family: inherit; vertical-align: baseline;" height="20"></td>\r\n<td style="box-sizing: border-box; margin: 0px; padding: 9px 12px; border-top: none #e1e1e1; border-right: 1px solid #e1e1e1; border-bottom: 1px solid #e1e1e1; border-left: 1px solid #e1e1e1; border-image: initial; font-style: inherit; font-variant: inherit; font-weight: inherit; font-stretch: inherit; font-size: 13px; line-height: inherit; font-family: inherit; vertical-align: baseline;" colspan="3">      </td>\r\n</tr>\r\n<tr style="box-sizing: border-box; margin: 0px; padding: 0px; border: 0px #e1e1e1; font: inherit; vertical-align: baseline; background-color: #ffffff; color: #919191;">\r\n<td style="box-sizing: border-box; margin: 0px; padding: 9px 12px; border-top: none #e1e1e1; border-right: 1px solid #e1e1e1; border-bottom: 1px solid #e1e1e1; border-left: 1px solid #e1e1e1; border-image: initial; font-style: inherit; font-variant: inherit; font-weight: inherit; font-stretch: inherit; font-size: 13px; line-height: inherit; font-family: inherit; vertical-align: baseline;" height="20"> </td>\r\n<td style="box-sizing: border-box; margin: 0px; padding: 9px 12px; border-top: none #e1e1e1; border-right: 1px solid #e1e1e1; border-bottom: 1px solid #e1e1e1; border-left: none #e1e1e1; border-image: initial; font-style: inherit; font-variant: inherit; font-weight: inherit; font-stretch: inherit; font-size: 13px; line-height: inherit; font-family: inherit; vertical-align: baseline;">AC</td>\r\n<td style="box-sizing: border-box; margin: 0px; padding: 9px 12px; border-top: none #e1e1e1; border-right: 1px solid #e1e1e1; border-bottom: 1px solid #e1e1e1; border-left: none #e1e1e1; border-image: initial; font-style: inherit; font-variant: inherit; font-weight: inherit; font-stretch: inherit; font-size: 13px; line-height: inherit; font-family: inherit; vertical-align: baseline;">&nbsp;</td>\r\n<td style="box-sizing: border-box; margin: 0px; padding: 9px 12px; border-top: none #e1e1e1; border-right: 1px solid #e1e1e1; border-bottom: 1px solid #e1e1e1; border-left: 1px solid #e1e1e1; border-image: initial; font-style: inherit; font-variant: inherit; font-weight: inherit; font-stretch: inherit; font-size: 13px; line-height: inherit; font-family: inherit; vertical-align: baseline;">&nbsp;</td>\r\n</tr>\r\n<tr style="box-sizing: border-box; margin: 0px; padding: 0px; border: 0px #e1e1e1; font: inherit; vertical-align: baseline; background: #f8f8f8;">\r\n<td style="box-sizing: border-box; margin: 0px; padding: 9px 12px; border-top: none #e1e1e1; border-right: 1px solid #e1e1e1; border-bottom: 1px solid #e1e1e1; border-left: 1px solid #e1e1e1; border-image: initial; font-style: inherit; font-variant: inherit; font-weight: inherit; font-stretch: inherit; font-size: 13px; line-height: inherit; font-family: inherit; vertical-align: baseline;" height="20"> </td>\r\n<td style="box-sizing: border-box; margin: 0px; padding: 9px 12px; border-top: none #e1e1e1; border-right: 1px solid #e1e1e1; border-bottom: 1px solid #e1e1e1; border-left: 1px solid #e1e1e1; border-image: initial; font-style: inherit; font-variant: inherit; font-weight: inherit; font-stretch: inherit; font-size: 13px; line-height: inherit; font-family: inherit; vertical-align: baseline;" colspan="3">      </td>\r\n</tr>\r\n<tr style="box-sizing: border-box; margin: 0px; padding: 0px; border: 0px #e1e1e1; font: inherit; vertical-align: baseline; background-color: #ffffff; color: #919191;">\r\n<td style="box-sizing: border-box; margin: 0px; padding: 9px 12px; border-top: none #e1e1e1; border-right: 1px solid #e1e1e1; border-bottom: 1px solid #e1e1e1; border-left: 1px solid #e1e1e1; border-image: initial; font-style: inherit; font-variant: inherit; font-weight: inherit; font-stretch: inherit; font-size: 13px; line-height: inherit; font-family: inherit; vertical-align: baseline;" height="20"> </td>\r\n<td style="box-sizing: border-box; margin: 0px; padding: 9px 12px; border-top: none #e1e1e1; border-right: 1px solid #e1e1e1; border-bottom: 1px solid #e1e1e1; border-left: none #e1e1e1; border-image: initial; font-style: inherit; font-variant: inherit; font-weight: inherit; font-stretch: inherit; font-size: 13px; line-height: inherit; font-family: inherit; vertical-align: baseline;"></td>\r\n<td style="box-sizing: border-box; margin: 0px; padding: 9px 12px; border-top: none #e1e1e1; border-right: 1px solid #e1e1e1; border-bottom: 1px solid #e1e1e1; border-left: none #e1e1e1; border-image: initial; font-style: inherit; font-variant: inherit; font-weight: inherit; font-stretch: inherit; font-size: 13px; line-height: inherit; font-family: inherit; vertical-align: baseline;">&nbsp;</td>\r\n<td style="box-sizing: border-box; margin: 0px; padding: 9px 12px; border-top: none #e1e1e1; border-right: 1px solid #e1e1e1; border-bottom: 1px solid #e1e1e1; border-left: 1px solid #e1e1e1; border-image: initial; font-style: inherit; font-variant: inherit; font-weight: inherit; font-stretch: inherit; font-size: 13px; line-height: inherit; font-family: inherit; vertical-align: baseline;">&nbsp;</td>\r\n</tr>\r\n<tr style="box-sizing: border-box; margin: 0px; padding: 0px; border: 0px #e1e1e1; font: inherit; vertical-align: baseline; background: #f8f8f8;">\r\n<td style="box-sizing: border-box; margin: 0px; padding: 9px 12px; border-top: none #e1e1e1; border-right: 1px solid #e1e1e1; border-bottom: 1px solid #e1e1e1; border-left: 1px solid #e1e1e1; border-image: initial; font-style: inherit; font-variant: inherit; font-weight: inherit; font-stretch: inherit; font-size: 13px; line-height: inherit; font-family: inherit; vertical-align: baseline;" height="20"> </td>\r\n<td style="box-sizing: border-box; margin: 0px; padding: 9px 12px; border-top: none #e1e1e1; border-right: 1px solid #e1e1e1; border-bottom: 1px solid #e1e1e1; border-left: none #e1e1e1; border-image: initial; font-style: inherit; font-variant: inherit; font-weight: inherit; font-stretch: inherit; font-size: 13px; line-height: inherit; font-family: inherit; vertical-align: baseline;">3  15</td>\r\n<td style="box-sizing: border-box; margin: 0px; padding: 9px 12px; border-top: none #e1e1e1; border-right: 1px solid #e1e1e1; border-bottom: 1px solid #e1e1e1; border-left: none #e1e1e1; border-image: initial; font-style: inherit; font-variant: inherit; font-weight: inherit; font-stretch: inherit; font-size: 13px; line-height: inherit; font-family: inherit; vertical-align: baseline;">&nbsp;</td>\r\n<td style="box-sizing: border-box; margin: 0px; padding: 9px 12px; border-top: none #e1e1e1; border-right: 1px solid #e1e1e1; border-bottom: 1px solid #e1e1e1; border-left: 1px solid #e1e1e1; border-image: initial; font-style: inherit; font-variant: inherit; font-weight: inherit; font-stretch: inherit; font-size: 13px; line-height: inherit; font-family: inherit; vertical-align: baseline;">&nbsp;</td>\r\n</tr>\r\n<tr style="box-sizing: border-box; margin: 0px; padding: 0px; border: 0px #e1e1e1; font: inherit; vertical-align: baseline; background-color: #ffffff; color: #919191;">\r\n<td style="box-sizing: border-box; margin: 0px; padding: 9px 12px; border-top: none #e1e1e1; border-right: 1px solid #e1e1e1; border-bottom: 1px solid #e1e1e1; border-left: 1px solid #e1e1e1; border-image: initial; font-style: inherit; font-variant: inherit; font-weight: inherit; font-stretch: inherit; font-size: 13px; line-height: inherit; font-family: inherit; vertical-align: baseline;" height="20"></td>\r\n<td style="box-sizing: border-box; margin: 0px; padding: 9px 12px; border-top: none #e1e1e1; border-right: 1px solid #e1e1e1; border-bottom: 1px solid #e1e1e1; border-left: none #e1e1e1; border-image: initial; font-style: inherit; font-variant: inherit; font-weight: inherit; font-stretch: inherit; font-size: 13px; line-height: inherit; font-family: inherit; vertical-align: baseline;">1 </td>\r\n<td style="box-sizing: border-box; margin: 0px; padding: 9px 12px; border-top: none #e1e1e1; border-right: 1px solid #e1e1e1; border-bottom: 1px solid #e1e1e1; border-left: none #e1e1e1; border-image: initial; font-style: inherit; font-variant: inherit; font-weight: inherit; font-stretch: inherit; font-size: 13px; line-height: inherit; font-family: inherit; vertical-align: baseline;">&nbsp;</td>\r\n<td style="box-sizing: border-box; margin: 0px; padding: 9px 12px; border-top: none #e1e1e1; border-right: 1px solid #e1e1e1; border-bottom: 1px solid #e1e1e1; border-left: 1px solid #e1e1e1; border-image: initial; font-style: inherit; font-variant: inherit; font-weight: inherit; font-stretch: inherit; font-size: 13px; line-height: inherit; font-family: inherit; vertical-align: baseline;">&nbsp;</td>\r\n</tr>\r\n<tr style="box-sizing: border-box; margin: 0px; padding: 0px; border: 0px #e1e1e1; font: inherit; vertical-align: baseline; background: #f8f8f8;">\r\n<td style="box-sizing: border-box; margin: 0px; padding: 9px 12px; border-top: none #e1e1e1; border-right: 1px solid #e1e1e1; border-bottom: 1px solid #e1e1e1; border-left: 1px solid #e1e1e1; border-image: initial; font-style: inherit; font-variant: inherit; font-weight: inherit; font-stretch: inherit; font-size: 13px; line-height: inherit; font-family: inherit; vertical-align: baseline;" height="20"> </td>\r\n<td style="box-sizing: border-box; margin: 0px; padding: 9px 12px; border-top: none #e1e1e1; border-right: 1px solid #e1e1e1; border-bottom: 1px solid #e1e1e1; border-left: none #e1e1e1; border-image: initial; font-style: inherit; font-variant: inherit; font-weight: inherit; font-stretch: inherit; font-size: 13px; line-height: inherit; font-family: inherit; vertical-align: baseline;">  3 </td>\r\n<td style="box-sizing: border-box; margin: 0px; padding: 9px 12px; border-top: none #e1e1e1; border-right: 1px solid #e1e1e1; border-bottom: 1px solid #e1e1e1; border-left: none #e1e1e1; border-image: initial; font-style: inherit; font-variant: inherit; font-weight: inherit; font-stretch: inherit; font-size: 13px; line-height: inherit; font-family: inherit; vertical-align: baseline;">&nbsp;</td>\r\n<td style="box-sizing: border-box; margin: 0px; padding: 9px 12px; border-top: none #e1e1e1; border-right: 1px solid #e1e1e1; border-bottom: 1px solid #e1e1e1; border-left: 1px solid #e1e1e1; border-image: initial; font-style: inherit; font-variant: inherit; font-weight: inherit; font-stretch: inherit; font-size: 13px; line-height: inherit; font-family: inherit; vertical-align: baseline;">&nbsp;</td>\r\n</tr>\r\n<tr style="box-sizing: border-box; margin: 0px; padding: 0px; border: 0px #e1e1e1; font: inherit; vertical-align: baseline; background-color: #ffffff; color: #919191;">\r\n<td style="box-sizing: border-box; margin: 0px; padding: 9px 12px; border-top: none #e1e1e1; border-right: 1px solid #e1e1e1; border-bottom: 1px solid #e1e1e1; border-left: 1px solid #e1e1e1; border-image: initial; font-style: inherit; font-variant: inherit; font-weight: inherit; font-stretch: inherit; font-size: 13px; line-height: inherit; font-family: inherit; vertical-align: baseline;" height="20"></td>\r\n<td style="box-sizing: border-box; margin: 0px; padding: 9px 12px; border-top: none #e1e1e1; border-right: 1px solid #e1e1e1; border-bottom: 1px solid #e1e1e1; border-left: none #e1e1e1; border-image: initial; font-style: inherit; font-variant: inherit; font-weight: inherit; font-stretch: inherit; font-size: 13px; line-height: inherit; font-family: inherit; vertical-align: baseline;">220/440 </td>\r\n<td style="box-sizing: border-box; margin: 0px; padding: 9px 12px; border-top: none #e1e1e1; border-right: 1px solid #e1e1e1; border-bottom: 1px solid #e1e1e1; border-left: none #e1e1e1; border-image: initial; font-style: inherit; font-variant: inherit; font-weight: inherit; font-stretch: inherit; font-size: 13px; line-height: inherit; font-family: inherit; vertical-align: baseline;">&nbsp;</td>\r\n<td style="box-sizing: border-box; margin: 0px; padding: 9px 12px; border-top: none #e1e1e1; border-right: 1px solid #e1e1e1; border-bottom: 1px solid #e1e1e1; border-left: 1px solid #e1e1e1; border-image: initial; font-style: inherit; font-variant: inherit; font-weight: inherit; font-stretch: inherit; font-size: 13px; line-height: inherit; font-family: inherit; vertical-align: baseline;">&nbsp;</td>\r\n</tr>\r\n<tr style="box-sizing: border-box; margin: 0px; padding: 0px; border: 0px #e1e1e1; font: inherit; vertical-align: baseline; background: #f8f8f8;">\r\n<td style="box-sizing: border-box; margin: 0px; padding: 9px 12px; border-top: none #e1e1e1; border-right: 1px solid #e1e1e1; border-bottom: 1px solid #e1e1e1; border-left: 1px solid #e1e1e1; border-image: initial; font-style: inherit; font-variant: inherit; font-weight: inherit; font-stretch: inherit; font-size: 13px; line-height: inherit; font-family: inherit; vertical-align: baseline;" height="20"></td>\r\n<td style="box-sizing: border-box; margin: 0px; padding: 9px 12px; border-top: none #e1e1e1; border-right: 1px solid #e1e1e1; border-bottom: 1px solid #e1e1e1; border-left: none #e1e1e1; border-image: initial; font-style: inherit; font-variant: inherit; font-weight: inherit; font-stretch: inherit; font-size: 13px; line-height: inherit; font-family: inherit; vertical-align: baseline;">300-1500 </td>\r\n<td style="box-sizing: border-box; margin: 0px; padding: 9px 12px; border-top: none #e1e1e1; border-right: 1px solid #e1e1e1; border-bottom: 1px solid #e1e1e1; border-left: none #e1e1e1; border-image: initial; font-style: inherit; font-variant: inherit; font-weight: inherit; font-stretch: inherit; font-size: 13px; line-height: inherit; font-family: inherit; vertical-align: baseline;">&nbsp;</td>\r\n<td style="box-sizing: border-box; margin: 0px; padding: 9px 12px; border-top: none #e1e1e1; border-right: 1px solid #e1e1e1; border-bottom: 1px solid #e1e1e1; border-left: 1px solid #e1e1e1; border-image: initial; font-style: inherit; font-variant: inherit; font-weight: inherit; font-stretch: inherit; font-size: 13px; line-height: inherit; font-family: inherit; vertical-align: baseline;">&nbsp;</td>\r\n</tr>\r\n<tr style="box-sizing: border-box; margin: 0px; padding: 0px; border: 0px #e1e1e1; font: inherit; vertical-align: baseline; background-color: #ffffff; color: #919191;">\r\n<td style="box-sizing: border-box; margin: 0px; padding: 9px 12px; border-top: none #e1e1e1; border-right: 1px solid #e1e1e1; border-bottom: 1px solid #e1e1e1; border-left: 1px solid #e1e1e1; border-image: initial; font-style: inherit; font-variant: inherit; font-weight: inherit; font-stretch: inherit; font-size: 13px; line-height: inherit; font-family: inherit; vertical-align: baseline;" height="20"> </td>\r\n<td style="box-sizing: border-box; margin: 0px; padding: 9px 12px; border-top: none #e1e1e1; border-right: 1px solid #e1e1e1; border-bottom: 1px solid #e1e1e1; border-left: none #e1e1e1; border-image: initial; font-style: inherit; font-variant: inherit; font-weight: inherit; font-stretch: inherit; font-size: 13px; line-height: inherit; font-family: inherit; vertical-align: baseline;"> </td>\r\n<td style="box-sizing: border-box; margin: 0px; padding: 9px 12px; border-top: none #e1e1e1; border-right: 1px solid #e1e1e1; border-bottom: 1px solid #e1e1e1; border-left: none #e1e1e1; border-image: initial; font-style: inherit; font-variant: inherit; font-weight: inherit; font-stretch: inherit; font-size: 13px; line-height: inherit; font-family: inherit; vertical-align: baseline;">&nbsp;</td>\r\n<td style="box-sizing: border-box; margin: 0px; padding: 9px 12px; border-top: none #e1e1e1; border-right: 1px solid #e1e1e1; border-bottom: 1px solid #e1e1e1; border-left: 1px solid #e1e1e1; border-image: initial; font-style: inherit; font-variant: inherit; font-weight: inherit; font-stretch: inherit; font-size: 13px; line-height: inherit; font-family: inherit; vertical-align: baseline;">&nbsp;</td>\r\n</tr>\r\n<tr style="box-sizing: border-box; margin: 0px; padding: 0px; border: 0px #e1e1e1; font: inherit; vertical-align: baseline; background: #f8f8f8;">\r\n<td style="box-sizing: border-box; margin: 0px; padding: 9px 12px; border-top: none #e1e1e1; border-right: 1px solid #e1e1e1; border-bottom: 1px solid #e1e1e1; border-left: 1px solid #e1e1e1; border-image: initial; font-style: inherit; font-variant: inherit; font-weight: inherit; font-stretch: inherit; font-size: 13px; line-height: inherit; font-family: inherit; vertical-align: baseline;" height="20"> </td>\r\n<td style="box-sizing: border-box; margin: 0px; padding: 9px 12px; border-top: none #e1e1e1; border-right: 1px solid #e1e1e1; border-bottom: 1px solid #e1e1e1; border-left: 1px solid #e1e1e1; border-image: initial; font-style: inherit; font-variant: inherit; font-weight: inherit; font-stretch: inherit; font-size: 13px; line-height: inherit; font-family: inherit; vertical-align: baseline;" colspan="3">    </td>\r\n</tr>\r\n<tr style="box-sizing: border-box; margin: 0px; padding: 0px; border: 0px #e1e1e1; font: inherit; vertical-align: baseline; background-color: #ffffff; color: #919191;">\r\n<td style="box-sizing: border-box; margin: 0px; padding: 9px 12px; border-top: none #e1e1e1; border-right: 1px solid #e1e1e1; border-bottom: 1px solid #e1e1e1; border-left: 1px solid #e1e1e1; border-image: initial; font-style: inherit; font-variant: inherit; font-weight: inherit; font-stretch: inherit; font-size: 13px; line-height: inherit; font-family: inherit; vertical-align: baseline;" height="20"></td>\r\n<td style="box-sizing: border-box; margin: 0px; padding: 9px 12px; border-top: none #e1e1e1; border-right: 1px solid #e1e1e1; border-bottom: 1px solid #e1e1e1; border-left: none #e1e1e1; border-image: initial; font-style: inherit; font-variant: inherit; font-weight: inherit; font-stretch: inherit; font-size: 13px; line-height: inherit; font-family: inherit; vertical-align: baseline;"></td>\r\n<td style="box-sizing: border-box; margin: 0px; padding: 9px 12px; border-top: none #e1e1e1; border-right: 1px solid #e1e1e1; border-bottom: 1px solid #e1e1e1; border-left: none #e1e1e1; border-image: initial; font-style: inherit; font-variant: inherit; font-weight: inherit; font-stretch: inherit; font-size: 13px; line-height: inherit; font-family: inherit; vertical-align: baseline;">&nbsp;</td>\r\n<td style="box-sizing: border-box; margin: 0px; padding: 9px 12px; border-top: none #e1e1e1; border-right: 1px solid #e1e1e1; border-bottom: 1px solid #e1e1e1; border-left: 1px solid #e1e1e1; border-image: initial; font-style: inherit; font-variant: inherit; font-weight: inherit; font-stretch: inherit; font-size: 13px; line-height: inherit; font-family: inherit; vertical-align: baseline;">&nbsp;</td>\r\n</tr>\r\n<tr style="box-sizing: border-box; margin: 0px; padding: 0px; border: 0px #e1e1e1; font: inherit; vertical-align: baseline; background: #f8f8f8;">\r\n<td style="box-sizing: border-box; margin: 0px; padding: 9px 12px; border-top: none #e1e1e1; border-right: 1px solid #e1e1e1; border-bottom: 1px solid #e1e1e1; border-left: 1px solid #e1e1e1; border-image: initial; font-style: inherit; font-variant: inherit; font-weight: inherit; font-stretch: inherit; font-size: 13px; line-height: inherit; font-family: inherit; vertical-align: baseline;" height="20"> </td>\r\n<td style="box-sizing: border-box; margin: 0px; padding: 9px 12px; border-top: none #e1e1e1; border-right: 1px solid #e1e1e1; border-bottom: 1px solid #e1e1e1; border-left: none #e1e1e1; border-image: initial; font-style: inherit; font-variant: inherit; font-weight: inherit; font-stretch: inherit; font-size: 13px; line-height: inherit; font-family: inherit; vertical-align: baseline;">    </td>\r\n<td style="box-sizing: border-box; margin: 0px; padding: 9px 12px; border-top: none #e1e1e1; border-right: 1px solid #e1e1e1; border-bottom: 1px solid #e1e1e1; border-left: none #e1e1e1; border-image: initial; font-style: inherit; font-variant: inherit; font-weight: inherit; font-stretch: inherit; font-size: 13px; line-height: inherit; font-family: inherit; vertical-align: baseline;">&nbsp;</td>\r\n<td style="box-sizing: border-box; margin: 0px; padding: 9px 12px; border-top: none #e1e1e1; border-right: 1px solid #e1e1e1; border-bottom: 1px solid #e1e1e1; border-left: 1px solid #e1e1e1; border-image: initial; font-style: inherit; font-variant: inherit; font-weight: inherit; font-stretch: inherit; font-size: 13px; line-height: inherit; font-family: inherit; vertical-align: baseline;">&nbsp;</td>\r\n</tr>\r\n<tr style="box-sizing: border-box; margin: 0px; padding: 0px; border: 0px #e1e1e1; font: inherit; vertical-align: baseline; background-color: #ffffff; color: #919191;">\r\n<td style="box-sizing: border-box; margin: 0px; padding: 9px 12px; border-top: none #e1e1e1; border-right: 1px solid #e1e1e1; border-bottom: 1px solid #e1e1e1; border-left: 1px solid #e1e1e1; border-image: initial; font-style: inherit; font-variant: inherit; font-weight: inherit; font-stretch: inherit; font-size: 13px; line-height: inherit; font-family: inherit; vertical-align: baseline;" height="20"> </td>\r\n<td style="box-sizing: border-box; margin: 0px; padding: 9px 12px; border-top: none #e1e1e1; border-right: 1px solid #e1e1e1; border-bottom: 1px solid #e1e1e1; border-left: none #e1e1e1; border-image: initial; font-style: inherit; font-variant: inherit; font-weight: inherit; font-stretch: inherit; font-size: 13px; line-height: inherit; font-family: inherit; vertical-align: baseline;">    </td>\r\n<td style="box-sizing: border-box; margin: 0px; padding: 9px 12px; border-top: none #e1e1e1; border-right: 1px solid #e1e1e1; border-bottom: 1px solid #e1e1e1; border-left: none #e1e1e1; border-image: initial; font-style: inherit; font-variant: inherit; font-weight: inherit; font-stretch: inherit; font-size: 13px; line-height: inherit; font-family: inherit; vertical-align: baseline;">&nbsp;</td>\r\n<td style="box-sizing: border-box; margin: 0px; padding: 9px 12px; border-top: none #e1e1e1; border-right: 1px solid #e1e1e1; border-bottom: 1px solid #e1e1e1; border-left: 1px solid #e1e1e1; border-image: initial; font-style: inherit; font-variant: inherit; font-weight: inherit; font-stretch: inherit; font-size: 13px; line-height: inherit; font-family: inherit; vertical-align: baseline;">&nbsp;</td>\r\n</tr>\r\n</tbody>\r\n</table>\r\n</div>\r\n</div>	1	2	\N	\N		\N	40		\N	2020-11-06 04:22:57.730259+03:30	1	      ( )          ...	f	23
52	  ,     ,      ,  ,  ,,  				-----tmt	\N	\N	\N	----.jpg	      	-----tmt	1	<p style="box-sizing: border-box; margin: 0.85em 0px; padding: 0px; border: 0px #e1e1e1; font-variant-numeric: inherit; font-variant-east-asian: inherit; font-stretch: inherit; font-size: 13px; line-height: inherit; font-family: arial, HelveticaNeue, 'Helvetica Neue', Helvetica-Neue, Helvetica, sans-serif; vertical-align: baseline; text-align: justify; color: #9c9c9c;"><strong style="box-sizing: border-box; margin: 0px; padding: 0px; border: 0px #e1e1e1; font-style: inherit; font-variant: inherit; font-weight: bold; font-stretch: inherit; font-size: inherit; line-height: inherit; font-family: inherit; vertical-align: baseline; color: #efbb20;">     &nbsp;</strong><strong style="box-sizing: border-box; margin: 0px; padding: 0px; border: 0px #e1e1e1; font-style: inherit; font-variant: inherit; font-weight: bold; font-stretch: inherit; font-size: inherit; line-height: inherit; font-family: inherit; vertical-align: baseline; color: #efbb20;">TMT</strong></p>\r\n<p style="box-sizing: border-box; margin: 0.85em 0px; padding: 0px; border: 0px #e1e1e1; font-variant-numeric: inherit; font-variant-east-asian: inherit; font-stretch: inherit; font-size: 13px; line-height: inherit; font-family: arial, HelveticaNeue, 'Helvetica Neue', Helvetica-Neue, Helvetica, sans-serif; vertical-align: baseline; text-align: justify; color: #9c9c9c;">   :                            .</p>\r\n<p style="box-sizing: border-box; margin: 0.85em 0px; padding: 0px; border: 0px #e1e1e1; font-variant-numeric: inherit; font-variant-east-asian: inherit; font-stretch: inherit; font-size: 13px; line-height: inherit; font-family: arial, HelveticaNeue, 'Helvetica Neue', Helvetica-Neue, Helvetica, sans-serif; vertical-align: baseline; text-align: justify; color: #9c9c9c;"><img title="-----.jpg" src="../../../../images/documents/blobid1604623680203.jpg" alt="       " width="750" height="679" /></p>\r\n<p style="box-sizing: border-box; margin: 0.85em 0px; padding: 0px; border: 0px #e1e1e1; font-variant-numeric: inherit; font-variant-east-asian: inherit; font-stretch: inherit; font-size: 13px; line-height: inherit; font-family: arial, HelveticaNeue, 'Helvetica Neue', Helvetica-Neue, Helvetica, sans-serif; vertical-align: baseline; text-align: justify; color: #9c9c9c;">          .                       .</p>\r\n<p style="box-sizing: border-box; margin: 0.85em 0px; padding: 0px; border: 0px #e1e1e1; font-variant-numeric: inherit; font-variant-east-asian: inherit; font-stretch: inherit; font-size: 13px; line-height: inherit; font-family: arial, HelveticaNeue, 'Helvetica Neue', Helvetica-Neue, Helvetica, sans-serif; vertical-align: baseline; text-align: justify; color: #9c9c9c;"><strong style="box-sizing: border-box; margin: 0px; padding: 0px; border: 0px #e1e1e1; font-style: inherit; font-variant: inherit; font-weight: bold; font-stretch: inherit; font-size: inherit; line-height: inherit; font-family: inherit; vertical-align: baseline; color: #efbb20;">           1  60        .</strong></p>\r\n<p style="box-sizing: border-box; margin: 0.85em 0px; padding: 0px; border: 0px #e1e1e1; font-variant-numeric: inherit; font-variant-east-asian: inherit; font-stretch: inherit; font-size: 13px; line-height: inherit; font-family: arial, HelveticaNeue, 'Helvetica Neue', Helvetica-Neue, Helvetica, sans-serif; vertical-align: baseline; text-align: justify; color: #9c9c9c;">&nbsp;</p>\r\n<h2 style="box-sizing: border-box; margin: 1.5em 0px 10px; padding: 0px; border: 0px #e1e1e1; font-variant-numeric: inherit; font-variant-east-asian: inherit; font-weight: 600; font-stretch: inherit; line-height: 1.1em; font-family: metrophobic, HelveticaNeue, 'Helvetica Neue', Helvetica-Neue, Helvetica, Arial, sans-serif; vertical-align: baseline; color: #2c353d;"> &nbsp;     TMT</h2>\r\n<p style="box-sizing: border-box; margin: 0.85em 0px; padding: 0px; border: 0px #e1e1e1; font-variant-numeric: inherit; font-variant-east-asian: inherit; font-stretch: inherit; font-size: 13px; line-height: inherit; font-family: arial, HelveticaNeue, 'Helvetica Neue', Helvetica-Neue, Helvetica, sans-serif; vertical-align: baseline; text-align: justify; color: #9c9c9c;">1.         304   .</p>\r\n<p style="box-sizing: border-box; margin: 0.85em 0px; padding: 0px; border: 0px #e1e1e1; font-variant-numeric: inherit; font-variant-east-asian: inherit; font-stretch: inherit; font-size: 13px; line-height: inherit; font-family: arial, HelveticaNeue, 'Helvetica Neue', Helvetica-Neue, Helvetica, sans-serif; vertical-align: baseline; text-align: justify; color: #9c9c9c;">2.    :</p>\r\n<p style="box-sizing: border-box; margin: 0.85em 0px; padding: 0px; border: 0px #e1e1e1; font-variant-numeric: inherit; font-variant-east-asian: inherit; font-stretch: inherit; font-size: 13px; line-height: inherit; font-family: arial, HelveticaNeue, 'Helvetica Neue', Helvetica-Neue, Helvetica, sans-serif; vertical-align: baseline; text-align: justify; color: #9c9c9c;">       &nbsp;                 :                   .</p>\r\n<p style="box-sizing: border-box; margin: 0.85em 0px; padding: 0px; border: 0px #e1e1e1; font-variant-numeric: inherit; font-variant-east-asian: inherit; font-stretch: inherit; font-size: 13px; line-height: inherit; font-family: arial, HelveticaNeue, 'Helvetica Neue', Helvetica-Neue, Helvetica, sans-serif; vertical-align: baseline; text-align: justify; color: #9c9c9c;"><img title="--------.jpg" src="../../../../images/documents/blobid1604623734584.jpg" alt="      " width="750" height="750" /></p>\r\n<p style="box-sizing: border-box; margin: 0.85em 0px; padding: 0px; border: 0px #e1e1e1; font-variant-numeric: inherit; font-variant-east-asian: inherit; font-stretch: inherit; font-size: 13px; line-height: inherit; font-family: arial, HelveticaNeue, 'Helvetica Neue', Helvetica-Neue, Helvetica, sans-serif; vertical-align: baseline; text-align: justify; color: #9c9c9c;">3.             .</p>\r\n<p style="box-sizing: border-box; margin: 0.85em 0px; padding: 0px; border: 0px #e1e1e1; font-variant-numeric: inherit; font-variant-east-asian: inherit; font-stretch: inherit; font-size: 13px; line-height: inherit; font-family: arial, HelveticaNeue, 'Helvetica Neue', Helvetica-Neue, Helvetica, sans-serif; vertical-align: baseline; text-align: justify; color: #9c9c9c;">4.                  .</p>\r\n<p style="box-sizing: border-box; margin: 0.85em 0px; padding: 0px; border: 0px #e1e1e1; font-variant-numeric: inherit; font-variant-east-asian: inherit; font-stretch: inherit; font-size: 13px; line-height: inherit; font-family: arial, HelveticaNeue, 'Helvetica Neue', Helvetica-Neue, Helvetica, sans-serif; vertical-align: baseline; text-align: justify; color: #9c9c9c;">5.            PLC  &nbsp;             .       .</p>\r\n<p style="box-sizing: border-box; margin: 0.85em 0px; padding: 0px; border: 0px #e1e1e1; font-variant-numeric: inherit; font-variant-east-asian: inherit; font-stretch: inherit; font-size: 13px; line-height: inherit; font-family: arial, HelveticaNeue, 'Helvetica Neue', Helvetica-Neue, Helvetica, sans-serif; vertical-align: baseline; text-align: justify; color: #9c9c9c;">6.                             .          .</p>\r\n<p style="box-sizing: border-box; margin: 0.85em 0px; padding: 0px; border: 0px #e1e1e1; font-variant-numeric: inherit; font-variant-east-asian: inherit; font-stretch: inherit; font-size: 13px; line-height: inherit; font-family: arial, HelveticaNeue, 'Helvetica Neue', Helvetica-Neue, Helvetica, sans-serif; vertical-align: baseline; text-align: justify; color: #9c9c9c;"><img title="-----.jpg" src="../../../../images/documents/blobid1604623775543.jpg" alt="     " width="750" height="750" /></p>\r\n<p style="box-sizing: border-box; margin: 0.85em 0px; padding: 0px; border: 0px #e1e1e1; font-variant-numeric: inherit; font-variant-east-asian: inherit; font-stretch: inherit; font-size: 13px; line-height: inherit; font-family: arial, HelveticaNeue, 'Helvetica Neue', Helvetica-Neue, Helvetica, sans-serif; vertical-align: baseline; text-align: justify; color: #9c9c9c;">7.       ( UHT)            .</p>\r\n<p style="box-sizing: border-box; margin: 0.85em 0px; padding: 0px; border: 0px #e1e1e1; font-variant-numeric: inherit; font-variant-east-asian: inherit; font-stretch: inherit; font-size: 13px; line-height: inherit; font-family: arial, HelveticaNeue, 'Helvetica Neue', Helvetica-Neue, Helvetica, sans-serif; vertical-align: baseline; text-align: justify; color: #9c9c9c;">8.     CIP               .</p>\r\n<p style="box-sizing: border-box; margin: 0.85em 0px; padding: 0px; border: 0px #e1e1e1; font-variant-numeric: inherit; font-variant-east-asian: inherit; font-stretch: inherit; font-size: 13px; line-height: inherit; font-family: arial, HelveticaNeue, 'Helvetica Neue', Helvetica-Neue, Helvetica, sans-serif; vertical-align: baseline; text-align: justify; color: #9c9c9c;">9.                     .</p>\r\n<p style="box-sizing: border-box; margin: 0.85em 0px; padding: 0px; border: 0px #e1e1e1; font-variant-numeric: inherit; font-variant-east-asian: inherit; font-stretch: inherit; font-size: 13px; line-height: inherit; font-family: arial, HelveticaNeue, 'Helvetica Neue', Helvetica-Neue, Helvetica, sans-serif; vertical-align: baseline; text-align: justify; color: #9c9c9c;"><img title="-----.jpg" src="../../../../images/documents/blobid1604623822778.jpg" alt="      " width="750" height="750" /><img title="----.jpg" src="../../../../images/documents/blobid1604623864247.jpg" alt="        " width="750" height="750" /> <img title="-------.jpg" src="../../../../images/documents/blobid1604623907454.jpg" alt="   " width="750" height="332" /></p>\r\n<p style="box-sizing: border-box; margin: 0.85em 0px; padding: 0px; border: 0px #e1e1e1; font-variant-numeric: inherit; font-variant-east-asian: inherit; font-stretch: inherit; font-size: 13px; line-height: inherit; font-family: arial, HelveticaNeue, 'Helvetica Neue', Helvetica-Neue, Helvetica, sans-serif; vertical-align: baseline; text-align: justify; color: #9c9c9c;">         .</p>	1	2	\N	\N		\N	\N		\N	2020-11-06 04:37:19.16694+03:30	1	               ..	f	23
53	  ,  ,   ,  				----sa	\N	\N	\N	---.jpg	     	----sa	1	<p style="box-sizing: border-box; margin: 0.85em 0px; padding: 0px; border: 0px #e1e1e1; font-variant-numeric: inherit; font-variant-east-asian: inherit; font-stretch: inherit; font-size: 13px; line-height: inherit; font-family: arial, HelveticaNeue, 'Helvetica Neue', Helvetica-Neue, Helvetica, sans-serif; vertical-align: baseline; text-align: justify; color: #9c9c9c;"><strong style="box-sizing: border-box; margin: 0px; padding: 0px; border: 0px #e1e1e1; font-style: inherit; font-variant: inherit; font-weight: bold; font-stretch: inherit; font-size: inherit; line-height: inherit; font-family: inherit; vertical-align: baseline; color: #efbb20;">           </strong></p>\r\n<p style="box-sizing: border-box; margin: 0.85em 0px; padding: 0px; border: 0px #e1e1e1; font-variant-numeric: inherit; font-variant-east-asian: inherit; font-stretch: inherit; font-size: 13px; line-height: inherit; font-family: arial, HelveticaNeue, 'Helvetica Neue', Helvetica-Neue, Helvetica, sans-serif; vertical-align: baseline; text-align: justify; color: #9c9c9c;"><img title="---.jpg" src="../../../../images/documents/blobid1604624634892.jpg" alt="     " width="700" height="254" /></p>\r\n<p style="box-sizing: border-box; margin: 0.85em 0px; padding: 0px; border: 0px #e1e1e1; font-variant-numeric: inherit; font-variant-east-asian: inherit; font-stretch: inherit; font-size: 13px; line-height: inherit; font-family: arial, HelveticaNeue, 'Helvetica Neue', Helvetica-Neue, Helvetica, sans-serif; vertical-align: baseline; text-align: justify; color: #9c9c9c;"> 1 :                  .</p>\r\n<p style="box-sizing: border-box; margin: 0.85em 0px; padding: 0px; border: 0px #e1e1e1; font-variant-numeric: inherit; font-variant-east-asian: inherit; font-stretch: inherit; font-size: 13px; line-height: inherit; font-family: arial, HelveticaNeue, 'Helvetica Neue', Helvetica-Neue, Helvetica, sans-serif; vertical-align: baseline; text-align: justify; color: #9c9c9c;"> 2 :                 .</p>\r\n<p style="box-sizing: border-box; margin: 0.85em 0px; padding: 0px; border: 0px #e1e1e1; font-variant-numeric: inherit; font-variant-east-asian: inherit; font-stretch: inherit; font-size: 13px; line-height: inherit; font-family: arial, HelveticaNeue, 'Helvetica Neue', Helvetica-Neue, Helvetica, sans-serif; vertical-align: baseline; text-align: justify; color: #9c9c9c;"> 3 :         .</p>\r\n<p style="box-sizing: border-box; margin: 0.85em 0px; padding: 0px; border: 0px #e1e1e1; font-variant-numeric: inherit; font-variant-east-asian: inherit; font-stretch: inherit; font-size: 13px; line-height: inherit; font-family: arial, HelveticaNeue, 'Helvetica Neue', Helvetica-Neue, Helvetica, sans-serif; vertical-align: baseline; text-align: justify; color: #9c9c9c;"> 4 :           .</p>\r\n<p style="box-sizing: border-box; margin: 0.85em 0px; padding: 0px; border: 0px #e1e1e1; font-variant-numeric: inherit; font-variant-east-asian: inherit; font-stretch: inherit; font-size: 13px; line-height: inherit; font-family: arial, HelveticaNeue, 'Helvetica Neue', Helvetica-Neue, Helvetica, sans-serif; vertical-align: baseline; text-align: justify; color: #9c9c9c;"> 5 :                  .</p>\r\n<p style="box-sizing: border-box; margin: 0.85em 0px; padding: 0px; border: 0px #e1e1e1; font-variant-numeric: inherit; font-variant-east-asian: inherit; font-stretch: inherit; font-size: 13px; line-height: inherit; font-family: arial, HelveticaNeue, 'Helvetica Neue', Helvetica-Neue, Helvetica, sans-serif; vertical-align: baseline; text-align: justify; color: #9c9c9c;"> 6 :             .</p>\r\n<p style="box-sizing: border-box; margin: 0.85em 0px; padding: 0px; border: 0px #e1e1e1; font-variant-numeric: inherit; font-variant-east-asian: inherit; font-stretch: inherit; font-size: 13px; line-height: inherit; font-family: arial, HelveticaNeue, 'Helvetica Neue', Helvetica-Neue, Helvetica, sans-serif; vertical-align: baseline; text-align: justify; color: #9c9c9c;"> 7 :            .</p>\r\n<p style="box-sizing: border-box; margin: 0.85em 0px; padding: 0px; border: 0px #e1e1e1; font-variant-numeric: inherit; font-variant-east-asian: inherit; font-stretch: inherit; font-size: 13px; line-height: inherit; font-family: arial, HelveticaNeue, 'Helvetica Neue', Helvetica-Neue, Helvetica, sans-serif; vertical-align: baseline; text-align: justify; color: #9c9c9c;"><img title="---.jpg" src="../../../../images/documents/blobid1604624682912.jpg" alt="      " width="700" height="787" /></p>\r\n<h2 style="box-sizing: border-box; margin: 1.5em 0px 10px; padding: 0px; border: 0px #e1e1e1; font-variant-numeric: inherit; font-variant-east-asian: inherit; font-weight: 600; font-stretch: inherit; line-height: 1.1em; font-family: metrophobic, HelveticaNeue, 'Helvetica Neue', Helvetica-Neue, Helvetica, Arial, sans-serif; vertical-align: baseline; color: #2c353d;"><strong style="box-sizing: border-box; margin: 0px; padding: 0px; border: 0px #e1e1e1; font-style: inherit; font-variant: inherit; font-weight: bold; font-stretch: inherit; font-size: inherit; line-height: inherit; font-family: inherit; vertical-align: baseline; color: inherit;">      SA<br style="box-sizing: border-box;" /></strong></h2>\r\n<table class="aliDataTable" style="margin: 0px 0px 20px; padding: 0px; border: 0px #e1e1e1; font-variant-numeric: inherit; font-variant-east-asian: inherit; font-stretch: inherit; font-size: 13px; line-height: inherit; font-family: arial, HelveticaNeue, 'Helvetica Neue', Helvetica-Neue, Helvetica, sans-serif; vertical-align: baseline; border-spacing: 0px; width: 602px; background: #f8f8f8; color: #9c9c9c; height: 448px;">\r\n<tbody style="box-sizing: border-box; margin: 0px; padding: 0px; border: 0px #e1e1e1; font: inherit; vertical-align: baseline;">\r\n<tr style="box-sizing: border-box; margin: 0px; padding: 0px; border: 0px #e1e1e1; font: inherit; vertical-align: baseline; background: #f8f8f8;">\r\n<td style="box-sizing: border-box; margin: 0px; padding: 9px 12px; border: 1px solid #e1e1e1; font-style: inherit; font-variant: inherit; font-weight: inherit; font-stretch: inherit; font-size: 13px; line-height: inherit; font-family: inherit; vertical-align: baseline; width: 282.857px;"></td>\r\n<td style="box-sizing: border-box; margin: 0px; padding: 9px 12px; border: 1px solid #e1e1e1; font-style: inherit; font-variant: inherit; font-weight: inherit; font-stretch: inherit; font-size: 13px; line-height: inherit; font-family: inherit; vertical-align: baseline; width: 317.857px;">   </td>\r\n</tr>\r\n<tr style="box-sizing: border-box; margin: 0px; padding: 0px; border: 0px #e1e1e1; font: inherit; vertical-align: baseline; background-color: #ffffff; color: #919191;">\r\n<td style="box-sizing: border-box; margin: 0px; padding: 9px 12px; border-top: none #e1e1e1; border-right: 1px solid #e1e1e1; border-bottom: 1px solid #e1e1e1; border-left: 1px solid #e1e1e1; border-image: initial; font-style: inherit; font-variant: inherit; font-weight: inherit; font-stretch: inherit; font-size: 13px; line-height: inherit; font-family: inherit; vertical-align: baseline; width: 282.857px;"> </td>\r\n<td style="box-sizing: border-box; margin: 0px; padding: 9px 12px; border-top: none #e1e1e1; border-right: 1px solid #e1e1e1; border-bottom: 1px solid #e1e1e1; border-left: 1px solid #e1e1e1; border-image: initial; font-style: inherit; font-variant: inherit; font-weight: inherit; font-stretch: inherit; font-size: 13px; line-height: inherit; font-family: inherit; vertical-align: baseline; width: 317.857px;">&nbsp;1</td>\r\n</tr>\r\n<tr style="box-sizing: border-box; margin: 0px; padding: 0px; border: 0px #e1e1e1; font: inherit; vertical-align: baseline; background: #f8f8f8;">\r\n<td style="box-sizing: border-box; margin: 0px; padding: 9px 12px; border-top: none #e1e1e1; border-right: 1px solid #e1e1e1; border-bottom: 1px solid #e1e1e1; border-left: 1px solid #e1e1e1; border-image: initial; font-style: inherit; font-variant: inherit; font-weight: inherit; font-stretch: inherit; font-size: 13px; line-height: inherit; font-family: inherit; vertical-align: baseline; width: 282.857px;">  </td>\r\n<td style="box-sizing: border-box; margin: 0px; padding: 9px 12px; border-top: none #e1e1e1; border-right: 1px solid #e1e1e1; border-bottom: 1px solid #e1e1e1; border-left: 1px solid #e1e1e1; border-image: initial; font-style: inherit; font-variant: inherit; font-weight: inherit; font-stretch: inherit; font-size: 13px; line-height: inherit; font-family: inherit; vertical-align: baseline; width: 317.857px;">50   </td>\r\n</tr>\r\n<tr style="box-sizing: border-box; margin: 0px; padding: 0px; border: 0px #e1e1e1; font: inherit; vertical-align: baseline; background-color: #ffffff; color: #919191;">\r\n<td style="box-sizing: border-box; margin: 0px; padding: 9px 12px; border-top: none #e1e1e1; border-right: 1px solid #e1e1e1; border-bottom: 1px solid #e1e1e1; border-left: 1px solid #e1e1e1; border-image: initial; font-style: inherit; font-variant: inherit; font-weight: inherit; font-stretch: inherit; font-size: 13px; line-height: inherit; font-family: inherit; vertical-align: baseline; width: 282.857px;">    </td>\r\n<td style="box-sizing: border-box; margin: 0px; padding: 9px 12px; border-top: none #e1e1e1; border-right: 1px solid #e1e1e1; border-bottom: 1px solid #e1e1e1; border-left: 1px solid #e1e1e1; border-image: initial; font-style: inherit; font-variant: inherit; font-weight: inherit; font-stretch: inherit; font-size: 13px; line-height: inherit; font-family: inherit; vertical-align: baseline; width: 317.857px;">&nbsp;30-200    </td>\r\n</tr>\r\n<tr style="box-sizing: border-box; margin: 0px; padding: 0px; border: 0px #e1e1e1; font: inherit; vertical-align: baseline; background: #f8f8f8;">\r\n<td style="box-sizing: border-box; margin: 0px; padding: 9px 12px; border-top: none #e1e1e1; border-right: 1px solid #e1e1e1; border-bottom: 1px solid #e1e1e1; border-left: 1px solid #e1e1e1; border-image: initial; font-style: inherit; font-variant: inherit; font-weight: inherit; font-stretch: inherit; font-size: 13px; line-height: inherit; font-family: inherit; vertical-align: baseline; width: 282.857px;">    </td>\r\n<td style="box-sizing: border-box; margin: 0px; padding: 9px 12px; border-top: none #e1e1e1; border-right: 1px solid #e1e1e1; border-bottom: 1px solid #e1e1e1; border-left: 1px solid #e1e1e1; border-image: initial; font-style: inherit; font-variant: inherit; font-weight: inherit; font-stretch: inherit; font-size: 13px; line-height: inherit; font-family: inherit; vertical-align: baseline; width: 317.857px;">&nbsp;40-150  </td>\r\n</tr>\r\n<tr style="box-sizing: border-box; margin: 0px; padding: 0px; border: 0px #e1e1e1; font: inherit; vertical-align: baseline; background-color: #ffffff; color: #919191;">\r\n<td style="box-sizing: border-box; margin: 0px; padding: 9px 12px; border-top: none #e1e1e1; border-right: 1px solid #e1e1e1; border-bottom: 1px solid #e1e1e1; border-left: 1px solid #e1e1e1; border-image: initial; font-style: inherit; font-variant: inherit; font-weight: inherit; font-stretch: inherit; font-size: 13px; line-height: inherit; font-family: inherit; vertical-align: baseline; width: 282.857px;"> </td>\r\n<td style="box-sizing: border-box; margin: 0px; padding: 9px 12px; border-top: none #e1e1e1; border-right: 1px solid #e1e1e1; border-bottom: 1px solid #e1e1e1; border-left: 1px solid #e1e1e1; border-image: initial; font-style: inherit; font-variant: inherit; font-weight: inherit; font-stretch: inherit; font-size: 13px; line-height: inherit; font-family: inherit; vertical-align: baseline; width: 317.857px;">&nbsp;0.6-0.8MPa</td>\r\n</tr>\r\n<tr style="box-sizing: border-box; margin: 0px; padding: 0px; border: 0px #e1e1e1; font: inherit; vertical-align: baseline; background: #f8f8f8;">\r\n<td style="box-sizing: border-box; margin: 0px; padding: 9px 12px; border-top: none #e1e1e1; border-right: 1px solid #e1e1e1; border-bottom: 1px solid #e1e1e1; border-left: 1px solid #e1e1e1; border-image: initial; font-style: inherit; font-variant: inherit; font-weight: inherit; font-stretch: inherit; font-size: 13px; line-height: inherit; font-family: inherit; vertical-align: baseline; width: 282.857px;"></td>\r\n<td style="box-sizing: border-box; margin: 0px; padding: 9px 12px; border-top: none #e1e1e1; border-right: 1px solid #e1e1e1; border-bottom: 1px solid #e1e1e1; border-left: 1px solid #e1e1e1; border-image: initial; font-style: inherit; font-variant: inherit; font-weight: inherit; font-stretch: inherit; font-size: 13px; line-height: inherit; font-family: inherit; vertical-align: baseline; width: 317.857px;">&nbsp;6KW</td>\r\n</tr>\r\n<tr style="box-sizing: border-box; margin: 0px; padding: 0px; border: 0px #e1e1e1; font: inherit; vertical-align: baseline; background-color: #ffffff; color: #919191;">\r\n<td style="box-sizing: border-box; margin: 0px; padding: 9px 12px; border-top: none #e1e1e1; border-right: 1px solid #e1e1e1; border-bottom: 1px solid #e1e1e1; border-left: 1px solid #e1e1e1; border-image: initial; font-style: inherit; font-variant: inherit; font-weight: inherit; font-stretch: inherit; font-size: 13px; line-height: inherit; font-family: inherit; vertical-align: baseline; width: 282.857px;"></td>\r\n<td style="box-sizing: border-box; margin: 0px; padding: 9px 12px; border-top: none #e1e1e1; border-right: 1px solid #e1e1e1; border-bottom: 1px solid #e1e1e1; border-left: 1px solid #e1e1e1; border-image: initial; font-style: inherit; font-variant: inherit; font-weight: inherit; font-stretch: inherit; font-size: 13px; line-height: inherit; font-family: inherit; vertical-align: baseline; width: 317.857px;">&nbsp;2500K</td>\r\n</tr>\r\n<tr style="box-sizing: border-box; margin: 0px; padding: 0px; border: 0px #e1e1e1; font: inherit; vertical-align: baseline; background: #f8f8f8;">\r\n<td style="box-sizing: border-box; margin: 0px; padding: 9px 12px; border-top: none #e1e1e1; border-right: 1px solid #e1e1e1; border-bottom: 1px solid #e1e1e1; border-left: 1px solid #e1e1e1; border-image: initial; font-style: inherit; font-variant: inherit; font-weight: inherit; font-stretch: inherit; font-size: 13px; line-height: inherit; font-family: inherit; vertical-align: baseline; width: 282.857px;"></td>\r\n<td style="box-sizing: border-box; margin: 0px; padding: 9px 12px; border-top: none #e1e1e1; border-right: 1px solid #e1e1e1; border-bottom: 1px solid #e1e1e1; border-left: 1px solid #e1e1e1; border-image: initial; font-style: inherit; font-variant: inherit; font-weight: inherit; font-stretch: inherit; font-size: 13px; line-height: inherit; font-family: inherit; vertical-align: baseline; width: 317.857px;"><span style="box-sizing: border-box; margin: 0px; padding: 0px; border: 0px #e1e1e1; font: inherit; vertical-align: baseline;" data-spm-anchor-id="a2700.details.pronpeci14.i5.511117ddrM9Fs4">10000*3900*3000  <br style="box-sizing: border-box;" /></span></td>\r\n</tr>\r\n<tr style="box-sizing: border-box; margin: 0px; padding: 0px; border: 0px #e1e1e1; font: inherit; vertical-align: baseline; background-color: #ffffff; color: #919191;">\r\n<td style="box-sizing: border-box; margin: 0px; padding: 9px 12px; border-top: none #e1e1e1; border-right: 1px solid #e1e1e1; border-bottom: 1px solid #e1e1e1; border-left: 1px solid #e1e1e1; border-image: initial; font-style: inherit; font-variant: inherit; font-weight: inherit; font-stretch: inherit; font-size: 13px; line-height: inherit; font-family: inherit; vertical-align: baseline; width: 282.857px;"></td>\r\n<td style="box-sizing: border-box; margin: 0px; padding: 9px 12px; border-top: none #e1e1e1; border-right: 1px solid #e1e1e1; border-bottom: 1px solid #e1e1e1; border-left: 1px solid #e1e1e1; border-image: initial; font-style: inherit; font-variant: inherit; font-weight: inherit; font-stretch: inherit; font-size: 13px; line-height: inherit; font-family: inherit; vertical-align: baseline; width: 318.571px;">&nbsp;380V/220 &nbsp; , 50 </td>\r\n</tr>\r\n</tbody>\r\n</table>\r\n<p style="box-sizing: border-box; margin: 0.85em 0px; padding: 0px; border: 0px #e1e1e1; font-variant-numeric: inherit; font-variant-east-asian: inherit; font-stretch: inherit; font-size: 13px; line-height: inherit; font-family: arial, HelveticaNeue, 'Helvetica Neue', Helvetica-Neue, Helvetica, sans-serif; vertical-align: baseline; text-align: justify; color: #9c9c9c;">&nbsp;</p>\r\n<p style="box-sizing: border-box; margin: 0.85em 0px; padding: 0px; border: 0px #e1e1e1; font-variant-numeric: inherit; font-variant-east-asian: inherit; font-stretch: inherit; font-size: 13px; line-height: inherit; font-family: arial, HelveticaNeue, 'Helvetica Neue', Helvetica-Neue, Helvetica, sans-serif; vertical-align: baseline; text-align: justify; color: #9c9c9c;"><img title="----.jpg" src="../../../../images/documents/blobid1604624761835.jpg" alt="       " width="700" height="525" /></p>	1	2	\N	\N		\N	\N		\N	2020-11-06 04:49:55.63245+03:30	1	                	f	23
54	    ,   ,    				----	\N	\N	\N	-----32-.jpg	      	----	1	<h2 style="box-sizing: border-box; margin: 0px 0px 10px; padding: 0px; border: 0px #e1e1e1; font-variant-numeric: inherit; font-variant-east-asian: inherit; font-weight: 600; font-stretch: inherit; line-height: 1.1em; font-family: metrophobic, HelveticaNeue, 'Helvetica Neue', Helvetica-Neue, Helvetica, Arial, sans-serif; vertical-align: baseline; color: #2c353d;"></h2>\r\n<p style="box-sizing: border-box; margin: 0.85em 0px; padding: 0px; border: 0px #e1e1e1; font-variant-numeric: inherit; font-variant-east-asian: inherit; font-stretch: inherit; font-size: 13px; line-height: inherit; font-family: arial, HelveticaNeue, 'Helvetica Neue', Helvetica-Neue, Helvetica, sans-serif; vertical-align: baseline; text-align: justify; color: #9c9c9c;"><strong style="box-sizing: border-box; margin: 0px; padding: 0px; border: 0px #e1e1e1; font-style: inherit; font-variant: inherit; font-weight: bold; font-stretch: inherit; font-size: inherit; line-height: inherit; font-family: inherit; vertical-align: baseline; color: #efbb20;">                     .</strong></p>\r\n<p style="box-sizing: border-box; margin: 0.85em 0px; padding: 0px; border: 0px #e1e1e1; font-variant-numeric: inherit; font-variant-east-asian: inherit; font-stretch: inherit; font-size: 13px; line-height: inherit; font-family: arial, HelveticaNeue, 'Helvetica Neue', Helvetica-Neue, Helvetica, sans-serif; vertical-align: baseline; text-align: justify; color: #9c9c9c;">   &nbsp;             .                                         .</p>\r\n<p style="box-sizing: border-box; margin: 0.85em 0px; padding: 0px; border: 0px #e1e1e1; font-variant-numeric: inherit; font-variant-east-asian: inherit; font-stretch: inherit; font-size: 13px; line-height: inherit; font-family: arial, HelveticaNeue, 'Helvetica Neue', Helvetica-Neue, Helvetica, sans-serif; vertical-align: baseline; text-align: justify; color: #9c9c9c;">&nbsp;</p>\r\n<p style="box-sizing: border-box; margin: 0.85em 0px; padding: 0px; border: 0px #e1e1e1; font-variant-numeric: inherit; font-variant-east-asian: inherit; font-stretch: inherit; font-size: 13px; line-height: inherit; font-family: arial, HelveticaNeue, 'Helvetica Neue', Helvetica-Neue, Helvetica, sans-serif; vertical-align: baseline; text-align: justify; color: #9c9c9c;"><img title="----.jpg" src="../../../../images/documents/blobid1604626317951.jpg" alt="        " width="800" height="243" /></p>\r\n<p style="box-sizing: border-box; margin: 0.85em 0px; padding: 0px; border: 0px #e1e1e1; font-variant-numeric: inherit; font-variant-east-asian: inherit; font-stretch: inherit; font-size: 13px; line-height: inherit; font-family: arial, HelveticaNeue, 'Helvetica Neue', Helvetica-Neue, Helvetica, sans-serif; vertical-align: baseline; text-align: justify; color: #9c9c9c;">         5000  6000        .</p>\r\n<p style="box-sizing: border-box; margin: 0.85em 0px; padding: 0px; border: 0px #e1e1e1; font-variant-numeric: inherit; font-variant-east-asian: inherit; font-stretch: inherit; font-size: 13px; line-height: inherit; font-family: arial, HelveticaNeue, 'Helvetica Neue', Helvetica-Neue, Helvetica, sans-serif; vertical-align: baseline; text-align: justify; color: #9c9c9c;">                                          .</p>\r\n<table style="margin: 0px 0px 20px; padding: 0px; border: 0px #e1e1e1; font-variant-numeric: inherit; font-variant-east-asian: inherit; font-stretch: inherit; font-size: 13px; line-height: inherit; font-family: arial, HelveticaNeue, 'Helvetica Neue', Helvetica-Neue, Helvetica, sans-serif; vertical-align: baseline; border-spacing: 0px; width: 553.143px; background: #f8f8f8; color: #9c9c9c;" width="540">\r\n<tbody style="box-sizing: border-box; margin: 0px; padding: 0px; border: 0px #e1e1e1; font: inherit; vertical-align: baseline;">\r\n<tr style="box-sizing: border-box; margin: 0px; padding: 0px; border: 0px #e1e1e1; font: inherit; vertical-align: baseline; background: #f8f8f8;">\r\n<td style="box-sizing: border-box; margin: 0px; padding: 9px 12px; border: 1px solid #e1e1e1; font-style: inherit; font-variant: inherit; font-weight: inherit; font-stretch: inherit; font-size: 13px; line-height: inherit; font-family: inherit; vertical-align: baseline;" width="90"></td>\r\n<td style="box-sizing: border-box; margin: 0px; padding: 9px 12px; border-top: 1px solid #e1e1e1; border-right: 1px solid #e1e1e1; border-bottom: 1px solid #e1e1e1; border-left: none #e1e1e1; border-image: initial; font-style: inherit; font-variant: inherit; font-weight: inherit; font-stretch: inherit; font-size: 13px; line-height: inherit; font-family: inherit; vertical-align: baseline;" width="90">   </td>\r\n<td style="box-sizing: border-box; margin: 0px; padding: 9px 12px; border-top: 1px solid #e1e1e1; border-right: 1px solid #e1e1e1; border-bottom: 1px solid #e1e1e1; border-left: none #e1e1e1; border-image: initial; font-style: inherit; font-variant: inherit; font-weight: inherit; font-stretch: inherit; font-size: 13px; line-height: inherit; font-family: inherit; vertical-align: baseline;" width="90"> </td>\r\n<td style="box-sizing: border-box; margin: 0px; padding: 9px 12px; border-top: 1px solid #e1e1e1; border-right: 1px solid #e1e1e1; border-bottom: 1px solid #e1e1e1; border-left: none #e1e1e1; border-image: initial; font-style: inherit; font-variant: inherit; font-weight: inherit; font-stretch: inherit; font-size: 13px; line-height: inherit; font-family: inherit; vertical-align: baseline;" width="90">  (kw)</td>\r\n<td style="box-sizing: border-box; margin: 0px; padding: 9px 12px; border-top: 1px solid #e1e1e1; border-right: 1px solid #e1e1e1; border-bottom: 1px solid #e1e1e1; border-left: none #e1e1e1; border-image: initial; font-style: inherit; font-variant: inherit; font-weight: inherit; font-stretch: inherit; font-size: 13px; line-height: inherit; font-family: inherit; vertical-align: baseline;" width="90">    ()</td>\r\n<td style="box-sizing: border-box; margin: 0px; padding: 9px 12px; border: 1px solid #e1e1e1; font-style: inherit; font-variant: inherit; font-weight: inherit; font-stretch: inherit; font-size: 13px; line-height: inherit; font-family: inherit; vertical-align: baseline;" width="90"> </td>\r\n</tr>\r\n<tr style="box-sizing: border-box; margin: 0px; padding: 0px; border: 0px #e1e1e1; font: inherit; vertical-align: baseline; background-color: #ffffff; color: #919191;">\r\n<td style="box-sizing: border-box; margin: 0px; padding: 9px 12px; border-top: none #e1e1e1; border-right: 1px solid #e1e1e1; border-bottom: 1px solid #e1e1e1; border-left: 1px solid #e1e1e1; border-image: initial; font-style: inherit; font-variant: inherit; font-weight: inherit; font-stretch: inherit; font-size: 13px; line-height: inherit; font-family: inherit; vertical-align: baseline;" width="90">BTF-5-8</td>\r\n<td style="box-sizing: border-box; margin: 0px; padding: 9px 12px; border-top: none #e1e1e1; border-right: 1px solid #e1e1e1; border-bottom: 1px solid #e1e1e1; border-left: none #e1e1e1; border-image: initial; font-style: inherit; font-variant: inherit; font-weight: inherit; font-stretch: inherit; font-size: 13px; line-height: inherit; font-family: inherit; vertical-align: baseline;" width="90">4000-5000</td>\r\n<td style="box-sizing: border-box; margin: 0px; padding: 9px 12px; border-top: none #e1e1e1; border-right: 1px solid #e1e1e1; border-bottom: 1px solid #e1e1e1; border-left: none #e1e1e1; border-image: initial; font-style: inherit; font-variant: inherit; font-weight: inherit; font-stretch: inherit; font-size: 13px; line-height: inherit; font-family: inherit; vertical-align: baseline;" width="90">40</td>\r\n<td style="box-sizing: border-box; margin: 0px; padding: 9px 12px; border-top: none #e1e1e1; border-right: 1px solid #e1e1e1; border-bottom: 1px solid #e1e1e1; border-left: none #e1e1e1; border-image: initial; font-style: inherit; font-variant: inherit; font-weight: inherit; font-stretch: inherit; font-size: 13px; line-height: inherit; font-family: inherit; vertical-align: baseline;" width="90">150</td>\r\n<td style="box-sizing: border-box; margin: 0px; padding: 9px 12px; border-top: none #e1e1e1; border-right: 1px solid #e1e1e1; border-bottom: 1px solid #e1e1e1; border-left: none #e1e1e1; border-image: initial; font-style: inherit; font-variant: inherit; font-weight: inherit; font-stretch: inherit; font-size: 13px; line-height: inherit; font-family: inherit; vertical-align: baseline;" width="90">425</td>\r\n<td style="box-sizing: border-box; margin: 0px; padding: 9px 12px; border-top: none #e1e1e1; border-right: 1px solid #e1e1e1; border-bottom: 1px solid #e1e1e1; border-left: 1px solid #e1e1e1; border-image: initial; font-style: inherit; font-variant: inherit; font-weight: inherit; font-stretch: inherit; font-size: 13px; line-height: inherit; font-family: inherit; vertical-align: baseline;" width="90">&nbsp;5-7</td>\r\n</tr>\r\n<tr style="box-sizing: border-box; margin: 0px; padding: 0px; border: 0px #e1e1e1; font: inherit; vertical-align: baseline; background: #f8f8f8;">\r\n<td style="box-sizing: border-box; margin: 0px; padding: 9px 12px; border-top: none #e1e1e1; border-right: 1px solid #e1e1e1; border-bottom: 1px solid #e1e1e1; border-left: 1px solid #e1e1e1; border-image: initial; font-style: inherit; font-variant: inherit; font-weight: inherit; font-stretch: inherit; font-size: 13px; line-height: inherit; font-family: inherit; vertical-align: baseline;" width="90">BTF-5-12</td>\r\n<td style="box-sizing: border-box; margin: 0px; padding: 9px 12px; border-top: none #e1e1e1; border-right: 1px solid #e1e1e1; border-bottom: 1px solid #e1e1e1; border-left: none #e1e1e1; border-image: initial; font-style: inherit; font-variant: inherit; font-weight: inherit; font-stretch: inherit; font-size: 13px; line-height: inherit; font-family: inherit; vertical-align: baseline;" width="90">5000-6000</td>\r\n<td style="box-sizing: border-box; margin: 0px; padding: 9px 12px; border-top: none #e1e1e1; border-right: 1px solid #e1e1e1; border-bottom: 1px solid #e1e1e1; border-left: none #e1e1e1; border-image: initial; font-style: inherit; font-variant: inherit; font-weight: inherit; font-stretch: inherit; font-size: 13px; line-height: inherit; font-family: inherit; vertical-align: baseline;" width="90">60</td>\r\n<td style="box-sizing: border-box; margin: 0px; padding: 9px 12px; border-top: none #e1e1e1; border-right: 1px solid #e1e1e1; border-bottom: 1px solid #e1e1e1; border-left: none #e1e1e1; border-image: initial; font-style: inherit; font-variant: inherit; font-weight: inherit; font-stretch: inherit; font-size: 13px; line-height: inherit; font-family: inherit; vertical-align: baseline;" width="90">153</td>\r\n<td style="box-sizing: border-box; margin: 0px; padding: 9px 12px; border-top: none #e1e1e1; border-right: 1px solid #e1e1e1; border-bottom: 1px solid #e1e1e1; border-left: none #e1e1e1; border-image: initial; font-style: inherit; font-variant: inherit; font-weight: inherit; font-stretch: inherit; font-size: 13px; line-height: inherit; font-family: inherit; vertical-align: baseline;" width="90">459</td>\r\n<td style="box-sizing: border-box; margin: 0px; padding: 9px 12px; border-top: none #e1e1e1; border-right: 1px solid #e1e1e1; border-bottom: 1px solid #e1e1e1; border-left: 1px solid #e1e1e1; border-image: initial; font-style: inherit; font-variant: inherit; font-weight: inherit; font-stretch: inherit; font-size: 13px; line-height: inherit; font-family: inherit; vertical-align: baseline;" width="90">&nbsp;5-7</td>\r\n</tr>\r\n</tbody>\r\n</table>\r\n<p style="box-sizing: border-box; margin: 0.85em 0px; padding: 0px; border: 0px #e1e1e1; font-variant-numeric: inherit; font-variant-east-asian: inherit; font-stretch: inherit; font-size: 13px; line-height: inherit; font-family: arial, HelveticaNeue, 'Helvetica Neue', Helvetica-Neue, Helvetica, sans-serif; vertical-align: baseline; text-align: justify; color: #9c9c9c;">&nbsp;</p>\r\n<h2 style="box-sizing: border-box; margin: 1.5em 0px 10px; padding: 0px; border: 0px #e1e1e1; font-variant-numeric: inherit; font-variant-east-asian: inherit; font-weight: 600; font-stretch: inherit; line-height: 1.1em; font-family: metrophobic, HelveticaNeue, 'Helvetica Neue', Helvetica-Neue, Helvetica, Arial, sans-serif; vertical-align: baseline; color: #2c353d;">       </h2>\r\n<p style="box-sizing: border-box; margin: 0.85em 0px; padding: 0px; border: 0px #e1e1e1; font-variant-numeric: inherit; font-variant-east-asian: inherit; font-stretch: inherit; font-size: 13px; line-height: inherit; font-family: arial, HelveticaNeue, 'Helvetica Neue', Helvetica-Neue, Helvetica, sans-serif; vertical-align: baseline; text-align: justify; color: #9c9c9c;">           .                        .</p>\r\n<p style="box-sizing: border-box; margin: 0.85em 0px; padding: 0px; border: 0px #e1e1e1; font-variant-numeric: inherit; font-variant-east-asian: inherit; font-stretch: inherit; font-size: 13px; line-height: inherit; font-family: arial, HelveticaNeue, 'Helvetica Neue', Helvetica-Neue, Helvetica, sans-serif; vertical-align: baseline; text-align: justify; color: #9c9c9c;"><img title="------.jpg" src="../../../../images/documents/blobid1604626377482.jpg" alt="      " width="800" height="198" /></p>\r\n<p style="box-sizing: border-box; margin: 0.85em 0px; padding: 0px; border: 0px #e1e1e1; font-variant-numeric: inherit; font-variant-east-asian: inherit; font-stretch: inherit; font-size: 13px; line-height: inherit; font-family: arial, HelveticaNeue, 'Helvetica Neue', Helvetica-Neue, Helvetica, sans-serif; vertical-align: baseline; text-align: justify; color: #9c9c9c;">                  .            .</p>\r\n<p style="box-sizing: border-box; margin: 0.85em 0px; padding: 0px; border: 0px #e1e1e1; font-variant-numeric: inherit; font-variant-east-asian: inherit; font-stretch: inherit; font-size: 13px; line-height: inherit; font-family: arial, HelveticaNeue, 'Helvetica Neue', Helvetica-Neue, Helvetica, sans-serif; vertical-align: baseline; text-align: justify; color: #9c9c9c;">           (   )             .            .</p>\r\n<p style="box-sizing: border-box; margin: 0.85em 0px; padding: 0px; border: 0px #e1e1e1; font-variant-numeric: inherit; font-variant-east-asian: inherit; font-stretch: inherit; font-size: 13px; line-height: inherit; font-family: arial, HelveticaNeue, 'Helvetica Neue', Helvetica-Neue, Helvetica, sans-serif; vertical-align: baseline; text-align: justify; color: #9c9c9c;">&nbsp;</p>\r\n<h2 style="box-sizing: border-box; margin: 1.5em 0px 10px; padding: 0px; border: 0px #e1e1e1; font-variant-numeric: inherit; font-variant-east-asian: inherit; font-weight: 600; font-stretch: inherit; line-height: 1.1em; font-family: metrophobic, HelveticaNeue, 'Helvetica Neue', Helvetica-Neue, Helvetica, Arial, sans-serif; vertical-align: baseline; color: #2c353d;">     </h2>\r\n<p style="box-sizing: border-box; margin: 0.85em 0px; padding: 0px; border: 0px #e1e1e1; font-variant-numeric: inherit; font-variant-east-asian: inherit; font-stretch: inherit; font-size: 13px; line-height: inherit; font-family: arial, HelveticaNeue, 'Helvetica Neue', Helvetica-Neue, Helvetica, sans-serif; vertical-align: baseline; text-align: justify; color: #9c9c9c;">            .                                                         .</p>\r\n<p style="box-sizing: border-box; margin: 0.85em 0px; padding: 0px; border: 0px #e1e1e1; font-variant-numeric: inherit; font-variant-east-asian: inherit; font-stretch: inherit; font-size: 13px; line-height: inherit; font-family: arial, HelveticaNeue, 'Helvetica Neue', Helvetica-Neue, Helvetica, sans-serif; vertical-align: baseline; text-align: justify; color: #9c9c9c;">&nbsp;</p>\r\n<h3 style="box-sizing: border-box; margin: 1.5em 0px 8px; padding: 0px; border: 0px #e1e1e1; font-variant-numeric: inherit; font-variant-east-asian: inherit; font-weight: 600; font-stretch: inherit; font-size: 20px; line-height: 1.1em; font-family: metrophobic, HelveticaNeue, 'Helvetica Neue', Helvetica-Neue, Helvetica, Arial, sans-serif; vertical-align: baseline; color: #2c353d;">  </h3>\r\n<p style="box-sizing: border-box; margin: 0.85em 0px; padding: 0px; border: 0px #e1e1e1; font-variant-numeric: inherit; font-variant-east-asian: inherit; font-stretch: inherit; font-size: 13px; line-height: inherit; font-family: arial, HelveticaNeue, 'Helvetica Neue', Helvetica-Neue, Helvetica, sans-serif; vertical-align: baseline; text-align: justify; color: #9c9c9c;">                  .                .         .</p>\r\n<p style="box-sizing: border-box; margin: 0.85em 0px; padding: 0px; border: 0px #e1e1e1; font-variant-numeric: inherit; font-variant-east-asian: inherit; font-stretch: inherit; font-size: 13px; line-height: inherit; font-family: arial, HelveticaNeue, 'Helvetica Neue', Helvetica-Neue, Helvetica, sans-serif; vertical-align: baseline; text-align: justify; color: #9c9c9c;"><img title="---.jpg" src="../../../../images/documents/blobid1604626417269.jpg" alt="         " width="799" height="264" /></p>\r\n<h3 style="box-sizing: border-box; margin: 1.5em 0px 8px; padding: 0px; border: 0px #e1e1e1; font-variant-numeric: inherit; font-variant-east-asian: inherit; font-weight: 600; font-stretch: inherit; font-size: 20px; line-height: 1.1em; font-family: metrophobic, HelveticaNeue, 'Helvetica Neue', Helvetica-Neue, Helvetica, Arial, sans-serif; vertical-align: baseline; color: #2c353d;">   ( )</h3>\r\n<p style="box-sizing: border-box; margin: 0.85em 0px; padding: 0px; border: 0px #e1e1e1; font-variant-numeric: inherit; font-variant-east-asian: inherit; font-stretch: inherit; font-size: 13px; line-height: inherit; font-family: arial, HelveticaNeue, 'Helvetica Neue', Helvetica-Neue, Helvetica, sans-serif; vertical-align: baseline; text-align: justify; color: #9c9c9c;">      .             .</p>\r\n<p style="box-sizing: border-box; margin: 0.85em 0px; padding: 0px; border: 0px #e1e1e1; font-variant-numeric: inherit; font-variant-east-asian: inherit; font-stretch: inherit; font-size: 13px; line-height: inherit; font-family: arial, HelveticaNeue, 'Helvetica Neue', Helvetica-Neue, Helvetica, sans-serif; vertical-align: baseline; text-align: justify; color: #9c9c9c;"><strong style="box-sizing: border-box; margin: 0px; padding: 0px; border: 0px #e1e1e1; font-style: inherit; font-variant: inherit; font-weight: bold; font-stretch: inherit; font-size: inherit; line-height: inherit; font-family: inherit; vertical-align: baseline; color: #efbb20;"><img title="----.jpg" src="../../../../images/documents/blobid1604626450568.jpg" alt="      " width="800" height="600" /><br /></strong></p>\r\n<h3 style="box-sizing: border-box; margin: 1.5em 0px 8px; padding: 0px; border: 0px #e1e1e1; font-variant-numeric: inherit; font-variant-east-asian: inherit; font-weight: 600; font-stretch: inherit; font-size: 20px; line-height: 1.1em; font-family: metrophobic, HelveticaNeue, 'Helvetica Neue', Helvetica-Neue, Helvetica, Arial, sans-serif; vertical-align: baseline; color: #2c353d;">  </h3>\r\n<p style="box-sizing: border-box; margin: 0.85em 0px; padding: 0px; border: 0px #e1e1e1; font-variant-numeric: inherit; font-variant-east-asian: inherit; font-stretch: inherit; font-size: 13px; line-height: inherit; font-family: arial, HelveticaNeue, 'Helvetica Neue', Helvetica-Neue, Helvetica, sans-serif; vertical-align: baseline; text-align: justify; color: #9c9c9c;">           :    (    )      (         ) .</p>\r\n<p style="box-sizing: border-box; margin: 0.85em 0px; padding: 0px; border: 0px #e1e1e1; font-variant-numeric: inherit; font-variant-east-asian: inherit; font-stretch: inherit; font-size: 13px; line-height: inherit; font-family: arial, HelveticaNeue, 'Helvetica Neue', Helvetica-Neue, Helvetica, sans-serif; vertical-align: baseline; text-align: justify; color: #9c9c9c;">&nbsp;</p>\r\n<p style="box-sizing: border-box; margin: 0.85em 0px; padding: 0px; border: 0px #e1e1e1; font-variant-numeric: inherit; font-variant-east-asian: inherit; font-stretch: inherit; font-size: 13px; line-height: inherit; font-family: arial, HelveticaNeue, 'Helvetica Neue', Helvetica-Neue, Helvetica, sans-serif; vertical-align: baseline; text-align: justify; color: #9c9c9c;">                                 .</p>\r\n<p style="box-sizing: border-box; margin: 0.85em 0px; padding: 0px; border: 0px #e1e1e1; font-variant-numeric: inherit; font-variant-east-asian: inherit; font-stretch: inherit; font-size: 13px; line-height: inherit; font-family: arial, HelveticaNeue, 'Helvetica Neue', Helvetica-Neue, Helvetica, sans-serif; vertical-align: baseline; text-align: justify; color: #9c9c9c;">                .</p>\r\n<p style="box-sizing: border-box; margin: 0.85em 0px; padding: 0px; border: 0px #e1e1e1; font-variant-numeric: inherit; font-variant-east-asian: inherit; font-stretch: inherit; font-size: 13px; line-height: inherit; font-family: arial, HelveticaNeue, 'Helvetica Neue', Helvetica-Neue, Helvetica, sans-serif; vertical-align: baseline; text-align: justify; color: #9c9c9c;"><img title="----.jpg" src="../../../../images/documents/blobid1604626505471.jpg" alt="       " width="800" height="299" /></p>\r\n<h3 style="box-sizing: border-box; margin: 1.5em 0px 8px; padding: 0px; border: 0px #e1e1e1; font-variant-numeric: inherit; font-variant-east-asian: inherit; font-weight: 600; font-stretch: inherit; font-size: 20px; line-height: 1.1em; font-family: metrophobic, HelveticaNeue, 'Helvetica Neue', Helvetica-Neue, Helvetica, Arial, sans-serif; vertical-align: baseline; color: #2c353d;">                        .</h3>	1	2	\N	\N		\N	\N		\N	2020-11-06 05:18:26.916621+03:30	1	                 ..	f	23
55	 ,  ,   ,   ,  				     	\N	\N	\N	__.jpg	       	-----	1	<div id="tab-description" class="woocommerce-Tabs-panel woocommerce-Tabs-panel--description panel entry-content wc-tab" style="display: block;" role="tabpanel" aria-labelledby="tab-title-description">\r\n<h2></h2>\r\n<p><strong>     </strong></p>\r\n<p><strong> </strong><br /><br /> : ()  <br />  : <br /> :   <br />:   <br />  :    <br />: 220V / 380V<br /> (L * W * H):     <br />: 1 <br /> :         <br />: <br />  :        <br /> &ndash; :    ( )<br /> :   <br />  : 0-80 R / M<br /> : 2900R / M<br /> : 1  2<br />      : 10 <br /> (W): 2.2KW-22KW</p>\r\n<p>&nbsp;<img title=" .jpg" src="../../../../images/documents/blobid1604653073863.jpg" alt="  " width="600" height="580" /></p>\r\n</div>\r\n<div class="woocommerce-Tabs-panel woocommerce-Tabs-panel--description panel entry-content wc-tab" style="display: block;" role="tabpanel" aria-labelledby="tab-title-description">\r\n<p><strong></strong></p>\r\n<p>   <strong>     </strong>            (    )             .                 (  )                   .</p>\r\n<h5><strong> :</strong></h5>\r\n<table border="1">\r\n<tbody>\r\n<tr>\r\n<td style="text-align: center;"></td>\r\n<td>200-5000L (  )</td>\r\n</tr>\r\n<tr>\r\n<td style="text-align: center;">  </td>\r\n<td>0.75-15KW</td>\r\n</tr>\r\n<tr>\r\n<td style="text-align: center;">  </td>\r\n<td>0-60 (R/MIN)</td>\r\n</tr>\r\n<tr>\r\n<td style="text-align: center;"> </td>\r\n<td>2.2-22 KW</td>\r\n</tr>\r\n<tr>\r\n<td style="text-align: center;"> </td>\r\n<td>2880 (R/MIN)</td>\r\n</tr>\r\n<tr>\r\n<td style="text-align: center;"> </td>\r\n<td data-spm-anchor-id="a2700.details.pronpeci14.i2.764daW40aW40rM">     ()</td>\r\n</tr>\r\n</tbody>\r\n</table>\r\n<p><img title="-------1-600x695.jpg" src="../../../../images/documents/blobid1604653176751.jpg" alt="        " width="600" height="695" /></p>\r\n<h5></h5>\r\n<p>1           .</p>\r\n<p>2                PTPE (F4)              .             0-60       .</p>\r\n<p>3         ROSS       </p>\r\n<p>            .</p>\r\n<p>  (  )&nbsp;                   </p>\r\n<p>            .</p>\r\n<p>            (   3   )                </p>\r\n<p>         .       .</p>\r\n<p><strong></strong></p>\r\n<p>                   (         )  .</p>\r\n<p>                          .</p>\r\n<p>&nbsp;</p>\r\n<p><img title="-----1-600x562.jpg" src="../../../../images/documents/blobid1604653211351.jpg" alt="         " width="600" height="562" /></p>\r\n<p><strong>    <br /></strong></p>\r\n<p>&nbsp;</p>\r\n<p>80            .</p>\r\n<p>&nbsp;</p>\r\n<p><strong> </strong></p>\r\n<p>1. IQC (  )</p>\r\n<p>2. IPQC (   )</p>\r\n<p>3. OQC (    )</p>\r\n<p>4. FQC (  )</p>\r\n<p>&nbsp;</p>\r\n<p><strong> </strong></p>\r\n<p>&nbsp;</p>\r\n<p>1.  </p>\r\n<p>2. </p>\r\n<p>3. </p>\r\n<p>4.    </p>\r\n</div>	1	2	\N	\N		\N	\N		\N	2020-11-06 12:32:45.834043+03:30	1	                	f	23
56	  ,  ,    ,   				----	\N	\N	\N	------.jpg	   	----	1	<h2>&nbsp;</h2>\r\n<p><strong>    </strong></p>\r\n<p>  :</p>\r\n<p>                       </p>\r\n<p>         .</p>\r\n<p>     PVC  PE  PP  PU  TPE  LDPE  XLPE  LSHF  NYLON  TPU       &nbsp;          .</p>\r\n<h6>  </h6>\r\n<h6>1.                       </h6>\r\n<h6>         :</h6>\r\n<p> .    </p>\r\n<p> .    </p>\r\n<p> .    </p>\r\n<p> .      BVBVR</p>\r\n<p> .    </p>\r\n<p> .    </p>\r\n<p> .        </p>\r\n<p> .   </p>\r\n<h6>2-              30  35  40  45  50  60  65  70  80  90  100  120  150       .</h6>\r\n<h6>3.                PLC      .</h6>\r\n<p><strong>               </strong></p>\r\n<p><img title="----600x423.jpg" src="../../../../images/documents/blobid1604653667154.jpg" alt="          " width="705" height="497" /></p>\r\n<p><img title="----705x477.jpg" src="../../../../images/documents/blobid1604653614107.jpg" alt="       " width="705" height="477" /></p>\r\n<p><img title="----705x396.jpg" src="../../../../images/documents/blobid1604653716865.jpg" alt="            " width="705" height="396" /></p>\r\n<p>&nbsp;</p>\r\n<h5><strong>  </strong></h5>\r\n<p><strong>      </strong></p>\r\n<p>       UL               </p>\r\n<p>  rf          .</p>\r\n<p><strong>       </strong></p>\r\n<p>                </p>\r\n<p>                .</p>\r\n<p><strong>        </strong></p>\r\n<p>      RV          RVV         .</p>\r\n<p><strong>       BV BVT BVVB   </strong></p>\r\n<p>       (6 -0.5)      (70- 10 ) &nbsp; BV BVR BVVB    .</p>\r\n<p>            </p>\r\n<p>                  PVC XLPE LDPE      .</p>\r\n<p><strong>       BV   </strong></p>\r\n<p>             (10-70  ) BV BVT BVVB       .</p>\r\n<p>                   (50-240)    .</p>\r\n<p>       BV  </p>\r\n<p>        </p>\r\n<p>          (0.5-6 mm2) BV BVR  .</p>\r\n<h5>      </h5>\r\n<p>                    .</p>\r\n<p>    &nbsp;      </p>\r\n<p>          &nbsp; TPE FEP (  )      .</p>\r\n<p>&nbsp;<img title="---600x494.jpg" src="../../../../images/documents/blobid1604653747481.jpg" alt="      " width="705" height="580" /></p>	1	2	\N	\N	 	\N	\N		\N	2020-11-06 12:42:28.29605+03:30	1	                 	f	23
57	  ,  ,  ,  ,     				--	\N	\N	\N	--.jpg	       	--	1	<p>  </p>\r\n<p><img title="1-1-600x432.jpg" src="../../../../images/documents/blobid1604654270322.jpg" alt="       " width="600" height="432" /></p>\r\n<p><strong> </strong><br /><br /> : <br /> : <br />:1    <br />      :         10 <br />  :  <br /> :  <br />  :    <br />:   <br />  :    <br />:  <br />: 300-6000   <br />:   <br />:    <br /> :  </p>\r\n<h5> </h5>\r\n<p>   &nbsp;      <br />        (  )                  </p>\r\n<p>.                  &nbsp;  :<br />1.    (   100    )<br />2.   100     150   <br />3. 300     500     1000     2000     3000     4000     5000       </p>\r\n<p>.             (       )</p>\r\n<p>        :<br />1.        <br />2.         <br />3.     :    </p>\r\n<p>                     .</p>\r\n<p><img title="------600x491.jpg" src="../../../../images/documents/blobid1604654428061.jpg" alt="     " width="600" height="491" /></p>\r\n<p><img title="---.jpg" src="../../../../images/documents/blobid1604654466919.jpg" alt="    " width="600" height="334" /></p>\r\n<p>&nbsp;</p>\r\n<table class="aliDataTable" style="height: 164px; width: 40.0292%;">\r\n<tbody>\r\n<tr style="height: 54px;">\r\n<td style="height: 164px; width: 39.1454%;" rowspan="6" data-spm-anchor-id="a2700.details.pronpeci14.i4.23ae7f69KOnQ2Q">\r\n<div>\r\n<div>     </div>\r\n</div>\r\n</td>\r\n<td style="height: 54px; width: 18.8869%;">\r\n<div style="text-align: center;">\r\n<p> </p>\r\n</div>\r\n</td>\r\n<td style="height: 164px; width: 34.2518%;" rowspan="6">\r\n<div style="text-align: center;">\r\n<p style="text-align: right;">  :</p>\r\n</div>\r\n<div style="text-align: right;">*  \r\n<div style="text-align: right;" data-spm-anchor-id="a2700.details.pronpeci14.i5.23ae7f69KOnQ2Q">*    </div>\r\n<div style="text-align: right;">*      </div>\r\n</div>\r\n</td>\r\n</tr>\r\n<tr style="height: 22px;">\r\n<td style="height: 22px; width: 18.8869%; text-align: right;">\r\n<div style="text-align: center;">  </div>\r\n</td>\r\n</tr>\r\n<tr style="height: 22px;">\r\n<td style="height: 22px; width: 18.8869%; text-align: right;">\r\n<div style="text-align: center;"> </div>\r\n</td>\r\n</tr>\r\n<tr style="height: 22px;">\r\n<td style="height: 22px; width: 18.8869%; text-align: right;">\r\n<div style="text-align: center;"> </div>\r\n</td>\r\n</tr>\r\n<tr style="height: 22px;">\r\n<td style="height: 22px; width: 18.8869%; text-align: right;">\r\n<div> &nbsp;&nbsp; </div>\r\n</td>\r\n</tr>\r\n<tr style="height: 22px;">\r\n<td style="height: 22px; width: 18.8869%; text-align: right;">\r\n<div> </div>\r\n</td>\r\n</tr>\r\n</tbody>\r\n</table>	1	2	\N	\N	  	\N	\N		\N	2020-11-06 12:58:48.174403+03:30	1	               ..	f	23
58	  ,   				----	\N	\N	\N	-----.jpg	    	----	1	<p><strong>   |       : PVC</strong></p>\r\n<p><img title="--.jpg" src="../../../../images/documents/blobid1604655165607.jpg" alt="          " width="750" height="658" /></p>\r\n<h2>     </h2>\r\n<p>               .</p>\r\n<p>             (UV)    .</p>\r\n<p>           .</p>\r\n<p>          .</p>\r\n<p><img title="-----.jpg" src="../../../../images/documents/blobid1604655195294.jpg" alt="         " width="750" height="325" /></p>\r\n<h2>         </h2>\r\n<p>                           .</p>\r\n<p>&nbsp;</p>\r\n<p><strong><span data-spm-anchor-id="a2700.details.pronpeci14.i2.70a63411Ylchqj">&nbsp;           <br /></span></strong></p>\r\n<table border="1">\r\n<tbody>\r\n<tr>\r\n<td><strong></strong></td>\r\n<td><strong></strong></td>\r\n</tr>\r\n<tr>\r\n<td>1</td>\r\n<td>   </td>\r\n</tr>\r\n<tr>\r\n<td>2</td>\r\n<td>  </td>\r\n</tr>\r\n<tr>\r\n<td>3</td>\r\n<td>  </td>\r\n</tr>\r\n<tr>\r\n<td>4</td>\r\n<td>  (  )  </td>\r\n</tr>\r\n<tr>\r\n<td>5</td>\r\n<td>   </td>\r\n</tr>\r\n<tr>\r\n<td>6</td>\r\n<td>  </td>\r\n</tr>\r\n<tr>\r\n<td>7</td>\r\n<td> </td>\r\n</tr>\r\n<tr>\r\n<td>8</td>\r\n<td></td>\r\n</tr>\r\n</tbody>\r\n</table>\r\n<h2>      PVC</h2>\r\n<p>&nbsp;<img title="---.jpg" src="../../../../images/documents/blobid1604655219990.jpg" alt="      " width="800" height="1590" /></p>	1	2	\N	\N		\N	\N		\N	2020-11-06 13:06:19.372955+03:30	1	                  	f	23
59	   ,  ,  ,  ,   				------	\N	\N	\N	--.jpg	    	------	1	<p><strong>               :</strong></p>\r\n<p>     </p>\r\n<p>    </p>\r\n<p>  ( ) </p>\r\n<p>   </p>\r\n<p>   </p>\r\n<p>  </p>\r\n<p>&nbsp;</p>\r\n<p><img title="-------.jpg" src="../../../../images/documents/blobid1604655560363.jpg" alt="          " width="750" height="715" /></p>\r\n<h2 id="ali-anchor-AliMagic-p0ywqb" class="magic-0" data-section="AliMagic-p0ywqb" data-section-title="Size Information" data-spm-anchor-id="a2700.details.pronpeci14.i5.9fb922a7i2UfWs">       </h2>\r\n<div class="ife-detail-decorate-table">\r\n<table class="has-title is-zebra hight-light-first-column all magic-9">\r\n<tbody>\r\n<tr>\r\n<td colspan="1" rowspan="1">\r\n<div class="magic-10">\r\n<div class="magic-11"><span class="magic-5" style="font-family: Arial;">.</span></div>\r\n</div>\r\n</td>\r\n<td colspan="1" rowspan="1">\r\n<div class="magic-12">\r\n<div class="magic-11" data-spm-anchor-id="a2700.details.pronpeci14.i0.9fb922a7i2UfWs"><span class="magic-5" style="font-family: Arial;"> <br /></span></div>\r\n</div>\r\n</td>\r\n<td colspan="1" rowspan="1">\r\n<div class="magic-13">\r\n<div class="magic-11"><span class="magic-5" style="font-family: Arial;"></span></div>\r\n</div>\r\n</td>\r\n</tr>\r\n<tr>\r\n<td colspan="1" rowspan="1">\r\n<div class="magic-14">\r\n<div class="magic-11"><span class="magic-5" style="font-family: Arial;">1</span></div>\r\n</div>\r\n</td>\r\n<td colspan="1" rowspan="1">\r\n<div class="magic-15">\r\n<div class="magic-11"><span class="magic-5" style="font-family: Arial;">  <br /></span></div>\r\n</div>\r\n</td>\r\n<td colspan="1" rowspan="1">\r\n<div class="magic-16">\r\n<div class="magic-11"><span class="magic-5" style="font-family: Arial;">250   <br /></span></div>\r\n</div>\r\n</td>\r\n</tr>\r\n<tr>\r\n<td colspan="1" rowspan="1">\r\n<div class="magic-14">\r\n<div class="magic-11"><span class="magic-5" style="font-family: Arial;">2</span></div>\r\n</div>\r\n</td>\r\n<td colspan="1" rowspan="1">\r\n<div class="magic-15" data-spm-anchor-id="a2700.details.pronpeci14.i1.9fb922a7i2UfWs">\r\n<div class="magic-11"><span class="magic-5" style="font-family: Arial;">  <br /></span></div>\r\n</div>\r\n</td>\r\n<td colspan="1" rowspan="1">\r\n<div class="magic-16">\r\n<div class="magic-11"><span class="magic-5" style="font-family: Arial;">200-1000 <br /></span></div>\r\n</div>\r\n</td>\r\n</tr>\r\n<tr>\r\n<td colspan="1" rowspan="1">\r\n<div class="magic-14">\r\n<div class="magic-11"><span class="magic-5" style="font-family: Arial;">3</span></div>\r\n</div>\r\n</td>\r\n<td colspan="1" rowspan="1">\r\n<div class="magic-15">\r\n<div class="magic-11"><span class="magic-5" style="font-family: Arial;">  <br /></span></div>\r\n</div>\r\n</td>\r\n<td colspan="1" rowspan="1">\r\n<div class="magic-16">\r\n<div class="magic-11"><span class="magic-5" style="font-family: Arial;">500-3000 <br /></span></div>\r\n</div>\r\n</td>\r\n</tr>\r\n<tr>\r\n<td colspan="1" rowspan="1">\r\n<div class="magic-14">\r\n<div class="magic-11"><span class="magic-5" style="font-family: Arial;">4</span></div>\r\n</div>\r\n</td>\r\n<td colspan="1" rowspan="1">\r\n<div class="magic-15">\r\n<div class="magic-11"><span class="magic-5" style="font-family: Arial;">   <br /></span></div>\r\n</div>\r\n</td>\r\n<td colspan="1" rowspan="1">\r\n<div class="magic-16">\r\n<div class="magic-11"><span class="magic-5" style="font-family: Arial;">200-250 <span class="magic-5">  </span><br /></span></div>\r\n</div>\r\n</td>\r\n</tr>\r\n<tr>\r\n<td colspan="1" rowspan="1">\r\n<div class="magic-14">\r\n<div class="magic-11"><span class="magic-5" style="font-family: Arial;">5</span></div>\r\n</div>\r\n</td>\r\n<td colspan="1" rowspan="1">\r\n<div class="magic-15">\r\n<div class="magic-11"><span class="magic-5" style="font-family: Arial;">  <br /></span></div>\r\n</div>\r\n</td>\r\n<td colspan="1" rowspan="1">\r\n<div class="magic-16">\r\n<div class="magic-11"><span class="magic-5" style="font-family: Arial;">500-5000 <br /></span></div>\r\n</div>\r\n</td>\r\n</tr>\r\n<tr>\r\n<td colspan="1" rowspan="1">\r\n<div class="magic-14">\r\n<div class="magic-11"><span class="magic-5" style="font-family: Arial;">6</span></div>\r\n</div>\r\n</td>\r\n<td colspan="1" rowspan="1">\r\n<div class="magic-15">\r\n<div class="magic-11"><span class="magic-5" style="font-family: Arial;">   <br /></span></div>\r\n</div>\r\n</td>\r\n<td colspan="1" rowspan="1">\r\n<div class="magic-16">\r\n<div class="magic-11"><span class="magic-5" style="font-family: Arial;">500-2000 <span class="magic-5">  </span><br /></span></div>\r\n</div>\r\n</td>\r\n</tr>\r\n<tr>\r\n<td colspan="1" rowspan="1">\r\n<div class="magic-14">\r\n<div class="magic-11"><span class="magic-5" style="font-family: Arial;">7</span></div>\r\n</div>\r\n</td>\r\n<td colspan="1" rowspan="1">\r\n<div class="magic-15">\r\n<div class="magic-11"><span class="magic-5" style="font-family: Arial;">   <br /></span></div>\r\n</div>\r\n</td>\r\n<td colspan="1" rowspan="1">\r\n<div class="magic-16">\r\n<div class="magic-11"><span class="magic-5" style="font-family: Arial;">50-150 <span class="magic-5">  </span><br /></span></div>\r\n</div>\r\n</td>\r\n</tr>\r\n<tr>\r\n<td colspan="1" rowspan="1">\r\n<div class="magic-14">\r\n<div class="magic-11"><span class="magic-5" style="font-family: Arial;">8</span></div>\r\n</div>\r\n</td>\r\n<td colspan="1" rowspan="1">\r\n<div class="magic-15">\r\n<div class="magic-11"><span class="magic-5" style="font-family: Arial;">  <br /></span></div>\r\n</div>\r\n</td>\r\n<td colspan="1" rowspan="1">\r\n<div class="magic-16">\r\n<div class="magic-11"><span class="magic-5" style="font-family: Arial;">10   <br /></span></div>\r\n</div>\r\n</td>\r\n</tr>\r\n<tr>\r\n<td colspan="1" rowspan="1">\r\n<div class="magic-14">\r\n<div class="magic-11"><span class="magic-5" style="font-family: Arial;">9</span></div>\r\n</div>\r\n</td>\r\n<td colspan="1" rowspan="1">\r\n<div class="magic-15">\r\n<div class="magic-11"><span class="magic-5" style="font-family: Arial;">   <br /></span></div>\r\n</div>\r\n</td>\r\n<td colspan="1" rowspan="1">\r\n<div class="magic-16">\r\n<div class="magic-11"><span class="magic-5" style="font-family: Arial;">20   <br /></span></div>\r\n</div>\r\n</td>\r\n</tr>\r\n<tr>\r\n<td colspan="1" rowspan="1">\r\n<div class="magic-14">\r\n<div class="magic-11"><span class="magic-5" style="font-family: Arial;">10</span></div>\r\n</div>\r\n</td>\r\n<td colspan="1" rowspan="1">\r\n<div class="magic-15">\r\n<div class="magic-11"><span class="magic-5" style="font-family: Arial;">  <br /></span></div>\r\n</div>\r\n</td>\r\n<td colspan="1" rowspan="1">\r\n<div class="magic-16">\r\n<div class="magic-11"><span class="magic-5" style="font-family: Arial;">150-225  <br /></span></div>\r\n</div>\r\n</td>\r\n</tr>\r\n<tr>\r\n<td colspan="1" rowspan="1">\r\n<div class="magic-10">\r\n<div class="magic-11"><span class="magic-5" style="font-family: Arial;">11</span></div>\r\n</div>\r\n</td>\r\n<td colspan="1" rowspan="1">\r\n<div class="magic-12">\r\n<div class="magic-11"><span class="magic-5" style="font-family: Arial;">  <br /></span></div>\r\n</div>\r\n</td>\r\n<td colspan="1" rowspan="1">\r\n<div class="magic-13">\r\n<div class="magic-11"><span class="magic-5" style="font-family: Arial;">10   <br /></span></div>\r\n</div>\r\n</td>\r\n</tr>\r\n<tr>\r\n<td colspan="1" rowspan="1">\r\n<div class="magic-10">\r\n<div class="magic-11"><span class="magic-5" style="font-family: Arial;">12</span></div>\r\n</div>\r\n</td>\r\n<td colspan="1" rowspan="1">\r\n<div class="magic-12">   </div>\r\n</td>\r\n<td colspan="1" rowspan="1">\r\n<div class="magic-13">\r\n<div class="magic-11"><span class="magic-5" style="font-family: Arial;">8-10   <br /></span></div>\r\n</div>\r\n</td>\r\n</tr>\r\n<tr>\r\n<td colspan="1" rowspan="1">\r\n<div class="magic-10">\r\n<div class="magic-11"><span class="magic-5" style="font-family: Arial;">13</span></div>\r\n</div>\r\n</td>\r\n<td colspan="1" rowspan="1">\r\n<div class="magic-12">\r\n<div class="magic-11"><span class="magic-5" style="font-family: Arial;"> <br /></span></div>\r\n</div>\r\n</td>\r\n<td colspan="1" rowspan="1">\r\n<div class="magic-13">\r\n<div class="magic-11"><span class="magic-5" style="font-family: Arial;" data-spm-anchor-id="a2700.details.pronpeci14.i6.9fb922a7i2UfWs">25-80   <br /></span></div>\r\n</div>\r\n</td>\r\n</tr>\r\n</tbody>\r\n</table>\r\n</div>\r\n<p><img title="----1.jpg" src="../../../../images/documents/blobid1604656351186.jpg" alt="        " width="750" height="853" /><br />&nbsp;<img title="----2.jpg" src="../../../../images/documents/blobid1604656391961.jpg" alt="       " width="750" height="760" /></p>\r\n<p><img title="----3.jpg" src="../../../../images/documents/blobid1604656416912.jpg" alt="    " width="750" height="402" /></p>\r\n<p><img title="----4.jpg" src="../../../../images/documents/blobid1604656438441.jpg" alt="    " width="750" height="712" /></p>\r\n<p><img title="----5.jpg" src="../../../../images/documents/blobid1604656463936.jpg" alt="    " width="750" height="360" /></p>\r\n<p><strong><img title="----6.jpg" src="../../../../images/documents/blobid1604656500145.jpg" alt="    " width="750" height="708" /></strong></p>\r\n<p><strong><img title="-----.jpg" src="../../../../images/documents/blobid1604656526870.jpg" alt="         " width="750" height="482" /></strong></p>\r\n<p><strong>      .</strong></p>	1	2	\N	\N	  	\N	\N		\N	2020-11-06 13:28:20.581194+03:30	1	              	f	23
60	  ,  				--	\N	\N	\N	----.jpg	   	--	1	<p>  </p>\r\n<p><img title="---600x600.jpg" src="../../../../images/documents/blobid1604656982300.jpg" alt="   " width="600" height="600" /></p>\r\n<h5> </h5>\r\n<h6>         </h6>\r\n<p><strong> :</strong></p>\r\n<p>           </p>\r\n<p>                                        .</p>\r\n<p>            </p>\r\n<p>     ,      &ldquo;GMP&rdquo;   .</p>\r\n<p><strong>  </strong><br />   :</p>\r\n<p>    &nbsp;     </p>\r\n<p>                    .</p>\r\n<p>&nbsp;</p>\r\n<p><strong>       ( V ) <br /></strong></p>\r\n<p><img title="-.jpg" src="../../../../images/documents/blobid1604657215640.jpg" alt="     " width="348" height="285" /></p>\r\n<h5><strong> </strong></h5>\r\n<table>\r\n<tbody>\r\n<tr>\r\n<td colspan="2" valign="top" width="548">\r\n<p align="center">        ( V )</p>\r\n</td>\r\n</tr>\r\n<tr>\r\n<td valign="top" width="352">\r\n<p align="center"></p>\r\n</td>\r\n<td valign="top" width="195">\r\n<p align="center">UN-1000</p>\r\n</td>\r\n</tr>\r\n<tr>\r\n<td valign="top" width="352">\r\n<p align="center"> </p>\r\n</td>\r\n<td valign="top" width="195">\r\n<p align="center">1000</p>\r\n</td>\r\n</tr>\r\n<tr>\r\n<td valign="top" width="352">\r\n<p align="center">  (kg)</p>\r\n</td>\r\n<td valign="top" width="195">\r\n<p align="center">500</p>\r\n</td>\r\n</tr>\r\n<tr>\r\n<td valign="top" width="352">\r\n<p align="center">  ( )</p>\r\n</td>\r\n<td valign="top" width="195">\r\n<p align="center">800</p>\r\n</td>\r\n</tr>\r\n<tr>\r\n<td valign="top" width="352">\r\n<p align="center">   ( )</p>\r\n</td>\r\n<td valign="top" width="195">\r\n<p align="center">400</p>\r\n</td>\r\n</tr>\r\n<tr>\r\n<td valign="top" width="352">\r\n<p align="center">   ( )</p>\r\n</td>\r\n<td valign="top" width="195">\r\n<p align="center">200</p>\r\n</td>\r\n</tr>\r\n<tr>\r\n<td valign="top" width="352">\r\n<p align="center">   (R / min)</p>\r\n</td>\r\n<td valign="top" width="195">\r\n<p align="center">10</p>\r\n</td>\r\n</tr>\r\n<tr>\r\n<td valign="top" width="352">\r\n<p align="center"> ( )</p>\r\n</td>\r\n<td valign="top" width="195">\r\n<p align="center">3.0</p>\r\n</td>\r\n</tr>\r\n<tr>\r\n<td valign="top" width="352">\r\n<p align="center"></p>\r\n</td>\r\n<td valign="top" width="195">\r\n<p align="center">2800x 1000x 2880</p>\r\n</td>\r\n</tr>\r\n</tbody>\r\n</table>\r\n<p><strong>         </strong></p>\r\n<p><strong> </strong></p>\r\n<table>\r\n<tbody>\r\n<tr>\r\n<td valign="center" width="204">\r\n<p align="center"></p>\r\n</td>\r\n<td valign="center" width="205">\r\n<p align="center">UN-60</p>\r\n</td>\r\n</tr>\r\n<tr>\r\n<td valign="center" width="204">\r\n<p align="center"> (kg/h)</p>\r\n</td>\r\n<td valign="center" width="205">\r\n<p align="center">5-30</p>\r\n</td>\r\n</tr>\r\n<tr>\r\n<td valign="center" width="204">\r\n<p align="center">  (kw)</p>\r\n</td>\r\n<td valign="center" width="205">\r\n<p align="center">0.37</p>\r\n</td>\r\n</tr>\r\n<tr>\r\n<td valign="center" width="204">\r\n<p align="center">  (r/min)</p>\r\n</td>\r\n<td valign="center" width="205">\r\n<p align="center">48</p>\r\n</td>\r\n</tr>\r\n<tr>\r\n<td valign="center" width="204">\r\n<p align="center"> </p>\r\n</td>\r\n<td valign="center" width="205">\r\n<p align="center">0.8-5</p>\r\n</td>\r\n</tr>\r\n<tr>\r\n<td valign="center" width="204">\r\n<p align="center"> </p>\r\n</td>\r\n<td valign="center" width="205">\r\n<p align="center">&theta;60</p>\r\n</td>\r\n</tr>\r\n<tr>\r\n<td valign="center" width="204">\r\n<p align="center"> (kg)</p>\r\n</td>\r\n<td valign="center" width="205">\r\n<p align="center">70</p>\r\n</td>\r\n</tr>\r\n<tr>\r\n<td valign="center" width="204">\r\n<p align="center">  (L&times;W&times;H)<br />(mm)</p>\r\n</td>\r\n<td valign="center" width="205">\r\n<p align="center">550&times;450&times;580</p>\r\n</td>\r\n</tr>\r\n</tbody>\r\n</table>\r\n<p><strong>        </strong></p>\r\n<p><img title="-.jpg" src="../../../../images/documents/blobid1604657251520.jpg" alt="    " width="208" height="253" /></p>\r\n<p>&nbsp;</p>\r\n<h6> </h6>\r\n<table>\r\n<tbody>\r\n<tr>\r\n<td valign="top" width="290"></td>\r\n<td valign="top" width="359">UN-2</td>\r\n</tr>\r\n<tr>\r\n<td valign="top" width="290"></td>\r\n<td valign="top" width="359">200kg/time</td>\r\n</tr>\r\n<tr>\r\n<td valign="top" width="290"> </td>\r\n<td valign="top" width="359">0.9KW</td>\r\n</tr>\r\n<tr>\r\n<td valign="top" width="290"></td>\r\n<td valign="top" width="359">30KW</td>\r\n</tr>\r\n<tr>\r\n<td valign="top" width="290"> </td>\r\n<td valign="top" width="359">6900</td>\r\n</tr>\r\n<tr>\r\n<td valign="top" width="290">  </td>\r\n<td valign="top" width="359">96 </td>\r\n</tr>\r\n<tr>\r\n<td valign="top" width="290">  </td>\r\n<td valign="top" width="359">4</td>\r\n</tr>\r\n<tr>\r\n<td valign="top" width="290"> </td>\r\n<td valign="top" width="359">460*640*45mm</td>\r\n</tr>\r\n<tr>\r\n<td valign="top" width="290"> </td>\r\n<td valign="top" width="359">2300*2200*2000mm</td>\r\n</tr>\r\n<tr>\r\n<td valign="top" width="290"></td>\r\n<td valign="top" width="359">1800kg</td>\r\n</tr>\r\n</tbody>\r\n</table>\r\n<p><strong>       </strong></p>\r\n<p><img title="-.jpg" src="../../../../images/documents/blobid1604657271109.jpg" alt="   " width="197" height="275" /></p>\r\n<p></p>\r\n<p>     UN-130      </p>\r\n<p>                      .</p>\r\n<p>                     .</p>\r\n<h6><strong></strong></h6>\r\n<p>  GMP</p>\r\n<p>         </p>\r\n<p>           </p>\r\n<p>          </p>\r\n<p>&nbsp;</p>\r\n<p><strong>         <br /></strong></p>\r\n<p><img title=".jpg" src="../../../../images/documents/blobid1604657346815.jpg" alt="    " width="322" height="468" /></p>\r\n<p>&nbsp;</p>\r\n<p><strong> :</strong></p>\r\n<table>\r\n<tbody>\r\n<tr>\r\n<td valign="top" width="290"></td>\r\n<td valign="top" width="359">UN-R60</td>\r\n</tr>\r\n<tr>\r\n<td valign="top" width="290"></td>\r\n<td valign="top" width="359">30-60   </td>\r\n</tr>\r\n<tr>\r\n<td valign="top" width="290">  </td>\r\n<td valign="top" width="359">1-50</td>\r\n</tr>\r\n<tr>\r\n<td valign="top" width="290"> </td>\r\n<td valign="top" width="359"> : 40-160 &nbsp; /&nbsp;&nbsp;  : 40-110 </td>\r\n</tr>\r\n<tr>\r\n<td valign="top" width="290">  </td>\r\n<td valign="top" width="359">3  4  </td>\r\n</tr>\r\n<tr>\r\n<td valign="top" width="290">Drying Tray</td>\r\n<td valign="top" width="359">96pcs</td>\r\n</tr>\r\n<tr>\r\n<td valign="top" width="290"> </td>\r\n<td valign="top" width="359">118 </td>\r\n</tr>\r\n<tr>\r\n<td valign="top" width="290"></td>\r\n<td valign="top" width="359">380 &ndash; 220</td>\r\n</tr>\r\n<tr>\r\n<td valign="top" width="290"></td>\r\n<td valign="top" width="359">260  </td>\r\n</tr>\r\n<tr>\r\n<td valign="top" width="290"> </td>\r\n<td valign="top" width="359">    &nbsp; 800*800*2000</td>\r\n</tr>\r\n</tbody>\r\n</table>\r\n<p>&nbsp;</p>\r\n<p><strong>            <br /></strong></p>\r\n<p><img title=".jpg" src="../../../../images/documents/blobid1604657368012.jpg" alt="   " width="239" height="182" /></p>\r\n<h6>  </h6>\r\n<table>\r\n<tbody>\r\n<tr>\r\n<td valign="top" width="290">  (  )</td>\r\n<td valign="top" width="359">27</td>\r\n</tr>\r\n<tr>\r\n<td valign="top" width="290"> (10     )</td>\r\n<td valign="top" width="359">1.1-6.5</td>\r\n</tr>\r\n<tr>\r\n<td valign="top" width="290"> (  )</td>\r\n<td valign="top" width="359">40-110</td>\r\n</tr>\r\n<tr>\r\n<td valign="top" width="290">     (  )</td>\r\n<td valign="top" width="359">60*100*14</td>\r\n</tr>\r\n<tr>\r\n<td valign="top" width="290">  ( MPA )</td>\r\n<td valign="top" width="359">0.4</td>\r\n</tr>\r\n<tr>\r\n<td valign="top" width="290">   (  )</td>\r\n<td valign="top" width="359">80*57       </td>\r\n</tr>\r\n<tr>\r\n<td valign="top" width="290"> </td>\r\n<td valign="top" width="359">220-380</td>\r\n</tr>\r\n<tr>\r\n<td valign="top" width="290"> pvc  (  )</td>\r\n<td valign="top" width="359">0.25-0.35&nbsp;&nbsp;&nbsp; *90</td>\r\n</tr>\r\n<tr>\r\n<td valign="top" width="290">  PTP</td>\r\n<td valign="top" width="359">0.02-0.35&nbsp;&nbsp; *90</td>\r\n</tr>\r\n<tr>\r\n<td valign="top" width="290">  </td>\r\n<td valign="top" width="359">    (   )</td>\r\n</tr>\r\n</tbody>\r\n</table>	1	2	\N	\N		\N	\N		\N	2020-11-06 13:42:15.480136+03:30	1	                ...	f	23
61	  ,  ,  ,   				-----	\N	\N	\N	------1.jpg	     	-----	1	<p><strong>     </strong></p>\r\n<p>                     .</p>\r\n<p>          .</p>\r\n<p>        </p>\r\n<p>            .</p>\r\n<p>              </p>\r\n<p>                 .</p>\r\n<p><img title="------5-768x256.jpg" src="../../../../images/documents/blobid1604661885020.jpg" alt="       " width="768" height="256" /></p>\r\n<p><strong>       :</strong></p>\r\n<p>                      .</p>\r\n<p><strong>     </strong><br />1.            PLC &nbsp;         </p>\r\n<p>                      </p>\r\n<p>              .</p>\r\n<p>2.                       .</p>\r\n<p>3.                      .</p>\r\n<p><img title="-----600x600.jpg" src="../../../../images/documents/blobid1604661941951.jpg" alt="      " width="600" height="600" /></p>\r\n<h5>4-                  .</h5>\r\n<h5>5-             </h5>\r\n<p>         </p>\r\n<p>           </p>\r\n<p>                       . . .</p>\r\n<p>         .</p>\r\n<p>6.            .</p>\r\n<p>        </p>\r\n<p>             .</p>\r\n<p>       CIP .</p>\r\n<p><img title="------705x705.jpg" src="../../../../images/documents/blobid1604661964928.jpg" alt="        " width="600" height="600" /></p>\r\n<p>7.                      </p>\r\n<p>     .<br />8-                 .</p>\r\n<p>              .<br />9-               </p>\r\n<p>    </p>\r\n<p>               .</p>	1	2	\N	\N	\N	\N	\N		\N	2020-11-06 14:59:16.184728+03:30	1	               ..	f	23
62	 , ,  ,  ,  				--	\N	\N	\N	---.jpg	    	--	1	<p><strong>  </strong></p>\r\n<p>                     &hellip;</p>\r\n<p>   .<br />       30                    .</p>\r\n<h5>     </h5>\r\n<p>                 .</p>\r\n<p>                     </p>\r\n<p>(                   &hellip;)  .</p>\r\n<p><img title="---.jpg" src="../../../../images/documents/blobid1604662435992.jpg" alt="     " width="675" height="502" /></p>\r\n<p><strong>   </strong></p>\r\n<p>            </p>\r\n<p>                 .</p>\r\n<p>                  </p>\r\n<p> 100  2000   .</p>\r\n<p><img title="--------768x331.jpg" src="../../../../images/documents/blobid1604662642061.jpg" alt="       " width="768" height="331" /></p>\r\n<p><strong>       </strong></p>\r\n<p>             </p>\r\n<p>              :</p>\r\n<p>  /    /    . 65  <br />        PET    <br />        </p>\r\n<p><img title="---.jpg" src="../../../../images/documents/blobid1604662673211.jpg" alt="   " width="586" height="388" /></p>\r\n<p><strong>    </strong></p>\r\n<p>                  .</p>\r\n<p>    .                   .</p>\r\n<p><img title="-----705x328.jpg" src="../../../../images/documents/blobid1604662893755.jpg" alt="       " width="705" height="328" /></p>\r\n<p>&nbsp;</p>\r\n<p><strong>&nbsp;&nbsp;&nbsp;&nbsp;&nbsp;    </strong></p>\r\n<p><img title="----600x447.jpg" src="../../../../images/documents/blobid1604662956134.jpg" alt="    " width="600" height="447" /></p>\r\n<div id="av_section_1" class="avia-section alternate_color avia-section-small  container_wrap fullsize">\r\n<div class="container">\r\n<div class="template-page content  twelve alpha units">\r\n<div class="product_column product_column_5">\r\n<section class="related products">\r\n<div class="inner_product main_color wrapped_style noLightbox  av-product-class-">\r\n<div class="avia_cart_buttons ">&nbsp;</div>\r\n</div>\r\n</section>\r\n</div>\r\n</div>\r\n</div>\r\n</div>	1	2	\N	\N		\N	\N		\N	2020-11-06 15:17:13.220027+03:30	1	                	f	23
63	    ,   ,  				-----pe	\N	\N	\N	-----PE.jpg	      	-----pe	1	<p><strong>     PE</strong></p>\r\n<h4><img title="-----705x254.jpg" src="../../../../images/documents/blobid1604663469972.jpg" alt="       " width="600" height="216" /></h4>\r\n<h4>    :</h4>\r\n<p>1.&nbsp;            HDPE / PP   .</p>\r\n<p>              .</p>\r\n<p>         </p>\r\n<p>                .</p>\r\n<p>2. &nbsp;                    HDPE / PP   .</p>\r\n<p>                    .</p>\r\n<p>3.&nbsp;&nbsp;               </p>\r\n<p>                HDPE / PP </p>\r\n<p><img title="-----600x81.jpg" src="../../../../images/documents/blobid1604663508691.jpg" alt="      " width="600" height="81" /></p>\r\n<p>              .</p>\r\n<p>4.&nbsp;&nbsp;                   </p>\r\n<p>         HDPE  PP    .</p>\r\n<p>         </p>\r\n<p>             .</p>\r\n<p>5. &nbsp;        PLC          .</p>\r\n<p>             .</p>\r\n<p>                .</p>\r\n<p>     PE</p>\r\n<p>          PE    </p>\r\n<p>       FALK-DHE2 &nbsp; Rexnord Group         .</p>\r\n<p>                </p>\r\n<p>(     3            4.5kg / kw  ).</p>\r\n<p><img title="------705x530.jpg" src="../../../../images/documents/blobid1604663538475.jpg" alt="      " width="600" height="451" /></p>	1	2	\N	\N	  	\N	\N		\N	2020-11-06 15:24:42.34405+03:30	1	                	f	23
64	 , ,   				----	\N	\N	\N	1----.jpg	    	----	1	<div id="tab-description" class="woocommerce-Tabs-panel woocommerce-Tabs-panel--description panel entry-content wc-tab" style="display: block;" role="tabpanel" aria-labelledby="tab-title-description">\r\n<h2></h2>\r\n<p><strong>                   .</strong></p>\r\n<table border="1" cellspacing="2">\r\n<tbody>\r\n<tr>\r\n<td valign="center">1</td>\r\n<td valign="center"><span data-spm-anchor-id="a2700.details.pronpeci14.i3.2430658dSkSxUp"><strong>  </strong><br /></span></td>\r\n<td valign="center">                   .\r\n<p>   20   .</p>\r\n<p>                  .</p>\r\n<p><img title="---.jpg" src="../../../../images/documents/blobid1604669734244.jpg" alt="    " width="800" height="448" /></p>\r\n</td>\r\n</tr>\r\n<tr>\r\n<td valign="center">2</td>\r\n<td valign="center"><strong> </strong></td>\r\n<td valign="center">                      .</td>\r\n</tr>\r\n<tr>\r\n<td valign="center">3</td>\r\n<td valign="center"><strong> </strong></td>\r\n<td valign="center">                  .\r\n<p>    2         1.2         2   .</p>\r\n<p>   58  62    .</p>\r\n<p>              ..</p>\r\n<p><img title="------.jpg" src="../../../../images/documents/blobid1604669751939.jpg" alt="       " width="800" height="448" /></p>\r\n</td>\r\n</tr>\r\n<tr>\r\n<td valign="center">4</td>\r\n<td valign="center"><strong>  </strong></td>\r\n<td valign="center">        4   :           .\r\n<p>        .</p>\r\n<p> : 3350*2350*2350</p>\r\n<p><img title="---.jpg" src="../../../../images/documents/blobid1604669820077.jpg" alt="     " width="800" height="448" /></p>\r\n</td>\r\n</tr>\r\n<tr>\r\n<td valign="center">5</td>\r\n<td valign="center"><strong>    </strong></td>\r\n<td valign="center">                    .</td>\r\n</tr>\r\n<tr>\r\n<td valign="center">6</td>\r\n<td valign="center"><strong>    </strong></td>\r\n<td valign="center">            .\r\n<p>        .</p>\r\n<p>           .</p>\r\n</td>\r\n</tr>\r\n<tr>\r\n<td valign="center">7</td>\r\n<td valign="center"><strong>   <br /></strong></td>\r\n<td valign="center">             .\r\n<p>         .</p>\r\n</td>\r\n</tr>\r\n<tr>\r\n<td valign="center">8</td>\r\n<td valign="center"><strong> </strong></td>\r\n<td valign="center">         (   )       :\r\n<p><span class="tlid-translation translation" lang="fa"><span class="" title="">           .<br /></span></span></p>\r\n<p>  2.2        .</p>\r\n</td>\r\n</tr>\r\n<tr>\r\n<td valign="center">9</td>\r\n<td valign="center"><strong> </strong></td>\r\n<td valign="center">&nbsp;\r\n<p>  </p>\r\n<p>      </p>\r\n<p>3.7  </p>\r\n<p>&nbsp;</p>\r\n</td>\r\n</tr>\r\n<tr>\r\n<td valign="center">10</td>\r\n<td valign="center"><strong>  </strong></td>\r\n<td valign="center">             .</td>\r\n</tr>\r\n<tr>\r\n<td valign="center">11</td>\r\n<td valign="center"><strong> </strong></td>\r\n<td valign="center">&nbsp;\r\n<p>           .</p>\r\n<p>                .</p>\r\n<p>    3   .</p>\r\n<p> : 5.2 </p>\r\n<p>             .</p>\r\n<p><img title="-----.jpg" src="../../../../images/documents/blobid1604669849424.jpg" alt="      " width="800" height="448" /></p>\r\n<p><img title="---.jpg" src="../../../../images/documents/blobid1604669881519.jpg" alt="    " width="800" height="448" /></p>\r\n</td>\r\n</tr>\r\n</tbody>\r\n</table>\r\n<p>&nbsp;</p>\r\n<p><strong>    &nbsp; :</strong></p>\r\n<p>           .       &nbsp;                  .</p>\r\n<p><span data-spm-anchor-id="a2700.details.pronpeci14.i11.2430658dSkSxUp"><img title="----.jpg" src="../../../../images/documents/blobid1604669905209.jpg" alt="     " width="800" height="567" /><br /></span></p>\r\n<p>&nbsp;</p>\r\n<p><strong>                       .</strong></p>\r\n<p><img title="-----1.jpg" src="../../../../images/documents/blobid1604669930926.jpg" alt="     " width="800" height="1530" /></p>\r\n<p>&nbsp;</p>\r\n<h2>                 .</h2>\r\n</div>	1	2	\N	\N		\N	\N		\N	2020-11-06 17:11:45.045063+03:30	1	                .	f	23
65	  , ,  , 				----	\N	\N	\N	1----_fwVw07F.jpg	   	-----nhsf	1	<div id="tab-description" class="woocommerce-Tabs-panel woocommerce-Tabs-panel--description panel entry-content wc-tab" style="display: block;" role="tabpanel" aria-labelledby="tab-title-description">\r\n<h2></h2>\r\n<p><strong>                   .</strong></p>\r\n<table border="1" cellspacing="2">\r\n<tbody>\r\n<tr>\r\n<td valign="center">1</td>\r\n<td valign="center"><span data-spm-anchor-id="a2700.details.pronpeci14.i3.2430658dSkSxUp"><strong>  </strong><br /></span></td>\r\n<td valign="center">                   .\r\n<p>   20   .</p>\r\n<p>                  .</p>\r\n<p><img title="---.jpg" src="../../../../images/documents/blobid1604670158840.jpg" alt="        " width="800" height="448" /></p>\r\n</td>\r\n</tr>\r\n<tr>\r\n<td valign="center">2</td>\r\n<td valign="center"><strong> </strong></td>\r\n<td valign="center">                      .</td>\r\n</tr>\r\n<tr>\r\n<td valign="center">3</td>\r\n<td valign="center"><strong> </strong></td>\r\n<td valign="center">                  .\r\n<p>    2         1.2         2   .</p>\r\n<p>   58  62    .</p>\r\n<p>              ..</p>\r\n<p><img title="------.jpg" src="../../../../images/documents/blobid1604670193393.jpg" alt="        " width="800" height="448" /></p>\r\n</td>\r\n</tr>\r\n<tr>\r\n<td valign="center">4</td>\r\n<td valign="center"><strong>  </strong></td>\r\n<td valign="center">        4   :           .\r\n<p>        .</p>\r\n<p> : 3350*2350*2350</p>\r\n<p><img title="---.jpg" src="../../../../images/documents/blobid1604670243031.jpg" alt="     " width="800" height="448" /></p>\r\n</td>\r\n</tr>\r\n<tr>\r\n<td valign="center">5</td>\r\n<td valign="center"><strong>    </strong></td>\r\n<td valign="center">                    .</td>\r\n</tr>\r\n<tr>\r\n<td valign="center">6</td>\r\n<td valign="center"><strong>    </strong></td>\r\n<td valign="center">            .\r\n<p>        .</p>\r\n<p>           .</p>\r\n</td>\r\n</tr>\r\n<tr>\r\n<td valign="center">7</td>\r\n<td valign="center"><strong>   <br /></strong></td>\r\n<td valign="center">             .\r\n<p>         .</p>\r\n</td>\r\n</tr>\r\n<tr>\r\n<td valign="center">8</td>\r\n<td valign="center"><strong> </strong></td>\r\n<td valign="center">         (   )       :\r\n<p><span class="tlid-translation translation" lang="fa"><span class="" title="">           .<br /></span></span></p>\r\n<p>  2.2        .</p>\r\n</td>\r\n</tr>\r\n<tr>\r\n<td valign="center">9</td>\r\n<td valign="center"><strong> </strong></td>\r\n<td valign="center">&nbsp;\r\n<p>  </p>\r\n<p>      </p>\r\n<p>3.7  </p>\r\n<p>&nbsp;</p>\r\n</td>\r\n</tr>\r\n<tr>\r\n<td valign="center">10</td>\r\n<td valign="center"><strong>  </strong></td>\r\n<td valign="center">             .</td>\r\n</tr>\r\n<tr>\r\n<td valign="center">11</td>\r\n<td valign="center"><strong> </strong></td>\r\n<td valign="center">&nbsp;\r\n<p>           .</p>\r\n<p>                .</p>\r\n<p>    3   .</p>\r\n<p> : 5.2 </p>\r\n<p>             .</p>\r\n<p><img title="-----.jpg" src="../../../../images/documents/blobid1604670263901.jpg" alt="     " width="800" height="448" /></p>\r\n<p><img title="---.jpg" src="../../../../images/documents/blobid1604670290319.jpg" alt="     " width="800" height="448" /></p>\r\n</td>\r\n</tr>\r\n</tbody>\r\n</table>\r\n<p>&nbsp;</p>\r\n<p><strong>    &nbsp; :</strong></p>\r\n<p>           .       &nbsp;                  .</p>\r\n<p><span data-spm-anchor-id="a2700.details.pronpeci14.i11.2430658dSkSxUp"><img title="----.jpg" src="../../../../images/documents/blobid1604670312285.jpg" alt="     " width="800" height="567" /><br /></span></p>\r\n<p>&nbsp;</p>\r\n<p><strong>                       .</strong></p>\r\n<p><img title="-----1.jpg" src="../../../../images/documents/blobid1604670335399.jpg" alt="   " width="800" height="1530" /></p>\r\n<p>&nbsp;</p>\r\n<h2>                 .</h2>\r\n</div>	1	2	\N	\N		\N	\N		\N	2020-11-06 17:18:57.413516+03:30	1	                ..	f	23
66	  , ,   ,  				--------	\N	\N	\N	-.jpg	    	------	1	<p><strong>         |    |    </strong></p>\r\n<p>  :</p>\r\n<p>1-     </p>\r\n<p>2-       </p>\r\n<p>3-               .</p>\r\n<p>4-        .</p>\r\n<p>5-                .</p>\r\n<p><img title="---.jpg" src="../../../../images/documents/blobid1604671615105.jpg" alt="   " width="667" height="362" /></p>\r\n<p>   </p>\r\n<p><img title="--.jpg" src="../../../../images/documents/blobid1604671664737.jpg" alt="     " width="680" height="209" /></p>\r\n<p><img title="----.jpg" src="../../../../images/documents/blobid1604671696655.jpg" alt="    " width="700" height="323" /><img title="----1.jpg" src="../../../../images/documents/blobid1604671720021.jpg" alt="   " width="700" height="327" /></p>\r\n<p><img title="----.jpg" src="../../../../images/documents/blobid1604671776720.jpg" alt="      " width="700" height="490" /></p>\r\n<p>               .</p>\r\n<p>                     .</p>	1	2	\N	\N		\N	\N		\N	2020-11-06 17:42:34.645554+03:30	1	                 .	f	23
67	 ,  , ,  ,  ,   				-------	\N	\N	\N	--.jpg	     	------	1	<p><strong>                             .</strong></p>\r\n<h2>  </h2>\r\n<ol>\r\n<li>              .</li>\r\n<li>               .</li>\r\n</ol>\r\n<p data-spm-anchor-id="a2700.details.pronpeci14.i1.28717f54ZlqBDM">&nbsp;</p>\r\n<p><img title="--0.jpg" src="../../../../images/documents/blobid1604672375463.jpg" alt="     " width="800" height="550" /></p>\r\n<h3 data-spm-anchor-id="a2700.details.pronpeci14.i1.28717f54ZlqBDM">   </h3>\r\n<p><span data-spm-anchor-id="a2700.details.pronpeci14.i3.28717f54ZlqBDM">                 .<br /></span></p>\r\n<p>           99.9%              .</p>\r\n<h3 data-spm-anchor-id="a2700.details.pronpeci14.i6.28717f54ZlqBDM">   </h3>\r\n<p>                  .    80                       .</p>\r\n<p align="justify"><img title="---.jpg" src="../../../../images/documents/blobid1604672419153.jpg" alt="      " width="800" height="800" /></p>\r\n<p align="justify">&nbsp;</p>\r\n<h3 align="justify">   </h3>\r\n<ol>\r\n<li>                  .         .</li>\r\n<li>        .</li>\r\n<li>              .</li>\r\n<li>                       .</li>\r\n</ol>\r\n<p><img title="-----.jpg" src="../../../../images/documents/blobid1604672463567.jpg" alt="      " width="800" height="251" /></p>\r\n<p>                       .                     .</p>\r\n<p>&nbsp;</p>\r\n<h3>  </h3>\r\n<ol>\r\n<li>          &nbsp; 304   .</li>\r\n<li>              .</li>\r\n<li>                   .&nbsp;  </li>\r\n<li>             .</li>\r\n<li>.                      .</li>\r\n</ol>\r\n<p>&nbsp;</p>\r\n<h2> </h2>\r\n<p><strong>     </strong></p>\r\n<p><img title="--.jpg" src="../../../../images/documents/blobid1604672496256.jpg" alt="   " width="800" height="555" /></p>\r\n<h3><strong>  :<br /></strong></h3>\r\n<div>                           .</div>\r\n<div>                                            .</div>\r\n<p>&nbsp;</p>\r\n<h3>    </h3>\r\n<ol>\r\n<li>                             .</li>\r\n<li>         3  4    .</li>\r\n<li>       .</li>\r\n<li>           &nbsp;    .</li>\r\n</ol>\r\n<p><img title="-------.jpg" src="../../../../images/documents/blobid1604672517483.jpg" alt="       " width="800" height="947" /></p>\r\n<p>&nbsp;</p>	1	2	\N	\N	  	\N	\N		\N	2020-11-06 17:55:07.778954+03:30	1	                 	f	23
68	  ,   ,   ,  				--	\N	\N	\N	-----.jpg	    	--	1	<h2 style="box-sizing: border-box; margin: 0px 0px 10px; padding: 0px; border: 0px #e1e1e1; font-variant-numeric: inherit; font-variant-east-asian: inherit; font-weight: 600; font-stretch: inherit; line-height: 1.1em; font-family: metrophobic, HelveticaNeue, 'Helvetica Neue', Helvetica-Neue, Helvetica, Arial, sans-serif; vertical-align: baseline; color: #2c353d;"></h2>\r\n<p style="box-sizing: border-box; margin: 0.85em 0px; padding: 0px; border: 0px #e1e1e1; font-variant-numeric: inherit; font-variant-east-asian: inherit; font-stretch: inherit; font-size: 13px; line-height: inherit; font-family: arial, HelveticaNeue, 'Helvetica Neue', Helvetica-Neue, Helvetica, sans-serif; vertical-align: baseline; text-align: justify; color: #9c9c9c;"><strong style="box-sizing: border-box; margin: 0px; padding: 0px; border: 0px #e1e1e1; font-style: inherit; font-variant: inherit; font-weight: bold; font-stretch: inherit; font-size: inherit; line-height: inherit; font-family: inherit; vertical-align: baseline; color: #efbb20;">  <br style="box-sizing: border-box;" /></strong></p>\r\n<p style="box-sizing: border-box; margin: 0.85em 0px; padding: 0px; border: 0px #e1e1e1; font-variant-numeric: inherit; font-variant-east-asian: inherit; font-stretch: inherit; font-size: 13px; line-height: inherit; font-family: arial, HelveticaNeue, 'Helvetica Neue', Helvetica-Neue, Helvetica, sans-serif; vertical-align: baseline; text-align: justify; color: #9c9c9c;"><img title="-------.jpg" src="../../../../images/documents/blobid1604684986875.jpg" alt="    " width="700" height="329" /></p>\r\n<h6 style="box-sizing: border-box; margin: 1.5em 0px 0px; padding: 0px; border: 0px #e1e1e1; font-variant-numeric: inherit; font-variant-east-asian: inherit; font-weight: 600; font-stretch: inherit; font-size: 14px; line-height: 1.1em; font-family: metrophobic, HelveticaNeue, 'Helvetica Neue', Helvetica-Neue, Helvetica, Arial, sans-serif; vertical-align: baseline; color: #2c353d;">&nbsp;</h6>\r\n<h6 style="box-sizing: border-box; margin: 0px; padding: 0px; border: 0px #e1e1e1; font-variant-numeric: inherit; font-variant-east-asian: inherit; font-weight: 600; font-stretch: inherit; font-size: 14px; line-height: 1.1em; font-family: metrophobic, HelveticaNeue, 'Helvetica Neue', Helvetica-Neue, Helvetica, Arial, sans-serif; vertical-align: baseline; color: #2c353d;"><strong style="box-sizing: border-box; margin: 0px; padding: 0px; border: 0px #e1e1e1; font-style: inherit; font-variant: inherit; font-weight: bold; font-stretch: inherit; font-size: inherit; line-height: inherit; font-family: inherit; vertical-align: baseline; color: inherit;">  :</strong></h6>\r\n<p style="box-sizing: border-box; margin: 0.85em 0px; padding: 0px; border: 0px #e1e1e1; font-variant-numeric: inherit; font-variant-east-asian: inherit; font-stretch: inherit; font-size: 13px; line-height: inherit; font-family: arial, HelveticaNeue, 'Helvetica Neue', Helvetica-Neue, Helvetica, sans-serif; vertical-align: baseline; text-align: justify; color: #9c9c9c;">1)         </p>\r\n<p style="box-sizing: border-box; margin: 0.85em 0px; padding: 0px; border: 0px #e1e1e1; font-variant-numeric: inherit; font-variant-east-asian: inherit; font-stretch: inherit; font-size: 13px; line-height: inherit; font-family: arial, HelveticaNeue, 'Helvetica Neue', Helvetica-Neue, Helvetica, sans-serif; vertical-align: baseline; text-align: justify; color: #9c9c9c;">2)             </p>\r\n<p style="box-sizing: border-box; margin: 0.85em 0px; padding: 0px; border: 0px #e1e1e1; font-variant-numeric: inherit; font-variant-east-asian: inherit; font-stretch: inherit; font-size: 13px; line-height: inherit; font-family: arial, HelveticaNeue, 'Helvetica Neue', Helvetica-Neue, Helvetica, sans-serif; vertical-align: baseline; text-align: justify; color: #9c9c9c;">3)                     .</p>\r\n<p style="box-sizing: border-box; margin: 0.85em 0px; padding: 0px; border: 0px #e1e1e1; font-variant-numeric: inherit; font-variant-east-asian: inherit; font-stretch: inherit; font-size: 13px; line-height: inherit; font-family: arial, HelveticaNeue, 'Helvetica Neue', Helvetica-Neue, Helvetica, sans-serif; vertical-align: baseline; text-align: justify; color: #9c9c9c;">4)      (  )   </p>\r\n<p style="box-sizing: border-box; margin: 0.85em 0px; padding: 0px; border: 0px #e1e1e1; font-variant-numeric: inherit; font-variant-east-asian: inherit; font-stretch: inherit; font-size: 13px; line-height: inherit; font-family: arial, HelveticaNeue, 'Helvetica Neue', Helvetica-Neue, Helvetica, sans-serif; vertical-align: baseline; text-align: justify; color: #9c9c9c;">5)             </p>\r\n<p style="box-sizing: border-box; margin: 0.85em 0px; padding: 0px; border: 0px #e1e1e1; font-variant-numeric: inherit; font-variant-east-asian: inherit; font-stretch: inherit; font-size: 13px; line-height: inherit; font-family: arial, HelveticaNeue, 'Helvetica Neue', Helvetica-Neue, Helvetica, sans-serif; vertical-align: baseline; text-align: justify; color: #9c9c9c;">6)    </p>\r\n<p style="box-sizing: border-box; margin: 0.85em 0px; padding: 0px; border: 0px #e1e1e1; font-variant-numeric: inherit; font-variant-east-asian: inherit; font-stretch: inherit; font-size: 13px; line-height: inherit; font-family: arial, HelveticaNeue, 'Helvetica Neue', Helvetica-Neue, Helvetica, sans-serif; vertical-align: baseline; text-align: justify; color: #9c9c9c;">7)&nbsp;               .</p>\r\n<p style="box-sizing: border-box; margin: 0.85em 0px; padding: 0px; border: 0px #e1e1e1; font-variant-numeric: inherit; font-variant-east-asian: inherit; font-stretch: inherit; font-size: 13px; line-height: inherit; font-family: arial, HelveticaNeue, 'Helvetica Neue', Helvetica-Neue, Helvetica, sans-serif; vertical-align: baseline; text-align: justify; color: #9c9c9c;">     .        </p>\r\n<p style="box-sizing: border-box; margin: 0.85em 0px; padding: 0px; border: 0px #e1e1e1; font-variant-numeric: inherit; font-variant-east-asian: inherit; font-stretch: inherit; font-size: 13px; line-height: inherit; font-family: arial, HelveticaNeue, 'Helvetica Neue', Helvetica-Neue, Helvetica, sans-serif; vertical-align: baseline; text-align: justify; color: #9c9c9c;">8)                .</p>\r\n<p style="box-sizing: border-box; margin: 0.85em 0px; padding: 0px; border: 0px #e1e1e1; font-variant-numeric: inherit; font-variant-east-asian: inherit; font-stretch: inherit; font-size: 13px; line-height: inherit; font-family: arial, HelveticaNeue, 'Helvetica Neue', Helvetica-Neue, Helvetica, sans-serif; vertical-align: baseline; text-align: justify; color: #9c9c9c;">  (  )                     .</p>\r\n<p style="box-sizing: border-box; margin: 0.85em 0px; padding: 0px; border: 0px #e1e1e1; font-variant-numeric: inherit; font-variant-east-asian: inherit; font-stretch: inherit; font-size: 13px; line-height: inherit; font-family: arial, HelveticaNeue, 'Helvetica Neue', Helvetica-Neue, Helvetica, sans-serif; vertical-align: baseline; text-align: justify; color: #9c9c9c;">9)                          .</p>\r\n<p style="box-sizing: border-box; margin: 0.85em 0px; padding: 0px; border: 0px #e1e1e1; font-variant-numeric: inherit; font-variant-east-asian: inherit; font-stretch: inherit; font-size: 13px; line-height: inherit; font-family: arial, HelveticaNeue, 'Helvetica Neue', Helvetica-Neue, Helvetica, sans-serif; vertical-align: baseline; text-align: justify; color: #9c9c9c;">10)                        .</p>\r\n<p style="box-sizing: border-box; margin: 0.85em 0px; padding: 0px; border: 0px #e1e1e1; font-variant-numeric: inherit; font-variant-east-asian: inherit; font-stretch: inherit; font-size: 13px; line-height: inherit; font-family: arial, HelveticaNeue, 'Helvetica Neue', Helvetica-Neue, Helvetica, sans-serif; vertical-align: baseline; text-align: justify; color: #9c9c9c;">&nbsp;</p>\r\n<p style="box-sizing: border-box; margin: 0.85em 0px; padding: 0px; border: 0px #e1e1e1; font-variant-numeric: inherit; font-variant-east-asian: inherit; font-stretch: inherit; font-size: 13px; line-height: inherit; font-family: arial, HelveticaNeue, 'Helvetica Neue', Helvetica-Neue, Helvetica, sans-serif; vertical-align: baseline; text-align: justify; color: #9c9c9c;"><img title="-1.jpg" src="../../../../images/documents/blobid1604685500197.jpg" alt="    " width="700" height="397" /></p>\r\n<p style="box-sizing: border-box; margin: 0.85em 0px; padding: 0px; border: 0px #e1e1e1; font-variant-numeric: inherit; font-variant-east-asian: inherit; font-stretch: inherit; font-size: 13px; line-height: inherit; font-family: arial, HelveticaNeue, 'Helvetica Neue', Helvetica-Neue, Helvetica, sans-serif; vertical-align: baseline; text-align: justify; color: #9c9c9c;"><img title="plc.jpg" src="../../../../images/documents/blobid1604685544285.jpg" alt="      " width="700" height="398" /></p>\r\n<p style="box-sizing: border-box; margin: 0.85em 0px; padding: 0px; border: 0px #e1e1e1; font-variant-numeric: inherit; font-variant-east-asian: inherit; font-stretch: inherit; font-size: 13px; line-height: inherit; font-family: arial, HelveticaNeue, 'Helvetica Neue', Helvetica-Neue, Helvetica, sans-serif; vertical-align: baseline; text-align: justify; color: #9c9c9c;"><img title="------.jpg" src="../../../../images/documents/blobid1604685581929.jpg" alt="        " width="700" height="373" /></p>\r\n<p style="box-sizing: border-box; margin: 0.85em 0px; padding: 0px; border: 0px #e1e1e1; font-variant-numeric: inherit; font-variant-east-asian: inherit; font-stretch: inherit; font-size: 13px; line-height: inherit; font-family: arial, HelveticaNeue, 'Helvetica Neue', Helvetica-Neue, Helvetica, sans-serif; vertical-align: baseline; text-align: justify; color: #9c9c9c;">&nbsp;</p>\r\n<p style="box-sizing: border-box; margin: 0.85em 0px; padding: 0px; border: 0px #e1e1e1; font-variant-numeric: inherit; font-variant-east-asian: inherit; font-stretch: inherit; font-size: 13px; line-height: inherit; font-family: arial, HelveticaNeue, 'Helvetica Neue', Helvetica-Neue, Helvetica, sans-serif; vertical-align: baseline; text-align: justify; color: #9c9c9c;">&nbsp;</p>\r\n<p style="box-sizing: border-box; margin: 0.85em 0px; padding: 0px; border: 0px #e1e1e1; font-variant-numeric: inherit; font-variant-east-asian: inherit; font-stretch: inherit; font-size: 13px; line-height: inherit; font-family: arial, HelveticaNeue, 'Helvetica Neue', Helvetica-Neue, Helvetica, sans-serif; vertical-align: baseline; text-align: justify; color: #9c9c9c;"><img title="-1.jpg" src="../../../../images/documents/blobid1604685682076.jpg" alt="       " width="700" height="404" /></p>\r\n<p style="box-sizing: border-box; margin: 0.85em 0px; padding: 0px; border: 0px #e1e1e1; font-variant-numeric: inherit; font-variant-east-asian: inherit; font-stretch: inherit; font-size: 13px; line-height: inherit; font-family: arial, HelveticaNeue, 'Helvetica Neue', Helvetica-Neue, Helvetica, sans-serif; vertical-align: baseline; text-align: justify; color: #9c9c9c;">&nbsp;</p>\r\n<p style="box-sizing: border-box; margin: 0.85em 0px; padding: 0px; border: 0px #e1e1e1; font-variant-numeric: inherit; font-variant-east-asian: inherit; font-stretch: inherit; font-size: 13px; line-height: inherit; font-family: arial, HelveticaNeue, 'Helvetica Neue', Helvetica-Neue, Helvetica, sans-serif; vertical-align: baseline; text-align: justify; color: #9c9c9c;"><strong style="box-sizing: border-box; margin: 0px; padding: 0px; border: 0px #e1e1e1; font-style: inherit; font-variant: inherit; font-weight: bold; font-stretch: inherit; font-size: inherit; line-height: inherit; font-family: inherit; vertical-align: baseline; color: #efbb20;">   <br style="box-sizing: border-box;" /></strong></p>\r\n<table style="margin: 0px 0px 20px; padding: 0px; border: 0px #e1e1e1; font-variant-numeric: inherit; font-variant-east-asian: inherit; font-stretch: inherit; font-size: 13px; line-height: inherit; font-family: arial, HelveticaNeue, 'Helvetica Neue', Helvetica-Neue, Helvetica, sans-serif; vertical-align: baseline; border-spacing: 0px; width: 553.143px; background: #f8f8f8; color: #9c9c9c; height: 1525px;" border="1" width="796" cellspacing="0">\r\n<tbody style="box-sizing: border-box; margin: 0px; padding: 0px; border: 0px #e1e1e1; font: inherit; vertical-align: baseline;">\r\n<tr style="box-sizing: border-box; margin: 0px; padding: 0px; border: 0px #e1e1e1; font: inherit; vertical-align: baseline; background: #f8f8f8;">\r\n<td style="box-sizing: border-box; margin: 0px; padding: 9px 12px; border-color: #e1e1e1; border-image: initial; font-style: inherit; font-variant: inherit; font-weight: inherit; font-stretch: inherit; font-size: 13px; line-height: inherit; font-family: inherit; vertical-align: baseline;" valign="center" width="281">\r\n<p style="box-sizing: border-box; margin: 0.85em 0px; padding: 0px; border: 0px #e1e1e1; font: inherit; vertical-align: baseline; text-align: center;"> </p>\r\n</td>\r\n<td style="box-sizing: border-box; margin: 0px; padding: 9px 12px; border-color: #e1e1e1; border-left-width: initial; border-left-style: none; border-image: initial; font-style: inherit; font-variant: inherit; font-weight: inherit; font-stretch: inherit; font-size: 13px; line-height: inherit; font-family: inherit; vertical-align: baseline;" valign="center" width="69">\r\n<p style="box-sizing: border-box; margin: 0.85em 0px; padding: 0px; border: 0px #e1e1e1; font: inherit; vertical-align: baseline; text-align: center;"></p>\r\n</td>\r\n<td style="box-sizing: border-box; margin: 0px; padding: 9px 12px; border-color: #e1e1e1; border-image: initial; font-style: inherit; font-variant: inherit; font-weight: inherit; font-stretch: inherit; font-size: 13px; line-height: inherit; font-family: inherit; vertical-align: baseline;" colspan="3" valign="center" width="208">\r\n<p style="box-sizing: border-box; margin: 0.85em 0px; padding: 0px; border: 0px #e1e1e1; font: inherit; vertical-align: baseline; text-align: justify;" align="center">OST-1600</p>\r\n</td>\r\n</tr>\r\n<tr style="box-sizing: border-box; margin: 0px; padding: 0px; border: 0px #e1e1e1; font: inherit; vertical-align: baseline; background-color: #ffffff; color: #919191;">\r\n<td style="box-sizing: border-box; margin: 0px; padding: 9px 12px; border-top: none #e1e1e1; border-right-color: #e1e1e1; border-bottom-color: #e1e1e1; border-left-color: #e1e1e1; border-image: initial; font-style: inherit; font-variant: inherit; font-weight: inherit; font-stretch: inherit; font-size: 13px; line-height: inherit; font-family: inherit; vertical-align: baseline;" valign="center" width="281">\r\n<p style="box-sizing: border-box; margin: 0.85em 0px; padding: 0px; border: 0px #e1e1e1; font: inherit; vertical-align: baseline; text-align: center;"> </p>\r\n</td>\r\n<td style="box-sizing: border-box; margin: 0px; padding: 9px 12px; border-top: none #e1e1e1; border-right-color: #e1e1e1; border-bottom-color: #e1e1e1; border-left-color: #e1e1e1; border-image: initial; font-style: inherit; font-variant: inherit; font-weight: inherit; font-stretch: inherit; font-size: 13px; line-height: inherit; font-family: inherit; vertical-align: baseline;" colspan="4" valign="center" width="277">&nbsp;</td>\r\n</tr>\r\n<tr style="box-sizing: border-box; margin: 0px; padding: 0px; border: 0px #e1e1e1; font: inherit; vertical-align: baseline; background: #f8f8f8;">\r\n<td style="box-sizing: border-box; margin: 0px; padding: 9px 12px; border-top: none #e1e1e1; border-right-color: #e1e1e1; border-bottom-color: #e1e1e1; border-left-color: #e1e1e1; border-image: initial; font-style: inherit; font-variant: inherit; font-weight: inherit; font-stretch: inherit; font-size: 13px; line-height: inherit; font-family: inherit; vertical-align: baseline;" valign="center" width="281">\r\n<p style="box-sizing: border-box; margin: 0.85em 0px; padding: 0px; border: 0px #e1e1e1; font: inherit; vertical-align: baseline; text-align: center;" data-spm-anchor-id="a2700.details.pronpeci14.i0.683b5e9dFEdRrJ">  </p>\r\n</td>\r\n<td style="box-sizing: border-box; margin: 0px; padding: 9px 12px; border-top: none #e1e1e1; border-right-color: #e1e1e1; border-bottom-color: #e1e1e1; border-left: none #e1e1e1; border-image: initial; font-style: inherit; font-variant: inherit; font-weight: inherit; font-stretch: inherit; font-size: 13px; line-height: inherit; font-family: inherit; vertical-align: baseline;" valign="center" width="69">MM</td>\r\n<td style="box-sizing: border-box; margin: 0px; padding: 9px 12px; border-top: none #e1e1e1; border-right-color: #e1e1e1; border-bottom-color: #e1e1e1; border-left: none #e1e1e1; border-image: initial; font-style: inherit; font-variant: inherit; font-weight: inherit; font-stretch: inherit; font-size: 13px; line-height: inherit; font-family: inherit; vertical-align: baseline;" valign="center" width="68">\r\n<p style="box-sizing: border-box; margin: 0.85em 0px; padding: 0px; border: 0px #e1e1e1; font: inherit; vertical-align: baseline; text-align: justify;" align="justify">&nbsp; &nbsp; &nbsp; &nbsp; 41</p>\r\n</td>\r\n<td style="box-sizing: border-box; margin: 0px; padding: 9px 12px; border-top: none #e1e1e1; border-right-color: #e1e1e1; border-bottom-color: #e1e1e1; border-left: none #e1e1e1; border-image: initial; font-style: inherit; font-variant: inherit; font-weight: inherit; font-stretch: inherit; font-size: 13px; line-height: inherit; font-family: inherit; vertical-align: baseline;" valign="center" width="70">\r\n<p style="box-sizing: border-box; margin: 0.85em 0px; padding: 0px; border: 0px #e1e1e1; font: inherit; vertical-align: baseline; text-align: justify;" align="center">43</p>\r\n</td>\r\n<td style="box-sizing: border-box; margin: 0px; padding: 9px 12px; border-top: none #e1e1e1; border-right-color: #e1e1e1; border-bottom-color: #e1e1e1; border-left-color: #e1e1e1; border-image: initial; font-style: inherit; font-variant: inherit; font-weight: inherit; font-stretch: inherit; font-size: 13px; line-height: inherit; font-family: inherit; vertical-align: baseline;" valign="center" width="70">\r\n<p style="box-sizing: border-box; margin: 0.85em 0px; padding: 0px; border: 0px #e1e1e1; font: inherit; vertical-align: baseline; text-align: justify;" align="center">45</p>\r\n</td>\r\n</tr>\r\n<tr style="box-sizing: border-box; margin: 0px; padding: 0px; border: 0px #e1e1e1; font: inherit; vertical-align: baseline; background-color: #ffffff; color: #919191;">\r\n<td style="box-sizing: border-box; margin: 0px; padding: 9px 12px; border-top: none #e1e1e1; border-right-color: #e1e1e1; border-bottom-color: #e1e1e1; border-left-color: #e1e1e1; border-image: initial; font-style: inherit; font-variant: inherit; font-weight: inherit; font-stretch: inherit; font-size: 13px; line-height: inherit; font-family: inherit; vertical-align: baseline;" valign="center" width="281">\r\n<p style="box-sizing: border-box; margin: 0.85em 0px; padding: 0px; border: 0px #e1e1e1; font: inherit; vertical-align: baseline; text-align: center;" data-spm-anchor-id="a2700.details.pronpeci14.i1.683b5e9dFEdRrJ">  </p>\r\n</td>\r\n<td style="box-sizing: border-box; margin: 0px; padding: 9px 12px; border-top: none #e1e1e1; border-right-color: #e1e1e1; border-bottom-color: #e1e1e1; border-left: none #e1e1e1; border-image: initial; font-style: inherit; font-variant: inherit; font-weight: inherit; font-stretch: inherit; font-size: 13px; line-height: inherit; font-family: inherit; vertical-align: baseline;" valign="center" width="69">L/D</td>\r\n<td style="box-sizing: border-box; margin: 0px; padding: 9px 12px; border-top: none #e1e1e1; border-right-color: #e1e1e1; border-bottom-color: #e1e1e1; border-left: none #e1e1e1; border-image: initial; font-style: inherit; font-variant: inherit; font-weight: inherit; font-stretch: inherit; font-size: 13px; line-height: inherit; font-family: inherit; vertical-align: baseline;" valign="center" width="68">\r\n<p style="box-sizing: border-box; margin: 0.85em 0px; padding: 0px; border: 0px #e1e1e1; font: inherit; vertical-align: baseline; text-align: justify;" align="center">21.3</p>\r\n</td>\r\n<td style="box-sizing: border-box; margin: 0px; padding: 9px 12px; border-top: none #e1e1e1; border-right-color: #e1e1e1; border-bottom-color: #e1e1e1; border-left: none #e1e1e1; border-image: initial; font-style: inherit; font-variant: inherit; font-weight: inherit; font-stretch: inherit; font-size: 13px; line-height: inherit; font-family: inherit; vertical-align: baseline;" valign="center" width="70">\r\n<p style="box-sizing: border-box; margin: 0.85em 0px; padding: 0px; border: 0px #e1e1e1; font: inherit; vertical-align: baseline; text-align: justify;" align="center">20.3</p>\r\n</td>\r\n<td style="box-sizing: border-box; margin: 0px; padding: 9px 12px; border-top: none #e1e1e1; border-right-color: #e1e1e1; border-bottom-color: #e1e1e1; border-left-color: #e1e1e1; border-image: initial; font-style: inherit; font-variant: inherit; font-weight: inherit; font-stretch: inherit; font-size: 13px; line-height: inherit; font-family: inherit; vertical-align: baseline;" valign="center" width="70">\r\n<p style="box-sizing: border-box; margin: 0.85em 0px; padding: 0px; border: 0px #e1e1e1; font: inherit; vertical-align: baseline; text-align: justify;" align="center">19.4</p>\r\n</td>\r\n</tr>\r\n<tr style="box-sizing: border-box; margin: 0px; padding: 0px; border: 0px #e1e1e1; font: inherit; vertical-align: baseline; background: #f8f8f8;">\r\n<td style="box-sizing: border-box; margin: 0px; padding: 9px 12px; border-top: none #e1e1e1; border-right-color: #e1e1e1; border-bottom-color: #e1e1e1; border-left-color: #e1e1e1; border-image: initial; font-style: inherit; font-variant: inherit; font-weight: inherit; font-stretch: inherit; font-size: 13px; line-height: inherit; font-family: inherit; vertical-align: baseline; text-align: center;" valign="center" width="281">  </td>\r\n<td style="box-sizing: border-box; margin: 0px; padding: 9px 12px; border-top: none #e1e1e1; border-right-color: #e1e1e1; border-bottom-color: #e1e1e1; border-left: none #e1e1e1; border-image: initial; font-style: inherit; font-variant: inherit; font-weight: inherit; font-stretch: inherit; font-size: 13px; line-height: inherit; font-family: inherit; vertical-align: baseline;" valign="center" width="69">CM3</td>\r\n<td style="box-sizing: border-box; margin: 0px; padding: 9px 12px; border-top: none #e1e1e1; border-right-color: #e1e1e1; border-bottom-color: #e1e1e1; border-left: none #e1e1e1; border-image: initial; font-style: inherit; font-variant: inherit; font-weight: inherit; font-stretch: inherit; font-size: 13px; line-height: inherit; font-family: inherit; vertical-align: baseline;" valign="center" width="68">\r\n<p style="box-sizing: border-box; margin: 0.85em 0px; padding: 0px; border: 0px #e1e1e1; font: inherit; vertical-align: baseline; text-align: justify;" align="center">277</p>\r\n</td>\r\n<td style="box-sizing: border-box; margin: 0px; padding: 9px 12px; border-top: none #e1e1e1; border-right-color: #e1e1e1; border-bottom-color: #e1e1e1; border-left: none #e1e1e1; border-image: initial; font-style: inherit; font-variant: inherit; font-weight: inherit; font-stretch: inherit; font-size: 13px; line-height: inherit; font-family: inherit; vertical-align: baseline;" valign="center" width="70">\r\n<p style="box-sizing: border-box; margin: 0.85em 0px; padding: 0px; border: 0px #e1e1e1; font: inherit; vertical-align: baseline; text-align: justify;" align="center">304</p>\r\n</td>\r\n<td style="box-sizing: border-box; margin: 0px; padding: 9px 12px; border-top: none #e1e1e1; border-right-color: #e1e1e1; border-bottom-color: #e1e1e1; border-left-color: #e1e1e1; border-image: initial; font-style: inherit; font-variant: inherit; font-weight: inherit; font-stretch: inherit; font-size: 13px; line-height: inherit; font-family: inherit; vertical-align: baseline;" valign="center" width="70">\r\n<p style="box-sizing: border-box; margin: 0.85em 0px; padding: 0px; border: 0px #e1e1e1; font: inherit; vertical-align: baseline; text-align: justify;" align="center">333</p>\r\n</td>\r\n</tr>\r\n<tr style="box-sizing: border-box; margin: 0px; padding: 0px; border: 0px #e1e1e1; font: inherit; vertical-align: baseline; background-color: #ffffff; color: #919191;">\r\n<td style="box-sizing: border-box; margin: 0px; padding: 9px 12px; border-top: none #e1e1e1; border-right-color: #e1e1e1; border-bottom-color: #e1e1e1; border-left-color: #e1e1e1; border-image: initial; font-style: inherit; font-variant: inherit; font-weight: inherit; font-stretch: inherit; font-size: 13px; line-height: inherit; font-family: inherit; vertical-align: baseline; text-align: center;" valign="center" width="281">  (PS)</td>\r\n<td style="box-sizing: border-box; margin: 0px; padding: 9px 12px; border-top: none #e1e1e1; border-right-color: #e1e1e1; border-bottom-color: #e1e1e1; border-left: none #e1e1e1; border-image: initial; font-style: inherit; font-variant: inherit; font-weight: inherit; font-stretch: inherit; font-size: 13px; line-height: inherit; font-family: inherit; vertical-align: baseline;" valign="center" width="69">G</td>\r\n<td style="box-sizing: border-box; margin: 0px; padding: 9px 12px; border-top: none #e1e1e1; border-right-color: #e1e1e1; border-bottom-color: #e1e1e1; border-left: none #e1e1e1; border-image: initial; font-style: inherit; font-variant: inherit; font-weight: inherit; font-stretch: inherit; font-size: 13px; line-height: inherit; font-family: inherit; vertical-align: baseline;" valign="center" width="68">\r\n<p style="box-sizing: border-box; margin: 0.85em 0px; padding: 0px; border: 0px #e1e1e1; font: inherit; vertical-align: baseline; text-align: justify;" align="center">252</p>\r\n</td>\r\n<td style="box-sizing: border-box; margin: 0px; padding: 9px 12px; border-top: none #e1e1e1; border-right-color: #e1e1e1; border-bottom-color: #e1e1e1; border-left: none #e1e1e1; border-image: initial; font-style: inherit; font-variant: inherit; font-weight: inherit; font-stretch: inherit; font-size: 13px; line-height: inherit; font-family: inherit; vertical-align: baseline;" valign="center" width="70">\r\n<p style="box-sizing: border-box; margin: 0.85em 0px; padding: 0px; border: 0px #e1e1e1; font: inherit; vertical-align: baseline; text-align: justify;" align="center">277</p>\r\n</td>\r\n<td style="box-sizing: border-box; margin: 0px; padding: 9px 12px; border-top: none #e1e1e1; border-right-color: #e1e1e1; border-bottom-color: #e1e1e1; border-left-color: #e1e1e1; border-image: initial; font-style: inherit; font-variant: inherit; font-weight: inherit; font-stretch: inherit; font-size: 13px; line-height: inherit; font-family: inherit; vertical-align: baseline;" valign="center" width="70">\r\n<p style="box-sizing: border-box; margin: 0.85em 0px; padding: 0px; border: 0px #e1e1e1; font: inherit; vertical-align: baseline; text-align: justify;" align="center">303</p>\r\n</td>\r\n</tr>\r\n<tr style="box-sizing: border-box; margin: 0px; padding: 0px; border: 0px #e1e1e1; font: inherit; vertical-align: baseline; background: #f8f8f8;">\r\n<td style="box-sizing: border-box; margin: 0px; padding: 9px 12px; border-top: none #e1e1e1; border-right-color: #e1e1e1; border-bottom-color: #e1e1e1; border-left-color: #e1e1e1; border-image: initial; font-style: inherit; font-variant: inherit; font-weight: inherit; font-stretch: inherit; font-size: 13px; line-height: inherit; font-family: inherit; vertical-align: baseline; text-align: center;" valign="center" width="281">  (PS)</td>\r\n<td style="box-sizing: border-box; margin: 0px; padding: 9px 12px; border-top: none #e1e1e1; border-right-color: #e1e1e1; border-bottom-color: #e1e1e1; border-left: none #e1e1e1; border-image: initial; font-style: inherit; font-variant: inherit; font-weight: inherit; font-stretch: inherit; font-size: 13px; line-height: inherit; font-family: inherit; vertical-align: baseline;" valign="center" width="69">G/S</td>\r\n<td style="box-sizing: border-box; margin: 0px; padding: 9px 12px; border-top: none #e1e1e1; border-right-color: #e1e1e1; border-bottom-color: #e1e1e1; border-left: none #e1e1e1; border-image: initial; font-style: inherit; font-variant: inherit; font-weight: inherit; font-stretch: inherit; font-size: 13px; line-height: inherit; font-family: inherit; vertical-align: baseline;" valign="center" width="68">\r\n<p style="box-sizing: border-box; margin: 0.85em 0px; padding: 0px; border: 0px #e1e1e1; font: inherit; vertical-align: baseline; text-align: justify;" align="center">118</p>\r\n</td>\r\n<td style="box-sizing: border-box; margin: 0px; padding: 9px 12px; border-top: none #e1e1e1; border-right-color: #e1e1e1; border-bottom-color: #e1e1e1; border-left: none #e1e1e1; border-image: initial; font-style: inherit; font-variant: inherit; font-weight: inherit; font-stretch: inherit; font-size: 13px; line-height: inherit; font-family: inherit; vertical-align: baseline;" valign="center" width="70">\r\n<p style="box-sizing: border-box; margin: 0.85em 0px; padding: 0px; border: 0px #e1e1e1; font: inherit; vertical-align: baseline; text-align: justify;" align="center">130</p>\r\n</td>\r\n<td style="box-sizing: border-box; margin: 0px; padding: 9px 12px; border-top: none #e1e1e1; border-right-color: #e1e1e1; border-bottom-color: #e1e1e1; border-left-color: #e1e1e1; border-image: initial; font-style: inherit; font-variant: inherit; font-weight: inherit; font-stretch: inherit; font-size: 13px; line-height: inherit; font-family: inherit; vertical-align: baseline;" valign="center" width="70">\r\n<p style="box-sizing: border-box; margin: 0.85em 0px; padding: 0px; border: 0px #e1e1e1; font: inherit; vertical-align: baseline; text-align: justify;" align="center">142</p>\r\n</td>\r\n</tr>\r\n<tr style="box-sizing: border-box; margin: 0px; padding: 0px; border: 0px #e1e1e1; font: inherit; vertical-align: baseline; background-color: #ffffff; color: #919191;">\r\n<td style="box-sizing: border-box; margin: 0px; padding: 9px 12px; border-top: none #e1e1e1; border-right-color: #e1e1e1; border-bottom-color: #e1e1e1; border-left-color: #e1e1e1; border-image: initial; font-style: inherit; font-variant: inherit; font-weight: inherit; font-stretch: inherit; font-size: 13px; line-height: inherit; font-family: inherit; vertical-align: baseline; text-align: center;" valign="center" width="281">  (PS)</td>\r\n<td style="box-sizing: border-box; margin: 0px; padding: 9px 12px; border-top: none #e1e1e1; border-right-color: #e1e1e1; border-bottom-color: #e1e1e1; border-left: none #e1e1e1; border-image: initial; font-style: inherit; font-variant: inherit; font-weight: inherit; font-stretch: inherit; font-size: 13px; line-height: inherit; font-family: inherit; vertical-align: baseline;" valign="center" width="69">MPA</td>\r\n<td style="box-sizing: border-box; margin: 0px; padding: 9px 12px; border-top: none #e1e1e1; border-right-color: #e1e1e1; border-bottom-color: #e1e1e1; border-left: none #e1e1e1; border-image: initial; font-style: inherit; font-variant: inherit; font-weight: inherit; font-stretch: inherit; font-size: 13px; line-height: inherit; font-family: inherit; vertical-align: baseline;" valign="center" width="68">\r\n<p style="box-sizing: border-box; margin: 0.85em 0px; padding: 0px; border: 0px #e1e1e1; font: inherit; vertical-align: baseline; text-align: justify;" align="center">182</p>\r\n</td>\r\n<td style="box-sizing: border-box; margin: 0px; padding: 9px 12px; border-top: none #e1e1e1; border-right-color: #e1e1e1; border-bottom-color: #e1e1e1; border-left: none #e1e1e1; border-image: initial; font-style: inherit; font-variant: inherit; font-weight: inherit; font-stretch: inherit; font-size: 13px; line-height: inherit; font-family: inherit; vertical-align: baseline;" valign="center" width="70">\r\n<p style="box-sizing: border-box; margin: 0.85em 0px; padding: 0px; border: 0px #e1e1e1; font: inherit; vertical-align: baseline; text-align: justify;" align="center">166</p>\r\n</td>\r\n<td style="box-sizing: border-box; margin: 0px; padding: 9px 12px; border-top: none #e1e1e1; border-right-color: #e1e1e1; border-bottom-color: #e1e1e1; border-left-color: #e1e1e1; border-image: initial; font-style: inherit; font-variant: inherit; font-weight: inherit; font-stretch: inherit; font-size: 13px; line-height: inherit; font-family: inherit; vertical-align: baseline;" valign="center" width="70">\r\n<p style="box-sizing: border-box; margin: 0.85em 0px; padding: 0px; border: 0px #e1e1e1; font: inherit; vertical-align: baseline; text-align: justify;" align="center">151</p>\r\n</td>\r\n</tr>\r\n<tr style="box-sizing: border-box; margin: 0px; padding: 0px; border: 0px #e1e1e1; font: inherit; vertical-align: baseline; background: #f8f8f8;">\r\n<td style="box-sizing: border-box; margin: 0px; padding: 9px 12px; border-top: none #e1e1e1; border-right-color: #e1e1e1; border-bottom-color: #e1e1e1; border-left-color: #e1e1e1; border-image: initial; font-style: inherit; font-variant: inherit; font-weight: inherit; font-stretch: inherit; font-size: 13px; line-height: inherit; font-family: inherit; vertical-align: baseline; text-align: center;" valign="center" width="281">   (PS)</td>\r\n<td style="box-sizing: border-box; margin: 0px; padding: 9px 12px; border-top: none #e1e1e1; border-right-color: #e1e1e1; border-bottom-color: #e1e1e1; border-left: none #e1e1e1; border-image: initial; font-style: inherit; font-variant: inherit; font-weight: inherit; font-stretch: inherit; font-size: 13px; line-height: inherit; font-family: inherit; vertical-align: baseline;" valign="center" width="69">G/S</td>\r\n<td style="box-sizing: border-box; margin: 0px; padding: 9px 12px; border-top: none #e1e1e1; border-right-color: #e1e1e1; border-bottom-color: #e1e1e1; border-left: none #e1e1e1; border-image: initial; font-style: inherit; font-variant: inherit; font-weight: inherit; font-stretch: inherit; font-size: 13px; line-height: inherit; font-family: inherit; vertical-align: baseline;" valign="center" width="68">\r\n<p style="box-sizing: border-box; margin: 0.85em 0px; padding: 0px; border: 0px #e1e1e1; font: inherit; vertical-align: baseline; text-align: justify;" align="center">16</p>\r\n</td>\r\n<td style="box-sizing: border-box; margin: 0px; padding: 9px 12px; border-top: none #e1e1e1; border-right-color: #e1e1e1; border-bottom-color: #e1e1e1; border-left: none #e1e1e1; border-image: initial; font-style: inherit; font-variant: inherit; font-weight: inherit; font-stretch: inherit; font-size: 13px; line-height: inherit; font-family: inherit; vertical-align: baseline;" valign="center" width="70">\r\n<p style="box-sizing: border-box; margin: 0.85em 0px; padding: 0px; border: 0px #e1e1e1; font: inherit; vertical-align: baseline; text-align: justify;" align="center">18</p>\r\n</td>\r\n<td style="box-sizing: border-box; margin: 0px; padding: 9px 12px; border-top: none #e1e1e1; border-right-color: #e1e1e1; border-bottom-color: #e1e1e1; border-left-color: #e1e1e1; border-image: initial; font-style: inherit; font-variant: inherit; font-weight: inherit; font-stretch: inherit; font-size: 13px; line-height: inherit; font-family: inherit; vertical-align: baseline;" valign="center" width="70">\r\n<p style="box-sizing: border-box; margin: 0.85em 0px; padding: 0px; border: 0px #e1e1e1; font: inherit; vertical-align: baseline; text-align: justify;" align="center">21</p>\r\n</td>\r\n</tr>\r\n<tr style="box-sizing: border-box; margin: 0px; padding: 0px; border: 0px #e1e1e1; font: inherit; vertical-align: baseline; background-color: #ffffff; color: #919191;">\r\n<td style="box-sizing: border-box; margin: 0px; padding: 9px 12px; border-top: none #e1e1e1; border-right-color: #e1e1e1; border-bottom-color: #e1e1e1; border-left-color: #e1e1e1; border-image: initial; font-style: inherit; font-variant: inherit; font-weight: inherit; font-stretch: inherit; font-size: 13px; line-height: inherit; font-family: inherit; vertical-align: baseline; text-align: center;" valign="center" width="281"> </td>\r\n<td style="box-sizing: border-box; margin: 0px; padding: 9px 12px; border-top: none #e1e1e1; border-right-color: #e1e1e1; border-bottom-color: #e1e1e1; border-left: none #e1e1e1; border-image: initial; font-style: inherit; font-variant: inherit; font-weight: inherit; font-stretch: inherit; font-size: 13px; line-height: inherit; font-family: inherit; vertical-align: baseline;" valign="center" width="69">RPM</td>\r\n<td style="box-sizing: border-box; margin: 0px; padding: 9px 12px; border-top: none #e1e1e1; border-right-color: #e1e1e1; border-bottom-color: #e1e1e1; border-left-color: #e1e1e1; border-image: initial; font-style: inherit; font-variant: inherit; font-weight: inherit; font-stretch: inherit; font-size: 13px; line-height: inherit; font-family: inherit; vertical-align: baseline;" colspan="3" valign="center" width="208">\r\n<p style="box-sizing: border-box; margin: 0.85em 0px; padding: 0px; border: 0px #e1e1e1; font: inherit; vertical-align: baseline; text-align: justify;" align="center">230</p>\r\n</td>\r\n</tr>\r\n<tr style="box-sizing: border-box; margin: 0px; padding: 0px; border: 0px #e1e1e1; font: inherit; vertical-align: baseline; background: #f8f8f8;">\r\n<td style="box-sizing: border-box; margin: 0px; padding: 9px 12px; border-top: none #e1e1e1; border-right-color: #e1e1e1; border-bottom-color: #e1e1e1; border-left-color: #e1e1e1; border-image: initial; font-style: inherit; font-variant: inherit; font-weight: inherit; font-stretch: inherit; font-size: 13px; line-height: inherit; font-family: inherit; vertical-align: baseline; text-align: center;" valign="center" width="281"><strong style="box-sizing: border-box; margin: 0px; padding: 0px; border: 0px #e1e1e1; font-style: inherit; font-variant: inherit; font-weight: bold; font-stretch: inherit; font-size: inherit; line-height: inherit; font-family: inherit; vertical-align: baseline; color: #efbb20;"> <br style="box-sizing: border-box;" /></strong></td>\r\n<td style="box-sizing: border-box; margin: 0px; padding: 9px 12px; border-top: none #e1e1e1; border-right-color: #e1e1e1; border-bottom-color: #e1e1e1; border-left-color: #e1e1e1; border-image: initial; font-style: inherit; font-variant: inherit; font-weight: inherit; font-stretch: inherit; font-size: 13px; line-height: inherit; font-family: inherit; vertical-align: baseline;" colspan="4" valign="center" width="277">&nbsp;</td>\r\n</tr>\r\n<tr style="box-sizing: border-box; margin: 0px; padding: 0px; border: 0px #e1e1e1; font: inherit; vertical-align: baseline; background-color: #ffffff; color: #919191;">\r\n<td style="box-sizing: border-box; margin: 0px; padding: 9px 12px; border-top: none #e1e1e1; border-right-color: #e1e1e1; border-bottom-color: #e1e1e1; border-left-color: #e1e1e1; border-image: initial; font-style: inherit; font-variant: inherit; font-weight: inherit; font-stretch: inherit; font-size: 13px; line-height: inherit; font-family: inherit; vertical-align: baseline; text-align: center;" valign="center" width="281"> </td>\r\n<td style="box-sizing: border-box; margin: 0px; padding: 9px 12px; border-top: none #e1e1e1; border-right-color: #e1e1e1; border-bottom-color: #e1e1e1; border-left: none #e1e1e1; border-image: initial; font-style: inherit; font-variant: inherit; font-weight: inherit; font-stretch: inherit; font-size: 13px; line-height: inherit; font-family: inherit; vertical-align: baseline;" valign="center" width="69">KN</td>\r\n<td style="box-sizing: border-box; margin: 0px; padding: 9px 12px; border-top: none #e1e1e1; border-right-color: #e1e1e1; border-bottom-color: #e1e1e1; border-left-color: #e1e1e1; border-image: initial; font-style: inherit; font-variant: inherit; font-weight: inherit; font-stretch: inherit; font-size: 13px; line-height: inherit; font-family: inherit; vertical-align: baseline;" colspan="3" valign="center" width="208">\r\n<p style="box-sizing: border-box; margin: 0.85em 0px; padding: 0px; border: 0px #e1e1e1; font: inherit; vertical-align: baseline; text-align: justify;" align="center">1600</p>\r\n</td>\r\n</tr>\r\n<tr style="box-sizing: border-box; margin: 0px; padding: 0px; border: 0px #e1e1e1; font: inherit; vertical-align: baseline; background: #f8f8f8;">\r\n<td style="box-sizing: border-box; margin: 0px; padding: 9px 12px; border-top: none #e1e1e1; border-right-color: #e1e1e1; border-bottom-color: #e1e1e1; border-left-color: #e1e1e1; border-image: initial; font-style: inherit; font-variant: inherit; font-weight: inherit; font-stretch: inherit; font-size: 13px; line-height: inherit; font-family: inherit; vertical-align: baseline; text-align: center;" valign="center" width="281"><code style="box-sizing: border-box; margin: 0px; padding: 0px; border: 0px #e1e1e1; font-style: inherit; font-variant: inherit; font-weight: inherit; font-stretch: inherit; font-size: inherit; line-height: inherit; font-family: Monaco, 'Andale Mono', 'Courier New', Courier, monospace; vertical-align: baseline; direction: ltr;">  <br style="box-sizing: border-box;" /></code></td>\r\n<td style="box-sizing: border-box; margin: 0px; padding: 9px 12px; border-top: none #e1e1e1; border-right-color: #e1e1e1; border-bottom-color: #e1e1e1; border-left: none #e1e1e1; border-image: initial; font-style: inherit; font-variant: inherit; font-weight: inherit; font-stretch: inherit; font-size: 13px; line-height: inherit; font-family: inherit; vertical-align: baseline;" valign="center" width="69">MM</td>\r\n<td style="box-sizing: border-box; margin: 0px; padding: 9px 12px; border-top: none #e1e1e1; border-right-color: #e1e1e1; border-bottom-color: #e1e1e1; border-left-color: #e1e1e1; border-image: initial; font-style: inherit; font-variant: inherit; font-weight: inherit; font-stretch: inherit; font-size: 13px; line-height: inherit; font-family: inherit; vertical-align: baseline;" colspan="3" valign="center" width="208">\r\n<p style="box-sizing: border-box; margin: 0.85em 0px; padding: 0px; border: 0px #e1e1e1; font: inherit; vertical-align: baseline; text-align: justify;" align="center">420</p>\r\n</td>\r\n</tr>\r\n<tr style="box-sizing: border-box; margin: 0px; padding: 0px; border: 0px #e1e1e1; font: inherit; vertical-align: baseline; background-color: #ffffff; color: #919191;">\r\n<td style="box-sizing: border-box; margin: 0px; padding: 9px 12px; border-top: none #e1e1e1; border-right-color: #e1e1e1; border-bottom-color: #e1e1e1; border-left-color: #e1e1e1; border-image: initial; font-style: inherit; font-variant: inherit; font-weight: inherit; font-stretch: inherit; font-size: 13px; line-height: inherit; font-family: inherit; vertical-align: baseline; text-align: center;" valign="center" width="281">    </td>\r\n<td style="box-sizing: border-box; margin: 0px; padding: 9px 12px; border-top: none #e1e1e1; border-right-color: #e1e1e1; border-bottom-color: #e1e1e1; border-left: none #e1e1e1; border-image: initial; font-style: inherit; font-variant: inherit; font-weight: inherit; font-stretch: inherit; font-size: 13px; line-height: inherit; font-family: inherit; vertical-align: baseline;" valign="center" width="69">MM</td>\r\n<td style="box-sizing: border-box; margin: 0px; padding: 9px 12px; border-top: none #e1e1e1; border-right-color: #e1e1e1; border-bottom-color: #e1e1e1; border-left-color: #e1e1e1; border-image: initial; font-style: inherit; font-variant: inherit; font-weight: inherit; font-stretch: inherit; font-size: 13px; line-height: inherit; font-family: inherit; vertical-align: baseline;" colspan="3" valign="center" width="208">\r\n<p style="box-sizing: border-box; margin: 0.85em 0px; padding: 0px; border: 0px #e1e1e1; font: inherit; vertical-align: baseline; text-align: justify;" align="center">440X440</p>\r\n</td>\r\n</tr>\r\n<tr style="box-sizing: border-box; margin: 0px; padding: 0px; border: 0px #e1e1e1; font: inherit; vertical-align: baseline; background: #f8f8f8;">\r\n<td style="box-sizing: border-box; margin: 0px; padding: 9px 12px; border-top: none #e1e1e1; border-right-color: #e1e1e1; border-bottom-color: #e1e1e1; border-left-color: #e1e1e1; border-image: initial; font-style: inherit; font-variant: inherit; font-weight: inherit; font-stretch: inherit; font-size: 13px; line-height: inherit; font-family: inherit; vertical-align: baseline; text-align: center;" valign="center" width="281">  &nbsp; &nbsp;  &ndash; </td>\r\n<td style="box-sizing: border-box; margin: 0px; padding: 9px 12px; border-top: none #e1e1e1; border-right-color: #e1e1e1; border-bottom-color: #e1e1e1; border-left: none #e1e1e1; border-image: initial; font-style: inherit; font-variant: inherit; font-weight: inherit; font-stretch: inherit; font-size: 13px; line-height: inherit; font-family: inherit; vertical-align: baseline;" valign="center" width="69">MM</td>\r\n<td style="box-sizing: border-box; margin: 0px; padding: 9px 12px; border-top: none #e1e1e1; border-right-color: #e1e1e1; border-bottom-color: #e1e1e1; border-left-color: #e1e1e1; border-image: initial; font-style: inherit; font-variant: inherit; font-weight: inherit; font-stretch: inherit; font-size: 13px; line-height: inherit; font-family: inherit; vertical-align: baseline;" colspan="3" valign="center" width="208">\r\n<p style="box-sizing: border-box; margin: 0.85em 0px; padding: 0px; border: 0px #e1e1e1; font: inherit; vertical-align: baseline; text-align: justify;" align="center">180-450</p>\r\n</td>\r\n</tr>\r\n<tr style="box-sizing: border-box; margin: 0px; padding: 0px; border: 0px #e1e1e1; font: inherit; vertical-align: baseline; background-color: #ffffff; color: #919191;">\r\n<td style="box-sizing: border-box; margin: 0px; padding: 9px 12px; border-top: none #e1e1e1; border-right-color: #e1e1e1; border-bottom-color: #e1e1e1; border-left-color: #e1e1e1; border-image: initial; font-style: inherit; font-variant: inherit; font-weight: inherit; font-stretch: inherit; font-size: 13px; line-height: inherit; font-family: inherit; vertical-align: baseline; text-align: center;" valign="center" width="281">  </td>\r\n<td style="box-sizing: border-box; margin: 0px; padding: 9px 12px; border-top: none #e1e1e1; border-right-color: #e1e1e1; border-bottom-color: #e1e1e1; border-left: none #e1e1e1; border-image: initial; font-style: inherit; font-variant: inherit; font-weight: inherit; font-stretch: inherit; font-size: 13px; line-height: inherit; font-family: inherit; vertical-align: baseline;" valign="center" width="69">MM</td>\r\n<td style="box-sizing: border-box; margin: 0px; padding: 9px 12px; border-top: none #e1e1e1; border-right-color: #e1e1e1; border-bottom-color: #e1e1e1; border-left-color: #e1e1e1; border-image: initial; font-style: inherit; font-variant: inherit; font-weight: inherit; font-stretch: inherit; font-size: 13px; line-height: inherit; font-family: inherit; vertical-align: baseline;" colspan="3" valign="center" width="208">\r\n<p style="box-sizing: border-box; margin: 0.85em 0px; padding: 0px; border: 0px #e1e1e1; font: inherit; vertical-align: baseline; text-align: justify;" align="center">130</p>\r\n</td>\r\n</tr>\r\n<tr style="box-sizing: border-box; margin: 0px; padding: 0px; border: 0px #e1e1e1; font: inherit; vertical-align: baseline; background: #f8f8f8;">\r\n<td style="box-sizing: border-box; margin: 0px; padding: 9px 12px; border-top: none #e1e1e1; border-right-color: #e1e1e1; border-bottom-color: #e1e1e1; border-left-color: #e1e1e1; border-image: initial; font-style: inherit; font-variant: inherit; font-weight: inherit; font-stretch: inherit; font-size: 13px; line-height: inherit; font-family: inherit; vertical-align: baseline; text-align: center;" valign="center" width="281"> </td>\r\n<td style="box-sizing: border-box; margin: 0px; padding: 9px 12px; border-top: none #e1e1e1; border-right-color: #e1e1e1; border-bottom-color: #e1e1e1; border-left: none #e1e1e1; border-image: initial; font-style: inherit; font-variant: inherit; font-weight: inherit; font-stretch: inherit; font-size: 13px; line-height: inherit; font-family: inherit; vertical-align: baseline;" valign="center" width="69">KN</td>\r\n<td style="box-sizing: border-box; margin: 0px; padding: 9px 12px; border-top: none #e1e1e1; border-right-color: #e1e1e1; border-bottom-color: #e1e1e1; border-left-color: #e1e1e1; border-image: initial; font-style: inherit; font-variant: inherit; font-weight: inherit; font-stretch: inherit; font-size: 13px; line-height: inherit; font-family: inherit; vertical-align: baseline;" colspan="3" valign="center" width="208">\r\n<p style="box-sizing: border-box; margin: 0.85em 0px; padding: 0px; border: 0px #e1e1e1; font: inherit; vertical-align: baseline; text-align: justify;" align="center">45</p>\r\n</td>\r\n</tr>\r\n<tr style="box-sizing: border-box; margin: 0px; padding: 0px; border: 0px #e1e1e1; font: inherit; vertical-align: baseline; background-color: #ffffff; color: #919191;">\r\n<td style="box-sizing: border-box; margin: 0px; padding: 9px 12px; border-top: none #e1e1e1; border-right-color: #e1e1e1; border-bottom-color: #e1e1e1; border-left-color: #e1e1e1; border-image: initial; font-style: inherit; font-variant: inherit; font-weight: inherit; font-stretch: inherit; font-size: 13px; line-height: inherit; font-family: inherit; vertical-align: baseline; text-align: center;" valign="center" width="281">  (   )</td>\r\n<td style="box-sizing: border-box; margin: 0px; padding: 9px 12px; border-top: none #e1e1e1; border-right-color: #e1e1e1; border-bottom-color: #e1e1e1; border-left: none #e1e1e1; border-image: initial; font-style: inherit; font-variant: inherit; font-weight: inherit; font-stretch: inherit; font-size: 13px; line-height: inherit; font-family: inherit; vertical-align: baseline;" valign="center" width="69">PC</td>\r\n<td style="box-sizing: border-box; margin: 0px; padding: 9px 12px; border-top: none #e1e1e1; border-right-color: #e1e1e1; border-bottom-color: #e1e1e1; border-left-color: #e1e1e1; border-image: initial; font-style: inherit; font-variant: inherit; font-weight: inherit; font-stretch: inherit; font-size: 13px; line-height: inherit; font-family: inherit; vertical-align: baseline;" colspan="3" valign="center" width="208">\r\n<p style="box-sizing: border-box; margin: 0.85em 0px; padding: 0px; border: 0px #e1e1e1; font: inherit; vertical-align: baseline; text-align: justify;" align="center">5</p>\r\n</td>\r\n</tr>\r\n<tr style="box-sizing: border-box; margin: 0px; padding: 0px; border: 0px #e1e1e1; font: inherit; vertical-align: baseline; background: #f8f8f8;">\r\n<td style="box-sizing: border-box; margin: 0px; padding: 9px 12px; border-top: none #e1e1e1; border-right-color: #e1e1e1; border-bottom-color: #e1e1e1; border-left-color: #e1e1e1; border-image: initial; font-style: inherit; font-variant: inherit; font-weight: inherit; font-stretch: inherit; font-size: 13px; line-height: inherit; font-family: inherit; vertical-align: baseline;" valign="center" width="281"><strong style="box-sizing: border-box; margin: 0px; padding: 0px; border: 0px #e1e1e1; font-style: inherit; font-variant: inherit; font-weight: bold; font-stretch: inherit; font-size: inherit; line-height: inherit; font-family: inherit; vertical-align: baseline; color: #efbb20;"></strong></td>\r\n<td style="box-sizing: border-box; margin: 0px; padding: 9px 12px; border-top: none #e1e1e1; border-right-color: #e1e1e1; border-bottom-color: #e1e1e1; border-left-color: #e1e1e1; border-image: initial; font-style: inherit; font-variant: inherit; font-weight: inherit; font-stretch: inherit; font-size: 13px; line-height: inherit; font-family: inherit; vertical-align: baseline;" colspan="4" valign="center" width="277">&nbsp;</td>\r\n</tr>\r\n<tr style="box-sizing: border-box; margin: 0px; padding: 0px; border: 0px #e1e1e1; font: inherit; vertical-align: baseline; background-color: #ffffff; color: #919191;">\r\n<td style="box-sizing: border-box; margin: 0px; padding: 9px 12px; border-top: none #e1e1e1; border-right-color: #e1e1e1; border-bottom-color: #e1e1e1; border-left-color: #e1e1e1; border-image: initial; font-style: inherit; font-variant: inherit; font-weight: inherit; font-stretch: inherit; font-size: 13px; line-height: inherit; font-family: inherit; vertical-align: baseline; text-align: center;" valign="center" width="281">  </td>\r\n<td style="box-sizing: border-box; margin: 0px; padding: 9px 12px; border-top: none #e1e1e1; border-right-color: #e1e1e1; border-bottom-color: #e1e1e1; border-left: none #e1e1e1; border-image: initial; font-style: inherit; font-variant: inherit; font-weight: inherit; font-stretch: inherit; font-size: 13px; line-height: inherit; font-family: inherit; vertical-align: baseline;" valign="center" width="69">MPA</td>\r\n<td style="box-sizing: border-box; margin: 0px; padding: 9px 12px; border-top: none #e1e1e1; border-right-color: #e1e1e1; border-bottom-color: #e1e1e1; border-left-color: #e1e1e1; border-image: initial; font-style: inherit; font-variant: inherit; font-weight: inherit; font-stretch: inherit; font-size: 13px; line-height: inherit; font-family: inherit; vertical-align: baseline;" colspan="3" valign="center" width="208">\r\n<p style="box-sizing: border-box; margin: 0.85em 0px; padding: 0px; border: 0px #e1e1e1; font: inherit; vertical-align: baseline; text-align: justify;" align="center">16</p>\r\n</td>\r\n</tr>\r\n<tr style="box-sizing: border-box; margin: 0px; padding: 0px; border: 0px #e1e1e1; font: inherit; vertical-align: baseline; background: #f8f8f8;">\r\n<td style="box-sizing: border-box; margin: 0px; padding: 9px 12px; border-top: none #e1e1e1; border-right-color: #e1e1e1; border-bottom-color: #e1e1e1; border-left-color: #e1e1e1; border-image: initial; font-style: inherit; font-variant: inherit; font-weight: inherit; font-stretch: inherit; font-size: 13px; line-height: inherit; font-family: inherit; vertical-align: baseline; text-align: center;" valign="center" width="281">   </td>\r\n<td style="box-sizing: border-box; margin: 0px; padding: 9px 12px; border-top: none #e1e1e1; border-right-color: #e1e1e1; border-bottom-color: #e1e1e1; border-left: none #e1e1e1; border-image: initial; font-style: inherit; font-variant: inherit; font-weight: inherit; font-stretch: inherit; font-size: 13px; line-height: inherit; font-family: inherit; vertical-align: baseline;" valign="center" width="69">KW</td>\r\n<td style="box-sizing: border-box; margin: 0px; padding: 9px 12px; border-top: none #e1e1e1; border-right-color: #e1e1e1; border-bottom-color: #e1e1e1; border-left-color: #e1e1e1; border-image: initial; font-style: inherit; font-variant: inherit; font-weight: inherit; font-stretch: inherit; font-size: 13px; line-height: inherit; font-family: inherit; vertical-align: baseline;" colspan="3" valign="center" width="208">\r\n<p style="box-sizing: border-box; margin: 0.85em 0px; padding: 0px; border: 0px #e1e1e1; font: inherit; vertical-align: baseline; text-align: justify;" align="center">15( 17)</p>\r\n</td>\r\n</tr>\r\n<tr style="box-sizing: border-box; margin: 0px; padding: 0px; border: 0px #e1e1e1; font: inherit; vertical-align: baseline; background-color: #ffffff; color: #919191;">\r\n<td style="box-sizing: border-box; margin: 0px; padding: 9px 12px; border-top: none #e1e1e1; border-right-color: #e1e1e1; border-bottom-color: #e1e1e1; border-left-color: #e1e1e1; border-image: initial; font-style: inherit; font-variant: inherit; font-weight: inherit; font-stretch: inherit; font-size: 13px; line-height: inherit; font-family: inherit; vertical-align: baseline; text-align: center;" valign="center" width="281">  ()</td>\r\n<td style="box-sizing: border-box; margin: 0px; padding: 9px 12px; border-top: none #e1e1e1; border-right-color: #e1e1e1; border-bottom-color: #e1e1e1; border-left: none #e1e1e1; border-image: initial; font-style: inherit; font-variant: inherit; font-weight: inherit; font-stretch: inherit; font-size: 13px; line-height: inherit; font-family: inherit; vertical-align: baseline;" valign="center" width="69">KW</td>\r\n<td style="box-sizing: border-box; margin: 0px; padding: 9px 12px; border-top: none #e1e1e1; border-right-color: #e1e1e1; border-bottom-color: #e1e1e1; border-left-color: #e1e1e1; border-image: initial; font-style: inherit; font-variant: inherit; font-weight: inherit; font-stretch: inherit; font-size: 13px; line-height: inherit; font-family: inherit; vertical-align: baseline;" colspan="3" valign="center" width="208">\r\n<p style="box-sizing: border-box; margin: 0.85em 0px; padding: 0px; border: 0px #e1e1e1; font: inherit; vertical-align: baseline; text-align: justify;" align="center">10.55</p>\r\n</td>\r\n</tr>\r\n<tr style="box-sizing: border-box; margin: 0px; padding: 0px; border: 0px #e1e1e1; font: inherit; vertical-align: baseline; background: #f8f8f8;">\r\n<td style="box-sizing: border-box; margin: 0px; padding: 9px 12px; border-top: none #e1e1e1; border-right-color: #e1e1e1; border-bottom-color: #e1e1e1; border-left-color: #e1e1e1; border-image: initial; font-style: inherit; font-variant: inherit; font-weight: inherit; font-stretch: inherit; font-size: 13px; line-height: inherit; font-family: inherit; vertical-align: baseline; text-align: center;" valign="center" width="281">  </td>\r\n<td style="box-sizing: border-box; margin: 0px; padding: 9px 12px; border-top: none #e1e1e1; border-right-color: #e1e1e1; border-bottom-color: #e1e1e1; border-left: none #e1e1e1; border-image: initial; font-style: inherit; font-variant: inherit; font-weight: inherit; font-stretch: inherit; font-size: 13px; line-height: inherit; font-family: inherit; vertical-align: baseline;" valign="center" width="69">KG</td>\r\n<td style="box-sizing: border-box; margin: 0px; padding: 9px 12px; border-top: none #e1e1e1; border-right-color: #e1e1e1; border-bottom-color: #e1e1e1; border-left-color: #e1e1e1; border-image: initial; font-style: inherit; font-variant: inherit; font-weight: inherit; font-stretch: inherit; font-size: 13px; line-height: inherit; font-family: inherit; vertical-align: baseline;" colspan="3" valign="center" width="208">\r\n<p style="box-sizing: border-box; margin: 0.85em 0px; padding: 0px; border: 0px #e1e1e1; font: inherit; vertical-align: baseline; text-align: justify;" align="center">250</p>\r\n</td>\r\n</tr>\r\n<tr style="box-sizing: border-box; margin: 0px; padding: 0px; border: 0px #e1e1e1; font: inherit; vertical-align: baseline; background-color: #ffffff; color: #919191;">\r\n<td style="box-sizing: border-box; margin: 0px; padding: 9px 12px; border-top: none #e1e1e1; border-right-color: #e1e1e1; border-bottom-color: #e1e1e1; border-left-color: #e1e1e1; border-image: initial; font-style: inherit; font-variant: inherit; font-weight: inherit; font-stretch: inherit; font-size: 13px; line-height: inherit; font-family: inherit; vertical-align: baseline; text-align: center;" valign="center" width="281"> </td>\r\n<td style="box-sizing: border-box; margin: 0px; padding: 9px 12px; border-top: none #e1e1e1; border-right-color: #e1e1e1; border-bottom-color: #e1e1e1; border-left: none #e1e1e1; border-image: initial; font-style: inherit; font-variant: inherit; font-weight: inherit; font-stretch: inherit; font-size: 13px; line-height: inherit; font-family: inherit; vertical-align: baseline;" valign="center" width="69">MM</td>\r\n<td style="box-sizing: border-box; margin: 0px; padding: 9px 12px; border-top: none #e1e1e1; border-right-color: #e1e1e1; border-bottom-color: #e1e1e1; border-left-color: #e1e1e1; border-image: initial; font-style: inherit; font-variant: inherit; font-weight: inherit; font-stretch: inherit; font-size: 13px; line-height: inherit; font-family: inherit; vertical-align: baseline;" colspan="3" valign="center" width="208">\r\n<p style="box-sizing: border-box; margin: 0.85em 0px; padding: 0px; border: 0px #e1e1e1; font: inherit; vertical-align: baseline; text-align: justify;" align="center">4850X1250X1960</p>\r\n</td>\r\n</tr>\r\n<tr style="box-sizing: border-box; margin: 0px; padding: 0px; border: 0px #e1e1e1; font: inherit; vertical-align: baseline; background: #f8f8f8;">\r\n<td style="box-sizing: border-box; margin: 0px; padding: 9px 12px; border-top: none #e1e1e1; border-right-color: #e1e1e1; border-bottom-color: #e1e1e1; border-left-color: #e1e1e1; border-image: initial; font-style: inherit; font-variant: inherit; font-weight: inherit; font-stretch: inherit; font-size: 13px; line-height: inherit; font-family: inherit; vertical-align: baseline; text-align: center;" valign="center" width="281"> </td>\r\n<td style="box-sizing: border-box; margin: 0px; padding: 9px 12px; border-top: none #e1e1e1; border-right-color: #e1e1e1; border-bottom-color: #e1e1e1; border-left: none #e1e1e1; border-image: initial; font-style: inherit; font-variant: inherit; font-weight: inherit; font-stretch: inherit; font-size: 13px; line-height: inherit; font-family: inherit; vertical-align: baseline;" valign="center" width="69">TONS</td>\r\n<td style="box-sizing: border-box; margin: 0px; padding: 9px 12px; border-top: none #e1e1e1; border-right-color: #e1e1e1; border-bottom-color: #e1e1e1; border-left-color: #e1e1e1; border-image: initial; font-style: inherit; font-variant: inherit; font-weight: inherit; font-stretch: inherit; font-size: 13px; line-height: inherit; font-family: inherit; vertical-align: baseline;" colspan="3" valign="center" width="208">\r\n<p style="box-sizing: border-box; margin: 0.85em 0px; padding: 0px; border: 0px #e1e1e1; font: inherit; vertical-align: baseline; text-align: justify;" align="center" data-spm-anchor-id="a2700.details.pronpeci14.i7.683b5e9dFEdRrJ">4.7</p>\r\n</td>\r\n</tr>\r\n</tbody>\r\n</table>\r\n<p style="box-sizing: border-box; margin: 0.85em 0px; padding: 0px; border: 0px #e1e1e1; font-variant-numeric: inherit; font-variant-east-asian: inherit; font-stretch: inherit; font-size: 13px; line-height: inherit; font-family: arial, HelveticaNeue, 'Helvetica Neue', Helvetica-Neue, Helvetica, sans-serif; vertical-align: baseline; text-align: justify; color: #9c9c9c;">&nbsp;</p>\r\n<p style="box-sizing: border-box; margin: 0.85em 0px; padding: 0px; border: 0px #e1e1e1; font-variant-numeric: inherit; font-variant-east-asian: inherit; font-stretch: inherit; font-size: 13px; line-height: inherit; font-family: arial, HelveticaNeue, 'Helvetica Neue', Helvetica-Neue, Helvetica, sans-serif; vertical-align: baseline; text-align: justify; color: #9c9c9c;">    </p>\r\n<p style="box-sizing: border-box; margin: 0.85em 0px; padding: 0px; border: 0px #e1e1e1; font-variant-numeric: inherit; font-variant-east-asian: inherit; font-stretch: inherit; font-size: 13px; line-height: inherit; font-family: arial, HelveticaNeue, 'Helvetica Neue', Helvetica-Neue, Helvetica, sans-serif; vertical-align: baseline; text-align: justify; color: #9c9c9c;"><img title="1.jpg" src="../../../../images/documents/blobid1604685776530.jpg" alt="         " width="700" height="490" /></p>\r\n<p style="box-sizing: border-box; margin: 0.85em 0px; padding: 0px; border: 0px #e1e1e1; font-variant-numeric: inherit; font-variant-east-asian: inherit; font-stretch: inherit; font-size: 13px; line-height: inherit; font-family: arial, HelveticaNeue, 'Helvetica Neue', Helvetica-Neue, Helvetica, sans-serif; vertical-align: baseline; text-align: justify; color: #9c9c9c;"><img title="3-1399x1500.jpg" src="../../../../images/documents/blobid1604685818006.jpg" alt="        " width="700" height="751" /></p>\r\n<p style="box-sizing: border-box; margin: 0.85em 0px; padding: 0px; border: 0px #e1e1e1; font-variant-numeric: inherit; font-variant-east-asian: inherit; font-stretch: inherit; font-size: 13px; line-height: inherit; font-family: arial, HelveticaNeue, 'Helvetica Neue', Helvetica-Neue, Helvetica, sans-serif; vertical-align: baseline; text-align: justify; color: #9c9c9c;">&nbsp;</p>\r\n<p style="box-sizing: border-box; margin: 0.85em 0px; padding: 0px; border: 0px #e1e1e1; font-variant-numeric: inherit; font-variant-east-asian: inherit; font-stretch: inherit; font-size: 13px; line-height: inherit; font-family: arial, HelveticaNeue, 'Helvetica Neue', Helvetica-Neue, Helvetica, sans-serif; vertical-align: baseline; text-align: justify; color: #9c9c9c;"><img title="2-1500x805.jpg" src="../../../../images/documents/blobid1604685952530.jpg" alt="      " width="700" height="376" /></p>\r\n<p style="box-sizing: border-box; margin: 0.85em 0px; padding: 0px; border: 0px #e1e1e1; font-variant-numeric: inherit; font-variant-east-asian: inherit; font-stretch: inherit; font-size: 13px; line-height: inherit; font-family: arial, HelveticaNeue, 'Helvetica Neue', Helvetica-Neue, Helvetica, sans-serif; vertical-align: baseline; text-align: justify; color: #9c9c9c;"><img title="4 (1).jpg" src="../../../../images/documents/blobid1604685990590.jpg" alt="       " width="700" height="700" /></p>\r\n<p style="box-sizing: border-box; margin: 0.85em 0px; padding: 0px; border: 0px #e1e1e1; font-variant-numeric: inherit; font-variant-east-asian: inherit; font-stretch: inherit; font-size: 13px; line-height: inherit; font-family: arial, HelveticaNeue, 'Helvetica Neue', Helvetica-Neue, Helvetica, sans-serif; vertical-align: baseline; text-align: justify; color: #9c9c9c;"><img title="5-1196x1500.jpg" src="../../../../images/documents/blobid1604686054084.jpg" alt="        " width="700" height="878" /></p>	1	2	\N	\N		\N	\N		\N	2020-11-06 21:53:20.319331+03:30	1	             	f	23
69	,,  , 				--------n	\N	\N	\N	--.jpg	     	--------n	1	<h3 class="fs18 mt30 mb10 color">      N</h3>\r\n<table>\r\n<tbody>\r\n<tr>\r\n<td class="tdwdt"></td>\r\n<td class="tdwdt1">25   500 </td>\r\n</tr>\r\n<tr>\r\n<td class="tdwdt"> </td>\r\n<td class="tdwdt1">  </td>\r\n</tr>\r\n<tr>\r\n<td class="tdwdt"></td>\r\n<td class="tdwdt1">220 </td>\r\n</tr>\r\n</tbody>\r\n</table>\r\n<p><img title="-----.jpg" src="../../../../images/documents/blobid1604732271837.jpg" alt="            " width="800" height="304" /></p>\r\n<h2>     N</h2>\r\n<p><strong>    N      :</strong></p>\r\n<p><strong>  :&nbsp;</strong>   3       .</p>\r\n<p><strong>  :</strong>                 .</p>\r\n<p><strong>  :</strong>             304    .           .</p>\r\n<p>&nbsp;</p>\r\n<p>                                .</p>\r\n<p>      &nbsp;      &nbsp;                        .</p>\r\n<p>                  .</p>\r\n<p>&nbsp;</p>\r\n<p>            .</p>	1	2	\N	\N	  	\N	\N		\N	2020-11-07 10:30:57.309637+03:30	1	                ..	f	23
70	   ..,   pvc,   pvc,     				----pvc--5030	\N	\N	\N	----pvc.jpg	    	----pvc--5030	1	<p><strong>        PVC  5030 :&nbsp; 16    800  </strong></p>\r\n<p><img title="----pvc.jpg" src="../../../../images/documents/blobid1604733219474.jpg" alt="        " width="800" height="269" /></p>\r\n<h2>     PVC  5030</h2>\r\n<p><strong>1-   :</strong></p>\r\n<p>                         .             .          40-50           .</p>\r\n<p>&nbsp;</p>\r\n<p><strong>2-   :</strong></p>\r\n<p>    PVC  5030                 .</p>\r\n<p>                    .</p>\r\n<p>                  PVC              .</p>\r\n<p>                .</p>\r\n<p>&nbsp;</p>\r\n<p><strong>3-  :</strong></p>\r\n<p>           PVC                 .</p>\r\n<p>&nbsp;</p>\r\n<p><strong>4-  :</strong></p>\r\n<p>                       .</p>\r\n<p>                       .</p>\r\n<p>&nbsp;</p>\r\n<p><strong>5-   ( ):</strong></p>\r\n<p>                .</p>\r\n<p>&nbsp;</p>\r\n<p><strong>6-&nbsp;   :</strong></p>\r\n<p>                  .</p>\r\n<p>&nbsp;</p>\r\n<p><strong>7-  :</strong></p>\r\n<p>        </p>\r\n<h2>     :</h2>\r\n<p>    +     &larr;  &larr;&nbsp;     &larr;     &larr;   &larr;    &larr;    &larr;    &larr;  &larr;  .</p>\r\n<p><img title="----.jpg" src="../../../../images/documents/blobid1604733254256.jpg" alt="       " width="800" height="415" /></p>\r\n<h2>     PVC</h2>\r\n<div class="table-1">\r\n<table style="width: 57.9255%; height: 111px;" width="100%">\r\n<thead>\r\n<tr style="height: 22px;">\r\n<td style="width: 21.6484%; height: 22px;" width="88"><strong> (mm)</strong></td>\r\n<td style="width: 18.3102%; height: 22px;" width="73"><strong>&Phi;</strong><strong>50-160</strong></td>\r\n<td style="width: 17.8646%; height: 22px;" width="71"><strong>&Phi;</strong><strong>63-200</strong></td>\r\n<td style="width: 17.8646%; height: 22px;" width="71"><strong>&Phi;</strong><strong>160-315</strong></td>\r\n<td style="width: 19.1989%; height: 22px;" width="77"><strong>&Phi;</strong><strong>315-630</strong></td>\r\n</tr>\r\n<tr style="height: 22px;">\r\n<td style="width: 21.6484%; height: 22px;" width="88"> </td>\r\n<td style="width: 18.3102%; height: 22px;" width="73">SJZ65/132</td>\r\n<td style="width: 17.8646%; height: 22px;" width="71">SJZ65/132</td>\r\n<td style="width: 17.8646%; height: 22px;" width="71">SJZ80/156</td>\r\n<td style="width: 19.1989%; height: 22px;" width="77">SJZ92/188</td>\r\n</tr>\r\n<tr style="height: 23px;">\r\n<td style="width: 21.6484%; height: 23px;" width="88"></td>\r\n<td style="width: 18.3102%; height: 23px;" width="73">AC 37Kw</td>\r\n<td style="width: 17.8646%; height: 23px;" width="71">AC 37Kw</td>\r\n<td style="width: 17.8646%; height: 23px;" width="71">AC 55Kw</td>\r\n<td style="width: 19.1989%; height: 23px;" width="77">DC 110Kw</td>\r\n</tr>\r\n<tr style="height: 22px;">\r\n<td style="width: 21.6484%; height: 22px;" width="88"> (Kg/h)</td>\r\n<td style="width: 18.3102%; height: 22px;" width="73">180-250</td>\r\n<td style="width: 17.8646%; height: 22px;" width="71">180-250</td>\r\n<td style="width: 17.8646%; height: 22px;" width="71">300-400</td>\r\n<td style="width: 19.1989%; height: 22px;" width="77">400-800</td>\r\n</tr>\r\n<tr style="height: 22px;">\r\n<td style="width: 21.6484%; height: 22px;" width="88"> &nbsp; (m)</td>\r\n<td style="width: 18.3102%; height: 22px;" width="73">21</td>\r\n<td style="width: 17.8646%; height: 22px;" width="71">22</td>\r\n<td style="width: 17.8646%; height: 22px;" width="71">28</td>\r\n<td style="width: 19.1989%; height: 22px;" width="77">35</td>\r\n</tr>\r\n</thead>\r\n</table>\r\n</div>\r\n<p>&nbsp;</p>\r\n<p><img title="----PVC.jpg" src="../../../../images/documents/blobid1604733325167.jpg" alt="         " width="800" height="800" /></p>\r\n<p>&nbsp;</p>	1	2	\N	\N	  	\N	\N		\N	2020-11-07 10:48:42.459994+03:30	1	   pvc            ...	f	23
71	  ,  ,   ,    				---	\N	\N	\N	--.jpg	     	---	1	<p><strong>   <img title="---1.jpg" src="../../../../images/documents/blobid1604733658112.jpg" alt="        " width="500" height="500" /></strong></p>\r\n<p> </p>\r\n<p><br />: 1 <br /> (W):  0.1-8kw<br />: <br />: 380V-3N / 50Hz<br />  :         <br />:   <br /> : 10A<br /> :&nbsp; 0m / min &ndash; 2m / min  <br />    : 10 </p>\r\n<p><img title="----600x375.jpg" src="../../../../images/documents/blobid1604734139550.jpg" alt="     " width="600" height="375" /></p>\r\n<h6> </h6>\r\n<p>              &nbsp;    .</p>\r\n<p>&gt;   <br />&gt;   <br />&gt;     <br />&gt;   <br />&gt;      <br />&gt; </p>\r\n<p>                    .</p>\r\n<p>                     .</p>\r\n<p>                       .</p>\r\n<p>              .              .</p>\r\n<p>                 .</p>\r\n<p>&nbsp;<img title="-----600x329.jpg" src="../../../../images/documents/blobid1604734171422.jpg" alt="     " width="600" height="329" /></p>\r\n<p>   </p>\r\n<p>                     .</p>\r\n<p>&nbsp;</p>\r\n<h5>  </h5>\r\n<p>        .<br />                   .</p>\r\n<p>   :<br />1          (80 ~ 20 )           .<br />2                .<br />3                 .<br />4                    </p>	1	2	\N	\N	  	\N	\N		\N	2020-11-07 11:03:09.620117+03:30	1	                	f	23
72	\N	\N	\N	\N	   Bespack	\N	\N	\N	--.jpg	    Bespack	---bespack	1	<h3 dir="rtl"><strong>     </strong></h3>\r\n\r\n<p dir="rtl">   Bespack                       .</p>\r\n\r\n<p dir="rtl"><img alt="  " src="/images/uploads/2020/11/07/-.jpg" style="height:578px; width:999px" /></p>\r\n\r\n<h2 dir="rtl"><strong>         Bespack</strong></h2>\r\n\r\n<p dir="rtl">           .                      .</p>\r\n\r\n<p dir="rtl">              .</p>\r\n\r\n<p dir="rtl">                               .</p>\r\n\r\n<p dir="rtl">          .</p>\r\n\r\n<p dir="rtl">                    .</p>\r\n\r\n<p dir="rtl"><img alt="  " src="/images/uploads/2020/11/07/-009.jpg" style="height:287px; width:1189px" /></p>\r\n\r\n<h3 dir="rtl"><strong>    Bespack</strong></h3>\r\n\r\n<p dir="rtl">                          .</p>\r\n\r\n<p dir="rtl"><img alt=" " src="/images/uploads/2020/11/07/0002-1.jpg" style="height:692px; width:1000px" /></p>\r\n\r\n<h3 dir="rtl"><strong></strong></h3>\r\n\r\n<p dir="rtl">   Bespack                   .        .             .</p>\r\n\r\n<p dir="rtl">                             .</p>\r\n\r\n<h3 dir="rtl"><strong>  </strong></h3>\r\n\r\n<p dir="rtl">             .          .</p>\r\n\r\n<p dir="rtl">                       .</p>\r\n\r\n<p><img alt="  " src="/images/uploads/2020/11/07/-_wb46Twg.jpg" style="height:800px; width:1200px" /></p>	\N	\N	\N	\N	\N	\N	\N	\N		2020-11-07 21:07:56.234064+03:30	1	     \r\n   Bespack                       .	t	1
73	\N	\N	\N	\N	    	\N	\N	\N	----Copy.jpg	     	----	1	<h2 dir="rtl"></h2>\r\n\r\n<p dir="rtl">    &nbsp;        .              .           .</p>\r\n\r\n<p dir="rtl">          .</p>\r\n\r\n<p dir="rtl">                                 .           .</p>\r\n\r\n<p dir="rtl">                 .</p>\r\n\r\n<p dir="rtl">&nbsp;</p>\r\n\r\n<h2 dir="rtl"><strong>     </strong></h2>\r\n\r\n<p dir="rtl">            .</p>\r\n\r\n<p dir="rtl">                 .</p>\r\n\r\n<p dir="rtl">          .</p>\r\n\r\n<p dir="rtl">       </p>\r\n\r\n<p dir="rtl">         </p>\r\n\r\n<p dir="rtl">                .</p>\r\n\r\n<p dir="rtl">                .</p>\r\n\r\n<p dir="rtl">               .</p>\r\n\r\n<p dir="rtl"><img alt="    " src="/images/uploads/2020/11/07/-1.jpg" style="height:372px; width:1024px" /></p>\r\n\r\n<h2 dir="rtl"><strong> </strong></h2>\r\n\r\n<p dir="rtl">  :&nbsp;&nbsp;&nbsp;&nbsp;&nbsp;&nbsp;&nbsp;&nbsp;&nbsp;&nbsp;&nbsp;&nbsp;&nbsp; 500*350  500*700  </p>\r\n\r\n<p dir="rtl">   :&nbsp; &nbsp; 200  </p>\r\n\r\n<p dir="rtl">   :&nbsp;&nbsp;&nbsp;&nbsp;&nbsp;&nbsp;&nbsp; &nbsp; &nbsp; 390  550  </p>\r\n\r\n<p dir="rtl">   :&nbsp;&nbsp;&nbsp;&nbsp;&nbsp; &nbsp; &nbsp;&nbsp; PVC &ndash; SURLYN e PE</p>\r\n\r\n<p dir="rtl">  :&nbsp;&nbsp;&nbsp;&nbsp;&nbsp;&nbsp;&nbsp;&nbsp;&nbsp;&nbsp;&nbsp;&nbsp;&nbsp;&nbsp; &nbsp; &nbsp; 3  4 </p>\r\n\r\n<p dir="rtl">  :&nbsp;&nbsp;&nbsp;&nbsp;&nbsp;&nbsp;&nbsp;&nbsp;&nbsp;&nbsp;&nbsp; &nbsp; &nbsp;&nbsp; &nbsp; 380   </p>\r\n\r\n<p dir="rtl">   :&nbsp;&nbsp;&nbsp;&nbsp;&nbsp;&nbsp; &nbsp; &nbsp; &nbsp; 4  6 </p>\r\n\r\n<p dir="rtl">  :&nbsp;&nbsp;&nbsp;&nbsp;&nbsp;&nbsp;&nbsp;&nbsp;&nbsp;&nbsp; &nbsp;&nbsp; &nbsp;&nbsp; &nbsp; 1700 *1200 *1500  </p>\r\n\r\n<p dir="rtl">  :&nbsp;&nbsp;&nbsp;&nbsp;&nbsp;&nbsp;&nbsp;&nbsp;&nbsp;&nbsp;&nbsp; &nbsp; &nbsp;&nbsp; &nbsp;&nbsp; 185  245  </p>	\N	\N	\N	\N	\N	\N	\N	\N		2020-11-07 21:11:25.580057+03:30	1	             .              .           .	t	1
74	\N	\N	\N	\N	    MSP	\N	\N	\N	---.png	     MSP	----msp	1	<h3 dir="rtl">           .</h3>\r\n\r\n<p dir="rtl">    MSP                               .</p>\r\n\r\n<p dir="rtl">               .</p>\r\n\r\n<p dir="rtl">    30 * 46    46 * 61                  .</p>\r\n\r\n<p dir="rtl"><img alt="   " src="/images/uploads/2020/11/07/-_Q4qjDGX.jpg" style="height:546px; width:810px" /></p>\r\n\r\n<h3 dir="rtl">      MSP</h3>\r\n\r\n<p dir="rtl">   : 46 * 61  </p>\r\n\r\n<p dir="rtl">  :&nbsp;&nbsp; </p>\r\n\r\n<p dir="rtl">    : 30  60 </p>\r\n\r\n<p dir="rtl">   : 20  </p>\r\n\r\n<p dir="rtl">   :&nbsp; 08-230 Volts / 1 PH / 25 Amps</p>	\N	\N	\N	\N	\N	\N	\N	\N		2020-11-07 21:14:40.794269+03:30	1	    MSP                               .	t	1
75	\N	\N	\N	\N	     VSP	\N	\N	\N	--_1.jpg	      VSP	-----vsp	1	<h2 dir="rtl"></h2>\r\n\r\n<h2 dir="rtl"><strong>     :</strong></h2>\r\n\r\n<p dir="rtl">1)      VSP                  .</p>\r\n\r\n<p dir="rtl">2)                .</p>\r\n\r\n<p dir="rtl">3)     .</p>\r\n\r\n<p dir="rtl">4)        :     ..</p>\r\n\r\n<p dir="rtl"><img alt="    " src="/images/uploads/2020/11/07/-_btFFQnq.jpg" style="height:393px; width:700px" /></p>\r\n\r\n<h3 dir="rtl"><strong>       VSP</strong></h3>\r\n\r\n<table dir="rtl" style="width:568px">\r\n\t<tbody>\r\n\t\t<tr>\r\n\t\t\t<td style="vertical-align:top"></td>\r\n\t\t\t<td style="vertical-align:top"></td>\r\n\t\t\t<td style="vertical-align:top"></td>\r\n\t\t</tr>\r\n\t\t<tr>\r\n\t\t\t<td style="vertical-align:top">1</td>\r\n\t\t\t<td style="vertical-align:top"> </td>\r\n\t\t\t<td style="vertical-align:top">830&times;750&times;1050  </td>\r\n\t\t</tr>\r\n\t\t<tr>\r\n\t\t\t<td style="vertical-align:top">2</td>\r\n\t\t\t<td style="vertical-align:top">  </td>\r\n\t\t\t<td style="vertical-align:top">710&times;500&times;90  </td>\r\n\t\t</tr>\r\n\t\t<tr>\r\n\t\t\t<td style="vertical-align:top">3</td>\r\n\t\t\t<td style="vertical-align:top"> </td>\r\n\t\t\t<td style="vertical-align:top">380V/220V</td>\r\n\t\t</tr>\r\n\t\t<tr>\r\n\t\t\t<td style="vertical-align:top">4</td>\r\n\t\t\t<td style="vertical-align:top"> </td>\r\n\t\t\t<td style="vertical-align:top">760  </td>\r\n\t\t</tr>\r\n\t\t<tr>\r\n\t\t\t<td style="vertical-align:top">5</td>\r\n\t\t\t<td style="vertical-align:top"> </td>\r\n\t\t\t<td style="vertical-align:top">270 </td>\r\n\t\t</tr>\r\n\t\t<tr>\r\n\t\t\t<td style="vertical-align:top">6</td>\r\n\t\t\t<td style="vertical-align:top"> </td>\r\n\t\t\t<td style="vertical-align:top">304   </td>\r\n\t\t</tr>\r\n\t\t<tr>\r\n\t\t\t<td style="vertical-align:top">7</td>\r\n\t\t\t<td style="vertical-align:top"></td>\r\n\t\t\t<td style="vertical-align:top">300&mdash;400   </td>\r\n\t\t</tr>\r\n\t</tbody>\r\n</table>\r\n\r\n<p>&nbsp;</p>\r\n\r\n<p dir="rtl"><img alt="   " src="/images/uploads/2020/11/07/-_k75wFCN.jpg" style="float:right; height:437px; width:660px" /></p>\r\n\r\n<p dir="rtl" style="text-align:left">&nbsp;</p>	\N	\N	\N	\N	\N	\N	\N	\N		2020-11-07 21:26:09.400193+03:30	1	     VSP                  .	t	1
76	\N	\N	\N	\N	      IDP54T	\N	\N	\N	---009_1.jpg	       IDP54T	------idp54t	1	<h2 dir="rtl">    </h2>\r\n\r\n<p dir="rtl">&nbsp;</p>\r\n\r\n<table border="1" cellpadding="0" cellspacing="0" dir="rtl" style="width:755px">\r\n\t<tbody>\r\n\t\t<tr>\r\n\t\t\t<td style="vertical-align:top"></td>\r\n\t\t\t<td style="vertical-align:top">   IDP54T</td>\r\n\t\t</tr>\r\n\t\t<tr>\r\n\t\t\t<td style="vertical-align:top"> </td>\r\n\t\t\t<td style="vertical-align:top">W39*L54*H14CM</td>\r\n\t\t</tr>\r\n\t\t<tr>\r\n\t\t\t<td style="vertical-align:top"> </td>\r\n\t\t\t<td style="vertical-align:top">450-460  </td>\r\n\t\t</tr>\r\n\t\t<tr>\r\n\t\t\t<td style="vertical-align:top">  </td>\r\n\t\t\t<td style="vertical-align:top">180  </td>\r\n\t\t</tr>\r\n\t\t<tr>\r\n\t\t\t<td style="vertical-align:top">  </td>\r\n\t\t\t<td style="vertical-align:top">6Kw</td>\r\n\t\t</tr>\r\n\t\t<tr>\r\n\t\t\t<td style="vertical-align:top"> </td>\r\n\t\t\t<td style="vertical-align:top">\r\n\t\t\t<p>1p</p>\r\n\t\t\t</td>\r\n\t\t</tr>\r\n\t\t<tr>\r\n\t\t\t<td style="vertical-align:top">  </td>\r\n\t\t\t<td style="vertical-align:top">1  2   </td>\r\n\t\t</tr>\r\n\t\t<tr>\r\n\t\t\t<td style="vertical-align:top">  </td>\r\n\t\t\t<td style="vertical-align:top">110/220/380V 50-60 Hz</td>\r\n\t\t</tr>\r\n\t\t<tr>\r\n\t\t\t<td style="vertical-align:top"> </td>\r\n\t\t\t<td style="vertical-align:top">200kg</td>\r\n\t\t</tr>\r\n\t\t<tr>\r\n\t\t\t<td style="vertical-align:top">&nbsp;</td>\r\n\t\t</tr>\r\n\t</tbody>\r\n</table>\r\n\r\n<p>&nbsp;</p>\r\n\r\n<p dir="rtl"><img alt="    " src="/images/uploads/2020/11/07/-.jpeg" style="height:402px; width:700px" /></p>\r\n\r\n<h2 dir="rtl">  </h2>\r\n\r\n<p dir="rtl">1-                   </p>\r\n\r\n<p dir="rtl">2-             </p>\r\n\r\n<p dir="rtl">3-   :        </p>\r\n\r\n<p dir="rtl">4-                </p>\r\n\r\n<p dir="rtl">5-            .</p>\r\n\r\n<p dir="rtl">6-               .</p>\r\n\r\n<p dir="rtl">7-    :&nbsp;44x59cm, 54x79cm, 40x70cm</p>\r\n\r\n<p dir="rtl">8-     .</p>	\N	\N	\N	\N	\N	\N	\N	\N		2020-11-07 21:29:22.943711+03:30	1	                  	t	1
\.


--
-- Data for Name: products_product_category; Type: TABLE DATA; Schema: public; Owner: jeremih
--

COPY public.products_product_category (id, product_id, category_id) FROM stdin;
1	1	4
2	2	4
3	3	4
4	4	4
5	5	5
6	6	5
7	7	5
8	8	5
9	9	5
10	10	5
11	11	5
12	12	5
13	13	5
14	14	5
16	16	5
17	17	2
18	18	7
19	19	7
20	20	7
21	21	7
22	22	7
23	23	7
24	24	7
25	25	7
26	26	7
27	27	7
28	28	7
29	29	8
30	30	8
31	31	8
32	32	8
33	36	8
34	40	7
35	41	10
36	42	10
37	43	10
38	44	11
39	45	12
40	46	14
41	47	15
42	48	16
43	49	17
44	50	18
45	51	19
46	52	21
47	53	22
48	54	23
49	55	24
50	56	25
51	57	26
52	58	27
53	59	28
54	60	29
55	61	30
56	62	31
57	63	32
58	64	33
59	65	33
60	66	34
61	67	35
62	68	36
63	69	38
64	70	39
65	71	40
66	72	6
67	73	6
68	74	6
69	75	6
70	76	6
\.


--
-- Data for Name: products_product_label_try; Type: TABLE DATA; Schema: public; Owner: jeremih
--

COPY public.products_product_label_try (id, product_id, label_id) FROM stdin;
\.


--
-- Data for Name: products_productcomment; Type: TABLE DATA; Schema: public; Owner: jeremih
--

COPY public.products_productcomment (id, is_confirmed, content, username, object_id, content_type_id, user_id) FROM stdin;
\.


--
-- Data for Name: products_productdetail; Type: TABLE DATA; Schema: public; Owner: jeremih
--

COPY public.products_productdetail (id, value, attachment, selectable, yes_or_no, variation_id) FROM stdin;
1	     		f	f	24
2			f	f	22
3	500W		f	f	19
4	 SUS304		f	f	16
5	16-12   		f	f	24
6	350Kg		f	f	17
7			f	f	22
8	2520  		f	f	17
9	4.5KW		f	f	19
11	      		f	f	24
10	380V,50HZ( )		f	f	18
12	2KW		f	f	19
13	~400Kg		f	f	17
14	  +  /  440   50 		f	f	18
15	     		f	f	24
16	 		f	f	20
17			f	f	4
18			f	f	5
19	80		f	f	6
20	1200*650*1100  		f	f	7
21	220		f	f	8
22	220 		f	f	9
23	20		f	f	10
24	100		f	f	11
25	50		f	f	12
26	30  		f	f	13
27			f	f	14
28	10   		f	f	15
29	 Kg		f	f	17
30	220V		f	f	31
31	  1		f	f	36
32	1400*800*2200 (L*W*H)		f	f	29
33	 		f	f	32
34	     		f	f	27
102	 7 		f	f	48
35	   (mm 30-100)		f	f	34
36	Kg		f	f	28
37	1900*1200*2500 (L*H*B)		f	f	29
38	220 V  		f	f	30
39	240 bottle/min		f	f	35
40	Paper/PP/PE/Film		f	f	33
41	      		f	f	34
42	2000*1050*1600 		f	f	29
43	V		f	f	30
44	     		f	f	35
45	0.5-1 mm		f	f	36
46	    		f	f	27
47	:300-20              :130-10 		f	f	33
48	   		f	f	29
49	16  48        		f	f	28
50	  80     100 		f	f	35
51	1500*1000*1200  		f	f	29
52	 		f	f	27
53	220 or 110 V		f	f	30
54	(L)1500 x (W)570 x (H)1850 mm		f	f	29
55	 1x110V/ 1x220V/ 3x220V/ 3x380V		f	f	30
103	 250   		f	f	49
56	   304    		f	f	27
57	8000~24000 BPH		f	f	1
58			f	f	32
59	size: 25x152~219x4200		f	f	33
60	max. 300 ppm		f	f	35
61	     		f	f	27
62	  		f	f	27
63	W		f	f	30
64	0.5 mm		f	f	36
65	2880*1700*1850 (L*W*H)		f	f	29
66	35-350 BPM		f	f	35
67	100- 240  VAC		f	f	30
68	0  180   		f	f	35
69	 		f	f	28
70	 920*470*500    		f	f	29
71	220(50 )		f	f	30
72	  		f	f	34
73	 0.5  		f	f	36
74	20-15		f	f	35
75	  		f	f	37
76	- Kg		f	f	38
77	1.6-1.9 KW		f	f	41
78	1hp, 220 V,50/60 HZ		f	f	40
79	10-40/20-70 bottles/min		f	f	45
80	 Kg ()-  Kg ()		f	f	38
81	  415   220 		f	f	40
82	 hp		f	f	41
83	 		f	f	42
84	:    		f	f	45
85	995*710*1350  		f	f	39
86	  		f	f	37
87	23 		f	f	38
88	52*30*53  		f	f	39
89	220 V(60/50 )		f	f	40
90	50 		f	f	41
91	20-40 Bottles/min		f	f	45
92	     GMP		f	f	37
93	650 		f	f	38
94	2350*1150*1950  		f	f	39
95	220V  		f	f	40
96	1 hp		f	f	41
97	500 		f	f	46
98	       		f	f	47
99	5		f	f	48
100	  80     		f	f	49
101	    2000 		f	f	46
104	50 		f	f	46
105	1  2  		f	f	48
106	100  		f	f	50
107	5		f	f	51
108			f	f	52
109	  		f	f	53
110			f	f	54
111	     500 		f	f	55
112	   		f	f	56
113	 7 		f	f	57
114	   		f	f	58
115	200 		f	f	61
116	7 		f	f	62
117	 550   		f	f	63
118	 		f	f	64
119	100 		f	f	65
120	3		f	f	66
121	  		f	f	67
122	     		f	f	68
123	200   		f	f	69
124	5		f	f	70
125	     		f	f	71
126	   		f	f	72
127	200 		f	f	73
128	7 		f	f	74
129	 		f	f	75
130	  		f	f	76
131	    100 		f	f	77
132	3		f	f	78
133	   		f	f	79
134	      		f	f	80
135	100   		f	f	81
136	  5 		f	f	82
137	 250   		f	f	83
138	 		f	f	84
139	   		f	f	86
140	   		f	f	87
141	60   1000   		f	f	88
142	    		f	f	89
143	      		f	f	90
144	  1000 		f	f	91
145	20 		f	f	92
146	 50   		f	f	93
147	200 		f	f	95
148	5		f	f	96
149	9000   		f	f	97
150	      		f	f	98
151	500  1000 		f	f	99
152	100  1000    		f	f	100
153	2  15 		f	f	101
154	 20     800   		f	f	102
155	          ..		f	f	103
156	100   1000 		f	f	104
157	3  15 		f	f	105
158	 6000   		f	f	106
159	         		f	f	107
160	300 		f	f	108
161	4 		f	f	109
162	50   		f	f	110
163	       		f	f	111
164	100   500 		f	f	112
165	3   12 		f	f	113
166	 150   		f	f	115
167	500  1000 		f	f	116
168	5  25 		f	f	117
169			f	f	118
170	   		f	f	119
171	    2000 		f	f	120
172	15		f	f	121
173	 200   		f	f	122
174	     		f	f	123
175	100 		f	f	124
176	2  15 		f	f	125
177	100   1   		f	f	126
178	      		f	f	127
179	 2000 		f	f	128
180	7 		f	f	129
181	 200   		f	f	130
182	 10000   		f	f	132
183	    15 		f	f	133
184	  1000   		f	f	134
185	   		f	f	136
186	 5 		f	f	137
187	   		f	f	138
188	        		f	f	139
189	  		f	f	140
190	4 		f	f	141
191	 10   		f	f	142
192	  		f	f	143
193	   50   		f	f	144
194	    2   		f	f	145
195	    		f	f	146
196	       		f	f	147
197	10		f	f	152
198	1 3    		f	f	153
199	    500 		f	f	154
200	 		f	f	155
201	200 		f	f	156
202	7  		f	f	157
203	 1000   		f	f	158
204	     		f	f	159
205	   		f	f	160
206			f	f	161
207	   		f	f	162
208	   		f	f	163
\.


--
-- Data for Name: products_productdetail_products; Type: TABLE DATA; Schema: public; Owner: jeremih
--

COPY public.products_productdetail_products (id, productdetail_id, product_id) FROM stdin;
1	1	10
2	2	10
3	3	10
4	4	11
5	5	11
6	6	11
7	7	11
8	8	12
9	9	12
10	10	12
11	11	12
12	12	13
13	13	13
14	14	13
15	15	13
16	16	14
29	17	17
30	18	17
31	19	17
32	20	17
33	21	17
34	22	17
35	23	17
36	24	17
37	25	17
38	26	17
39	27	17
40	28	17
41	29	18
42	30	18
43	31	18
44	32	18
45	33	18
46	34	18
47	35	18
48	36	19
49	37	19
50	38	19
51	39	19
52	40	19
53	41	19
54	42	20
55	43	20
56	44	20
57	45	20
58	46	20
59	47	20
60	48	21
61	49	21
62	50	21
63	51	22
64	52	22
65	53	22
66	54	23
67	55	23
68	56	23
69	57	23
70	58	23
71	59	23
72	60	25
73	61	25
74	62	26
75	63	26
76	64	26
77	65	26
78	66	26
79	67	27
80	68	27
81	69	28
82	70	28
83	71	28
84	72	28
85	73	28
86	74	28
87	75	29
88	76	29
89	77	29
90	78	29
91	79	29
92	80	30
93	81	30
94	82	30
95	83	30
96	84	30
97	85	30
98	86	31
99	87	31
100	88	31
101	89	31
102	90	31
103	91	31
104	92	32
105	93	32
106	94	32
107	95	32
108	96	32
109	97	41
110	98	41
111	99	41
112	100	41
113	101	42
114	98	42
115	102	42
116	103	42
117	104	43
118	98	43
119	105	43
120	106	44
121	107	44
122	108	44
123	109	44
124	110	44
125	111	45
126	112	45
127	113	45
128	114	45
129	115	46
130	116	46
131	117	46
132	118	46
133	119	47
134	120	47
135	121	47
136	122	47
137	123	48
138	124	48
139	125	48
140	126	48
141	127	49
142	128	49
143	129	49
144	130	49
145	131	50
146	132	50
147	133	50
148	134	50
149	135	51
150	136	51
151	137	51
152	138	51
153	139	52
154	140	52
155	141	52
156	142	52
157	143	52
158	144	53
159	145	53
160	146	53
161	147	54
162	148	54
163	149	54
164	150	54
165	151	55
166	152	56
167	153	56
168	154	56
169	155	56
170	156	57
171	157	57
172	158	57
173	159	57
174	160	58
175	161	58
176	162	58
177	163	58
178	164	59
179	165	59
180	166	59
181	167	60
182	168	60
183	169	60
184	170	60
185	171	61
186	172	61
187	173	61
188	174	61
189	175	62
190	176	62
191	177	62
192	178	62
193	179	63
194	180	63
195	181	63
196	182	64
197	183	64
198	184	64
199	182	65
200	183	65
201	184	65
202	185	66
203	186	66
204	187	66
205	188	66
206	189	67
207	190	67
208	191	67
209	192	67
210	193	68
211	194	68
212	195	68
213	196	68
214	197	69
215	198	69
216	199	69
217	200	69
218	201	70
219	202	70
220	203	70
221	204	70
222	205	71
223	206	71
224	207	71
225	208	71
\.


--
-- Data for Name: products_productvariation; Type: TABLE DATA; Schema: public; Owner: jeremih
--

COPY public.products_productvariation (id, value, attachment, variation_id) FROM stdin;
\.


--
-- Data for Name: products_rating; Type: TABLE DATA; Schema: public; Owner: jeremih
--

COPY public.products_rating (id, stars, object_id, content_type_id, user_id) FROM stdin;
\.


--
-- Data for Name: products_sliderimage; Type: TABLE DATA; Schema: public; Owner: jeremih
--

COPY public.products_sliderimage (id, image, image_alt, object_id, content_type_id) FROM stdin;
1	-----.-705x705.jpg	     	1	29
2	-2.jpg	    	1	29
3	-------600x392.jpg	     	4	29
4	-------600x399.jpg	     	4	29
5	---.02jpg.jpg	     	6	29
\.


--
-- Data for Name: products_variation; Type: TABLE DATA; Schema: public; Owner: jeremih
--

COPY public.products_variation (id, name, product_id) FROM stdin;
\.


--
-- Data for Name: socialaccount_socialaccount; Type: TABLE DATA; Schema: public; Owner: jeremih
--

COPY public.socialaccount_socialaccount (id, provider, uid, last_login, date_joined, extra_data, user_id) FROM stdin;
\.


--
-- Data for Name: socialaccount_socialapp; Type: TABLE DATA; Schema: public; Owner: jeremih
--

COPY public.socialaccount_socialapp (id, provider, name, client_id, secret, key) FROM stdin;
\.


--
-- Data for Name: socialaccount_socialapp_sites; Type: TABLE DATA; Schema: public; Owner: jeremih
--

COPY public.socialaccount_socialapp_sites (id, socialapp_id, site_id) FROM stdin;
\.


--
-- Data for Name: socialaccount_socialtoken; Type: TABLE DATA; Schema: public; Owner: jeremih
--

COPY public.socialaccount_socialtoken (id, token, token_secret, expires_at, account_id, app_id) FROM stdin;
\.


--
-- Data for Name: users_producerprofile; Type: TABLE DATA; Schema: public; Owner: jeremih
--

COPY public.users_producerprofile (profile_ptr_id, department, job_title, postal_code, alternative_phone, fax_number, business_type) FROM stdin;
1	\N	\N	\N	\N	\N	\N
19	\N	\N	\N	\N	\N	\N
23	\N	\N	\N	\N	\N	\N
\.


--
-- Data for Name: users_producerprofile_categoty; Type: TABLE DATA; Schema: public; Owner: jeremih
--

COPY public.users_producerprofile_categoty (id, producerprofile_id, category_id) FROM stdin;
\.


--
-- Data for Name: users_profile; Type: TABLE DATA; Schema: public; Owner: jeremih
--

COPY public.users_profile (id, gender, profile_picture, province, city, company_name, phone_number, company_address, office_address, office_phone_num, introduce_yourself, description, date_created_at, web_site, user_id) FROM stdin;
1	1	defUser.png	 	\N	\N	\N	\N	\N	\N	\N	\N	2020-11-01 15:04:25.024101+03:30	\N	1
19		images/documents/index.png	\N	\N	\N	\N	\N	\N	\N	\N	\N	2020-11-04 10:54:46.521084+03:30	\N	3
23		images/documents/index.png	\N	\N	\N	\N	\N	\N	\N	\N	\N	2020-11-04 10:57:40.776175+03:30	\N	4
\.


--
-- Data for Name: users_tokentfa; Type: TABLE DATA; Schema: public; Owner: jeremih
--

COPY public.users_tokentfa (id, code, gen_time, user_id) FROM stdin;
1		2020-10-31 15:06:31.359765+03:30	1
2	166106	2020-11-04 10:50:30.132561+03:30	2
3		2020-11-04 10:51:39.486194+03:30	3
4		2020-11-04 10:57:06.475852+03:30	4
5	745807	2020-11-04 12:12:43.658216+03:30	5
\.


--
-- Data for Name: users_twofactortoken; Type: TABLE DATA; Schema: public; Owner: jeremih
--

COPY public.users_twofactortoken (id, code, gen_time, user_id) FROM stdin;
\.


--
-- Data for Name: users_user; Type: TABLE DATA; Schema: public; Owner: jeremih
--

COPY public.users_user (id, password, last_login, is_superuser, username, first_name, last_name, email, is_staff, is_active, date_joined, is_producer, role, phone_number) FROM stdin;
2		\N	f	09191185260				f	t	2020-11-04 10:50:30.122601+03:30	f	\N	09191185260
3	1234	\N	t	admin	Jalal	Shajiei	jalal_shajiei@yahoo.com	t	t	2020-11-04 10:50:58+03:30	t	2	\N
5		\N	f	JALAL				f	t	2020-11-04 12:11:32.048106+03:30	f	\N	JALAL
4	pbkdf2_sha256$150000$qQscm48VGkuz$DDKjQH4y3yEUZNzFdWtxrjhtfLJE4gyOxHt++iGorOk=	2020-11-06 03:54:29.669433+03:30	t	jalal			jalal_shajiei@yahoo.com	t	t	2020-11-04 10:57:06+03:30	t	2	\N
1	pbkdf2_sha256$150000$ITdcaEW9ajL5$2pmXnhbDCRV0maL/e1UneimMVZlQTVZdsbuPONyhqz8=	2020-11-07 20:45:57.331063+03:30	t	jer	admin		alirezaalavirazavi@yahoo.com	t	t	2020-10-31 15:06:31+03:30	t	2	\N
\.


--
-- Data for Name: users_user_groups; Type: TABLE DATA; Schema: public; Owner: jeremih
--

COPY public.users_user_groups (id, user_id, group_id) FROM stdin;
\.


--
-- Data for Name: users_user_user_permissions; Type: TABLE DATA; Schema: public; Owner: jeremih
--

COPY public.users_user_user_permissions (id, user_id, permission_id) FROM stdin;
\.


--
-- Name: account_emailaddress_id_seq; Type: SEQUENCE SET; Schema: public; Owner: jeremih
--

SELECT pg_catalog.setval('public.account_emailaddress_id_seq', 1, false);


--
-- Name: account_emailconfirmation_id_seq; Type: SEQUENCE SET; Schema: public; Owner: jeremih
--

SELECT pg_catalog.setval('public.account_emailconfirmation_id_seq', 1, false);


--
-- Name: auth_group_id_seq; Type: SEQUENCE SET; Schema: public; Owner: jeremih
--

SELECT pg_catalog.setval('public.auth_group_id_seq', 1, false);


--
-- Name: auth_group_permissions_id_seq; Type: SEQUENCE SET; Schema: public; Owner: jeremih
--

SELECT pg_catalog.setval('public.auth_group_permissions_id_seq', 1, false);


--
-- Name: auth_permission_id_seq; Type: SEQUENCE SET; Schema: public; Owner: jeremih
--

SELECT pg_catalog.setval('public.auth_permission_id_seq', 204, true);


--
-- Name: blog_comment_id_seq; Type: SEQUENCE SET; Schema: public; Owner: jeremih
--

SELECT pg_catalog.setval('public.blog_comment_id_seq', 1, false);


--
-- Name: blog_post_categories_id_seq; Type: SEQUENCE SET; Schema: public; Owner: jeremih
--

SELECT pg_catalog.setval('public.blog_post_categories_id_seq', 1, false);


--
-- Name: blog_post_id_seq; Type: SEQUENCE SET; Schema: public; Owner: jeremih
--

SELECT pg_catalog.setval('public.blog_post_id_seq', 1, false);


--
-- Name: categories_category_id_seq; Type: SEQUENCE SET; Schema: public; Owner: jeremih
--

SELECT pg_catalog.setval('public.categories_category_id_seq', 40, true);


--
-- Name: categories_categoryvariation_id_seq; Type: SEQUENCE SET; Schema: public; Owner: jeremih
--

SELECT pg_catalog.setval('public.categories_categoryvariation_id_seq', 1, false);


--
-- Name: categories_faqcategory_id_seq; Type: SEQUENCE SET; Schema: public; Owner: jeremih
--

SELECT pg_catalog.setval('public.categories_faqcategory_id_seq', 1, false);


--
-- Name: categories_faqmaincategory_id_seq; Type: SEQUENCE SET; Schema: public; Owner: jeremih
--

SELECT pg_catalog.setval('public.categories_faqmaincategory_id_seq', 1, false);


--
-- Name: categories_maincategory_id_seq; Type: SEQUENCE SET; Schema: public; Owner: jeremih
--

SELECT pg_catalog.setval('public.categories_maincategory_id_seq', 2, true);


--
-- Name: categories_mothercategory_id_seq; Type: SEQUENCE SET; Schema: public; Owner: jeremih
--

SELECT pg_catalog.setval('public.categories_mothercategory_id_seq', 1, true);


--
-- Name: categories_variation_id_seq; Type: SEQUENCE SET; Schema: public; Owner: jeremih
--

SELECT pg_catalog.setval('public.categories_variation_id_seq', 163, true);


--
-- Name: django_admin_log_id_seq; Type: SEQUENCE SET; Schema: public; Owner: jeremih
--

SELECT pg_catalog.setval('public.django_admin_log_id_seq', 188, true);


--
-- Name: django_content_type_id_seq; Type: SEQUENCE SET; Schema: public; Owner: jeremih
--

SELECT pg_catalog.setval('public.django_content_type_id_seq', 51, true);


--
-- Name: django_migrations_id_seq; Type: SEQUENCE SET; Schema: public; Owner: jeremih
--

SELECT pg_catalog.setval('public.django_migrations_id_seq', 37, true);


--
-- Name: django_site_id_seq; Type: SEQUENCE SET; Schema: public; Owner: jeremih
--

SELECT pg_catalog.setval('public.django_site_id_seq', 1, true);


--
-- Name: hitcount_blacklist_ip_id_seq; Type: SEQUENCE SET; Schema: public; Owner: jeremih
--

SELECT pg_catalog.setval('public.hitcount_blacklist_ip_id_seq', 1, false);


--
-- Name: hitcount_blacklist_user_agent_id_seq; Type: SEQUENCE SET; Schema: public; Owner: jeremih
--

SELECT pg_catalog.setval('public.hitcount_blacklist_user_agent_id_seq', 1, false);


--
-- Name: hitcount_hit_count_id_seq; Type: SEQUENCE SET; Schema: public; Owner: jeremih
--

SELECT pg_catalog.setval('public.hitcount_hit_count_id_seq', 39, true);


--
-- Name: hitcount_hit_id_seq; Type: SEQUENCE SET; Schema: public; Owner: jeremih
--

SELECT pg_catalog.setval('public.hitcount_hit_id_seq', 54, true);


--
-- Name: merchandise_address_id_seq; Type: SEQUENCE SET; Schema: public; Owner: jeremih
--

SELECT pg_catalog.setval('public.merchandise_address_id_seq', 1, false);


--
-- Name: merchandise_coupon_id_seq; Type: SEQUENCE SET; Schema: public; Owner: jeremih
--

SELECT pg_catalog.setval('public.merchandise_coupon_id_seq', 1, false);


--
-- Name: merchandise_miniorder_id_seq; Type: SEQUENCE SET; Schema: public; Owner: jeremih
--

SELECT pg_catalog.setval('public.merchandise_miniorder_id_seq', 1, false);


--
-- Name: merchandise_order_id_seq; Type: SEQUENCE SET; Schema: public; Owner: jeremih
--

SELECT pg_catalog.setval('public.merchandise_order_id_seq', 1, false);


--
-- Name: merchandise_order_items_id_seq; Type: SEQUENCE SET; Schema: public; Owner: jeremih
--

SELECT pg_catalog.setval('public.merchandise_order_items_id_seq', 1, false);


--
-- Name: merchandise_order_producer_id_seq; Type: SEQUENCE SET; Schema: public; Owner: jeremih
--

SELECT pg_catalog.setval('public.merchandise_order_producer_id_seq', 1, false);


--
-- Name: merchandise_orderitem_id_seq; Type: SEQUENCE SET; Schema: public; Owner: jeremih
--

SELECT pg_catalog.setval('public.merchandise_orderitem_id_seq', 1, false);


--
-- Name: merchandise_payment_id_seq; Type: SEQUENCE SET; Schema: public; Owner: jeremih
--

SELECT pg_catalog.setval('public.merchandise_payment_id_seq', 1, false);


--
-- Name: merchandise_refund_id_seq; Type: SEQUENCE SET; Schema: public; Owner: jeremih
--

SELECT pg_catalog.setval('public.merchandise_refund_id_seq', 1, false);


--
-- Name: pages_aboutus_id_seq; Type: SEQUENCE SET; Schema: public; Owner: jeremih
--

SELECT pg_catalog.setval('public.pages_aboutus_id_seq', 1, false);


--
-- Name: pages_document_id_seq; Type: SEQUENCE SET; Schema: public; Owner: jeremih
--

SELECT pg_catalog.setval('public.pages_document_id_seq', 202, true);


--
-- Name: pages_indexslider_id_seq; Type: SEQUENCE SET; Schema: public; Owner: jeremih
--

SELECT pg_catalog.setval('public.pages_indexslider_id_seq', 1, false);


--
-- Name: pages_newstelleremails_id_seq; Type: SEQUENCE SET; Schema: public; Owner: jeremih
--

SELECT pg_catalog.setval('public.pages_newstelleremails_id_seq', 1, false);


--
-- Name: products_label_id_seq; Type: SEQUENCE SET; Schema: public; Owner: jeremih
--

SELECT pg_catalog.setval('public.products_label_id_seq', 1, true);


--
-- Name: products_metadetail_id_seq; Type: SEQUENCE SET; Schema: public; Owner: jeremih
--

SELECT pg_catalog.setval('public.products_metadetail_id_seq', 70, true);


--
-- Name: products_product_category_id_seq; Type: SEQUENCE SET; Schema: public; Owner: jeremih
--

SELECT pg_catalog.setval('public.products_product_category_id_seq', 70, true);


--
-- Name: products_product_id_seq; Type: SEQUENCE SET; Schema: public; Owner: jeremih
--

SELECT pg_catalog.setval('public.products_product_id_seq', 76, true);


--
-- Name: products_product_label_try_id_seq; Type: SEQUENCE SET; Schema: public; Owner: jeremih
--

SELECT pg_catalog.setval('public.products_product_label_try_id_seq', 1, false);


--
-- Name: products_productcomment_id_seq; Type: SEQUENCE SET; Schema: public; Owner: jeremih
--

SELECT pg_catalog.setval('public.products_productcomment_id_seq', 1, false);


--
-- Name: products_productdetail_id_seq; Type: SEQUENCE SET; Schema: public; Owner: jeremih
--

SELECT pg_catalog.setval('public.products_productdetail_id_seq', 208, true);


--
-- Name: products_productdetail_products_id_seq; Type: SEQUENCE SET; Schema: public; Owner: jeremih
--

SELECT pg_catalog.setval('public.products_productdetail_products_id_seq', 225, true);


--
-- Name: products_productvariation_id_seq; Type: SEQUENCE SET; Schema: public; Owner: jeremih
--

SELECT pg_catalog.setval('public.products_productvariation_id_seq', 1, false);


--
-- Name: products_rating_id_seq; Type: SEQUENCE SET; Schema: public; Owner: jeremih
--

SELECT pg_catalog.setval('public.products_rating_id_seq', 1, false);


--
-- Name: products_sliderimage_id_seq; Type: SEQUENCE SET; Schema: public; Owner: jeremih
--

SELECT pg_catalog.setval('public.products_sliderimage_id_seq', 5, true);


--
-- Name: products_variation_id_seq; Type: SEQUENCE SET; Schema: public; Owner: jeremih
--

SELECT pg_catalog.setval('public.products_variation_id_seq', 1, false);


--
-- Name: socialaccount_socialaccount_id_seq; Type: SEQUENCE SET; Schema: public; Owner: jeremih
--

SELECT pg_catalog.setval('public.socialaccount_socialaccount_id_seq', 1, false);


--
-- Name: socialaccount_socialapp_id_seq; Type: SEQUENCE SET; Schema: public; Owner: jeremih
--

SELECT pg_catalog.setval('public.socialaccount_socialapp_id_seq', 1, false);


--
-- Name: socialaccount_socialapp_sites_id_seq; Type: SEQUENCE SET; Schema: public; Owner: jeremih
--

SELECT pg_catalog.setval('public.socialaccount_socialapp_sites_id_seq', 1, false);


--
-- Name: socialaccount_socialtoken_id_seq; Type: SEQUENCE SET; Schema: public; Owner: jeremih
--

SELECT pg_catalog.setval('public.socialaccount_socialtoken_id_seq', 1, false);


--
-- Name: users_producerprofile_categoty_id_seq; Type: SEQUENCE SET; Schema: public; Owner: jeremih
--

SELECT pg_catalog.setval('public.users_producerprofile_categoty_id_seq', 1, false);


--
-- Name: users_profile_id_seq; Type: SEQUENCE SET; Schema: public; Owner: jeremih
--

SELECT pg_catalog.setval('public.users_profile_id_seq', 36, true);


--
-- Name: users_tokentfa_id_seq; Type: SEQUENCE SET; Schema: public; Owner: jeremih
--

SELECT pg_catalog.setval('public.users_tokentfa_id_seq', 5, true);


--
-- Name: users_twofactortoken_id_seq; Type: SEQUENCE SET; Schema: public; Owner: jeremih
--

SELECT pg_catalog.setval('public.users_twofactortoken_id_seq', 1, false);


--
-- Name: users_user_groups_id_seq; Type: SEQUENCE SET; Schema: public; Owner: jeremih
--

SELECT pg_catalog.setval('public.users_user_groups_id_seq', 1, false);


--
-- Name: users_user_id_seq; Type: SEQUENCE SET; Schema: public; Owner: jeremih
--

SELECT pg_catalog.setval('public.users_user_id_seq', 9, true);


--
-- Name: users_user_user_permissions_id_seq; Type: SEQUENCE SET; Schema: public; Owner: jeremih
--

SELECT pg_catalog.setval('public.users_user_user_permissions_id_seq', 1, false);


--
-- Name: account_emailaddress account_emailaddress_email_key; Type: CONSTRAINT; Schema: public; Owner: jeremih
--

ALTER TABLE ONLY public.account_emailaddress
    ADD CONSTRAINT account_emailaddress_email_key UNIQUE (email);


--
-- Name: account_emailaddress account_emailaddress_pkey; Type: CONSTRAINT; Schema: public; Owner: jeremih
--

ALTER TABLE ONLY public.account_emailaddress
    ADD CONSTRAINT account_emailaddress_pkey PRIMARY KEY (id);


--
-- Name: account_emailconfirmation account_emailconfirmation_key_key; Type: CONSTRAINT; Schema: public; Owner: jeremih
--

ALTER TABLE ONLY public.account_emailconfirmation
    ADD CONSTRAINT account_emailconfirmation_key_key UNIQUE (key);


--
-- Name: account_emailconfirmation account_emailconfirmation_pkey; Type: CONSTRAINT; Schema: public; Owner: jeremih
--

ALTER TABLE ONLY public.account_emailconfirmation
    ADD CONSTRAINT account_emailconfirmation_pkey PRIMARY KEY (id);


--
-- Name: auth_group auth_group_name_key; Type: CONSTRAINT; Schema: public; Owner: jeremih
--

ALTER TABLE ONLY public.auth_group
    ADD CONSTRAINT auth_group_name_key UNIQUE (name);


--
-- Name: auth_group_permissions auth_group_permissions_group_id_permission_id_0cd325b0_uniq; Type: CONSTRAINT; Schema: public; Owner: jeremih
--

ALTER TABLE ONLY public.auth_group_permissions
    ADD CONSTRAINT auth_group_permissions_group_id_permission_id_0cd325b0_uniq UNIQUE (group_id, permission_id);


--
-- Name: auth_group_permissions auth_group_permissions_pkey; Type: CONSTRAINT; Schema: public; Owner: jeremih
--

ALTER TABLE ONLY public.auth_group_permissions
    ADD CONSTRAINT auth_group_permissions_pkey PRIMARY KEY (id);


--
-- Name: auth_group auth_group_pkey; Type: CONSTRAINT; Schema: public; Owner: jeremih
--

ALTER TABLE ONLY public.auth_group
    ADD CONSTRAINT auth_group_pkey PRIMARY KEY (id);


--
-- Name: auth_permission auth_permission_content_type_id_codename_01ab375a_uniq; Type: CONSTRAINT; Schema: public; Owner: jeremih
--

ALTER TABLE ONLY public.auth_permission
    ADD CONSTRAINT auth_permission_content_type_id_codename_01ab375a_uniq UNIQUE (content_type_id, codename);


--
-- Name: auth_permission auth_permission_pkey; Type: CONSTRAINT; Schema: public; Owner: jeremih
--

ALTER TABLE ONLY public.auth_permission
    ADD CONSTRAINT auth_permission_pkey PRIMARY KEY (id);


--
-- Name: authtoken_token authtoken_token_pkey; Type: CONSTRAINT; Schema: public; Owner: jeremih
--

ALTER TABLE ONLY public.authtoken_token
    ADD CONSTRAINT authtoken_token_pkey PRIMARY KEY (key);


--
-- Name: authtoken_token authtoken_token_user_id_key; Type: CONSTRAINT; Schema: public; Owner: jeremih
--

ALTER TABLE ONLY public.authtoken_token
    ADD CONSTRAINT authtoken_token_user_id_key UNIQUE (user_id);


--
-- Name: blog_comment blog_comment_pkey; Type: CONSTRAINT; Schema: public; Owner: jeremih
--

ALTER TABLE ONLY public.blog_comment
    ADD CONSTRAINT blog_comment_pkey PRIMARY KEY (id);


--
-- Name: blog_post_categories blog_post_categories_pkey; Type: CONSTRAINT; Schema: public; Owner: jeremih
--

ALTER TABLE ONLY public.blog_post_categories
    ADD CONSTRAINT blog_post_categories_pkey PRIMARY KEY (id);


--
-- Name: blog_post_categories blog_post_categories_post_id_category_id_ed4f1727_uniq; Type: CONSTRAINT; Schema: public; Owner: jeremih
--

ALTER TABLE ONLY public.blog_post_categories
    ADD CONSTRAINT blog_post_categories_post_id_category_id_ed4f1727_uniq UNIQUE (post_id, category_id);


--
-- Name: blog_post blog_post_pkey; Type: CONSTRAINT; Schema: public; Owner: jeremih
--

ALTER TABLE ONLY public.blog_post
    ADD CONSTRAINT blog_post_pkey PRIMARY KEY (id);


--
-- Name: categories_category categories_category_pkey; Type: CONSTRAINT; Schema: public; Owner: jeremih
--

ALTER TABLE ONLY public.categories_category
    ADD CONSTRAINT categories_category_pkey PRIMARY KEY (id);


--
-- Name: categories_categoryvariation categories_categoryvariation_pkey; Type: CONSTRAINT; Schema: public; Owner: jeremih
--

ALTER TABLE ONLY public.categories_categoryvariation
    ADD CONSTRAINT categories_categoryvariation_pkey PRIMARY KEY (id);


--
-- Name: categories_categoryvariation categories_categoryvariation_variation_id_value_856d3cc7_uniq; Type: CONSTRAINT; Schema: public; Owner: jeremih
--

ALTER TABLE ONLY public.categories_categoryvariation
    ADD CONSTRAINT categories_categoryvariation_variation_id_value_856d3cc7_uniq UNIQUE (variation_id, value);


--
-- Name: categories_faqcategory categories_faqcategory_pkey; Type: CONSTRAINT; Schema: public; Owner: jeremih
--

ALTER TABLE ONLY public.categories_faqcategory
    ADD CONSTRAINT categories_faqcategory_pkey PRIMARY KEY (id);


--
-- Name: categories_faqmaincategory categories_faqmaincategory_pkey; Type: CONSTRAINT; Schema: public; Owner: jeremih
--

ALTER TABLE ONLY public.categories_faqmaincategory
    ADD CONSTRAINT categories_faqmaincategory_pkey PRIMARY KEY (id);


--
-- Name: categories_maincategory categories_maincategory_pkey; Type: CONSTRAINT; Schema: public; Owner: jeremih
--

ALTER TABLE ONLY public.categories_maincategory
    ADD CONSTRAINT categories_maincategory_pkey PRIMARY KEY (id);


--
-- Name: categories_mothercategory categories_mothercategory_pkey; Type: CONSTRAINT; Schema: public; Owner: jeremih
--

ALTER TABLE ONLY public.categories_mothercategory
    ADD CONSTRAINT categories_mothercategory_pkey PRIMARY KEY (id);


--
-- Name: categories_variation categories_variation_category_id_name_0e6a0484_uniq; Type: CONSTRAINT; Schema: public; Owner: jeremih
--

ALTER TABLE ONLY public.categories_variation
    ADD CONSTRAINT categories_variation_category_id_name_0e6a0484_uniq UNIQUE (category_id, name);


--
-- Name: categories_variation categories_variation_pkey; Type: CONSTRAINT; Schema: public; Owner: jeremih
--

ALTER TABLE ONLY public.categories_variation
    ADD CONSTRAINT categories_variation_pkey PRIMARY KEY (id);


--
-- Name: django_admin_log django_admin_log_pkey; Type: CONSTRAINT; Schema: public; Owner: jeremih
--

ALTER TABLE ONLY public.django_admin_log
    ADD CONSTRAINT django_admin_log_pkey PRIMARY KEY (id);


--
-- Name: django_content_type django_content_type_app_label_model_76bd3d3b_uniq; Type: CONSTRAINT; Schema: public; Owner: jeremih
--

ALTER TABLE ONLY public.django_content_type
    ADD CONSTRAINT django_content_type_app_label_model_76bd3d3b_uniq UNIQUE (app_label, model);


--
-- Name: django_content_type django_content_type_pkey; Type: CONSTRAINT; Schema: public; Owner: jeremih
--

ALTER TABLE ONLY public.django_content_type
    ADD CONSTRAINT django_content_type_pkey PRIMARY KEY (id);


--
-- Name: django_migrations django_migrations_pkey; Type: CONSTRAINT; Schema: public; Owner: jeremih
--

ALTER TABLE ONLY public.django_migrations
    ADD CONSTRAINT django_migrations_pkey PRIMARY KEY (id);


--
-- Name: django_session django_session_pkey; Type: CONSTRAINT; Schema: public; Owner: jeremih
--

ALTER TABLE ONLY public.django_session
    ADD CONSTRAINT django_session_pkey PRIMARY KEY (session_key);


--
-- Name: django_site django_site_domain_a2e37b91_uniq; Type: CONSTRAINT; Schema: public; Owner: jeremih
--

ALTER TABLE ONLY public.django_site
    ADD CONSTRAINT django_site_domain_a2e37b91_uniq UNIQUE (domain);


--
-- Name: django_site django_site_pkey; Type: CONSTRAINT; Schema: public; Owner: jeremih
--

ALTER TABLE ONLY public.django_site
    ADD CONSTRAINT django_site_pkey PRIMARY KEY (id);


--
-- Name: hitcount_blacklist_ip hitcount_blacklist_ip_ip_key; Type: CONSTRAINT; Schema: public; Owner: jeremih
--

ALTER TABLE ONLY public.hitcount_blacklist_ip
    ADD CONSTRAINT hitcount_blacklist_ip_ip_key UNIQUE (ip);


--
-- Name: hitcount_blacklist_ip hitcount_blacklist_ip_pkey; Type: CONSTRAINT; Schema: public; Owner: jeremih
--

ALTER TABLE ONLY public.hitcount_blacklist_ip
    ADD CONSTRAINT hitcount_blacklist_ip_pkey PRIMARY KEY (id);


--
-- Name: hitcount_blacklist_user_agent hitcount_blacklist_user_agent_pkey; Type: CONSTRAINT; Schema: public; Owner: jeremih
--

ALTER TABLE ONLY public.hitcount_blacklist_user_agent
    ADD CONSTRAINT hitcount_blacklist_user_agent_pkey PRIMARY KEY (id);


--
-- Name: hitcount_blacklist_user_agent hitcount_blacklist_user_agent_user_agent_key; Type: CONSTRAINT; Schema: public; Owner: jeremih
--

ALTER TABLE ONLY public.hitcount_blacklist_user_agent
    ADD CONSTRAINT hitcount_blacklist_user_agent_user_agent_key UNIQUE (user_agent);


--
-- Name: hitcount_hit_count hitcount_hit_count_content_type_id_object_pk_4dacb610_uniq; Type: CONSTRAINT; Schema: public; Owner: jeremih
--

ALTER TABLE ONLY public.hitcount_hit_count
    ADD CONSTRAINT hitcount_hit_count_content_type_id_object_pk_4dacb610_uniq UNIQUE (content_type_id, object_pk);


--
-- Name: hitcount_hit_count hitcount_hit_count_pkey; Type: CONSTRAINT; Schema: public; Owner: jeremih
--

ALTER TABLE ONLY public.hitcount_hit_count
    ADD CONSTRAINT hitcount_hit_count_pkey PRIMARY KEY (id);


--
-- Name: hitcount_hit hitcount_hit_pkey; Type: CONSTRAINT; Schema: public; Owner: jeremih
--

ALTER TABLE ONLY public.hitcount_hit
    ADD CONSTRAINT hitcount_hit_pkey PRIMARY KEY (id);


--
-- Name: merchandise_address merchandise_address_pkey; Type: CONSTRAINT; Schema: public; Owner: jeremih
--

ALTER TABLE ONLY public.merchandise_address
    ADD CONSTRAINT merchandise_address_pkey PRIMARY KEY (id);


--
-- Name: merchandise_coupon merchandise_coupon_pkey; Type: CONSTRAINT; Schema: public; Owner: jeremih
--

ALTER TABLE ONLY public.merchandise_coupon
    ADD CONSTRAINT merchandise_coupon_pkey PRIMARY KEY (id);


--
-- Name: merchandise_miniorder merchandise_miniorder_pkey; Type: CONSTRAINT; Schema: public; Owner: jeremih
--

ALTER TABLE ONLY public.merchandise_miniorder
    ADD CONSTRAINT merchandise_miniorder_pkey PRIMARY KEY (id);


--
-- Name: merchandise_order_items merchandise_order_items_order_id_orderitem_id_80ee5b43_uniq; Type: CONSTRAINT; Schema: public; Owner: jeremih
--

ALTER TABLE ONLY public.merchandise_order_items
    ADD CONSTRAINT merchandise_order_items_order_id_orderitem_id_80ee5b43_uniq UNIQUE (order_id, orderitem_id);


--
-- Name: merchandise_order_items merchandise_order_items_pkey; Type: CONSTRAINT; Schema: public; Owner: jeremih
--

ALTER TABLE ONLY public.merchandise_order_items
    ADD CONSTRAINT merchandise_order_items_pkey PRIMARY KEY (id);


--
-- Name: merchandise_order merchandise_order_pkey; Type: CONSTRAINT; Schema: public; Owner: jeremih
--

ALTER TABLE ONLY public.merchandise_order
    ADD CONSTRAINT merchandise_order_pkey PRIMARY KEY (id);


--
-- Name: merchandise_order_producer merchandise_order_produc_order_id_producerprofile_7483381f_uniq; Type: CONSTRAINT; Schema: public; Owner: jeremih
--

ALTER TABLE ONLY public.merchandise_order_producer
    ADD CONSTRAINT merchandise_order_produc_order_id_producerprofile_7483381f_uniq UNIQUE (order_id, producerprofile_id);


--
-- Name: merchandise_order_producer merchandise_order_producer_pkey; Type: CONSTRAINT; Schema: public; Owner: jeremih
--

ALTER TABLE ONLY public.merchandise_order_producer
    ADD CONSTRAINT merchandise_order_producer_pkey PRIMARY KEY (id);


--
-- Name: merchandise_orderitem merchandise_orderitem_pkey; Type: CONSTRAINT; Schema: public; Owner: jeremih
--

ALTER TABLE ONLY public.merchandise_orderitem
    ADD CONSTRAINT merchandise_orderitem_pkey PRIMARY KEY (id);


--
-- Name: merchandise_payment merchandise_payment_pkey; Type: CONSTRAINT; Schema: public; Owner: jeremih
--

ALTER TABLE ONLY public.merchandise_payment
    ADD CONSTRAINT merchandise_payment_pkey PRIMARY KEY (id);


--
-- Name: merchandise_refund merchandise_refund_pkey; Type: CONSTRAINT; Schema: public; Owner: jeremih
--

ALTER TABLE ONLY public.merchandise_refund
    ADD CONSTRAINT merchandise_refund_pkey PRIMARY KEY (id);


--
-- Name: pages_aboutus pages_aboutus_pkey; Type: CONSTRAINT; Schema: public; Owner: jeremih
--

ALTER TABLE ONLY public.pages_aboutus
    ADD CONSTRAINT pages_aboutus_pkey PRIMARY KEY (id);


--
-- Name: pages_document pages_document_pkey; Type: CONSTRAINT; Schema: public; Owner: jeremih
--

ALTER TABLE ONLY public.pages_document
    ADD CONSTRAINT pages_document_pkey PRIMARY KEY (id);


--
-- Name: pages_indexslider pages_indexslider_pkey; Type: CONSTRAINT; Schema: public; Owner: jeremih
--

ALTER TABLE ONLY public.pages_indexslider
    ADD CONSTRAINT pages_indexslider_pkey PRIMARY KEY (id);


--
-- Name: pages_newstelleremails pages_newstelleremails_pkey; Type: CONSTRAINT; Schema: public; Owner: jeremih
--

ALTER TABLE ONLY public.pages_newstelleremails
    ADD CONSTRAINT pages_newstelleremails_pkey PRIMARY KEY (id);


--
-- Name: products_label products_label_pkey; Type: CONSTRAINT; Schema: public; Owner: jeremih
--

ALTER TABLE ONLY public.products_label
    ADD CONSTRAINT products_label_pkey PRIMARY KEY (id);


--
-- Name: products_metadetail products_metadetail_pkey; Type: CONSTRAINT; Schema: public; Owner: jeremih
--

ALTER TABLE ONLY public.products_metadetail
    ADD CONSTRAINT products_metadetail_pkey PRIMARY KEY (id);


--
-- Name: products_metadetail products_metadetail_product_id_key; Type: CONSTRAINT; Schema: public; Owner: jeremih
--

ALTER TABLE ONLY public.products_metadetail
    ADD CONSTRAINT products_metadetail_product_id_key UNIQUE (product_id);


--
-- Name: products_product_category products_product_category_pkey; Type: CONSTRAINT; Schema: public; Owner: jeremih
--

ALTER TABLE ONLY public.products_product_category
    ADD CONSTRAINT products_product_category_pkey PRIMARY KEY (id);


--
-- Name: products_product_category products_product_category_product_id_category_id_99b99489_uniq; Type: CONSTRAINT; Schema: public; Owner: jeremih
--

ALTER TABLE ONLY public.products_product_category
    ADD CONSTRAINT products_product_category_product_id_category_id_99b99489_uniq UNIQUE (product_id, category_id);


--
-- Name: products_product_label_try products_product_label_try_pkey; Type: CONSTRAINT; Schema: public; Owner: jeremih
--

ALTER TABLE ONLY public.products_product_label_try
    ADD CONSTRAINT products_product_label_try_pkey PRIMARY KEY (id);


--
-- Name: products_product_label_try products_product_label_try_product_id_label_id_14fde883_uniq; Type: CONSTRAINT; Schema: public; Owner: jeremih
--

ALTER TABLE ONLY public.products_product_label_try
    ADD CONSTRAINT products_product_label_try_product_id_label_id_14fde883_uniq UNIQUE (product_id, label_id);


--
-- Name: products_product products_product_pkey; Type: CONSTRAINT; Schema: public; Owner: jeremih
--

ALTER TABLE ONLY public.products_product
    ADD CONSTRAINT products_product_pkey PRIMARY KEY (id);


--
-- Name: products_productcomment products_productcomment_pkey; Type: CONSTRAINT; Schema: public; Owner: jeremih
--

ALTER TABLE ONLY public.products_productcomment
    ADD CONSTRAINT products_productcomment_pkey PRIMARY KEY (id);


--
-- Name: products_productdetail_products products_productdetail_p_productdetail_id_product_cb98fae7_uniq; Type: CONSTRAINT; Schema: public; Owner: jeremih
--

ALTER TABLE ONLY public.products_productdetail_products
    ADD CONSTRAINT products_productdetail_p_productdetail_id_product_cb98fae7_uniq UNIQUE (productdetail_id, product_id);


--
-- Name: products_productdetail products_productdetail_pkey; Type: CONSTRAINT; Schema: public; Owner: jeremih
--

ALTER TABLE ONLY public.products_productdetail
    ADD CONSTRAINT products_productdetail_pkey PRIMARY KEY (id);


--
-- Name: products_productdetail_products products_productdetail_products_pkey; Type: CONSTRAINT; Schema: public; Owner: jeremih
--

ALTER TABLE ONLY public.products_productdetail_products
    ADD CONSTRAINT products_productdetail_products_pkey PRIMARY KEY (id);


--
-- Name: products_productvariation products_productvariation_pkey; Type: CONSTRAINT; Schema: public; Owner: jeremih
--

ALTER TABLE ONLY public.products_productvariation
    ADD CONSTRAINT products_productvariation_pkey PRIMARY KEY (id);


--
-- Name: products_productvariation products_productvariation_variation_id_value_bb575a97_uniq; Type: CONSTRAINT; Schema: public; Owner: jeremih
--

ALTER TABLE ONLY public.products_productvariation
    ADD CONSTRAINT products_productvariation_variation_id_value_bb575a97_uniq UNIQUE (variation_id, value);


--
-- Name: products_rating products_rating_pkey; Type: CONSTRAINT; Schema: public; Owner: jeremih
--

ALTER TABLE ONLY public.products_rating
    ADD CONSTRAINT products_rating_pkey PRIMARY KEY (id);


--
-- Name: products_rating products_rating_user_id_object_id_3584ee2d_uniq; Type: CONSTRAINT; Schema: public; Owner: jeremih
--

ALTER TABLE ONLY public.products_rating
    ADD CONSTRAINT products_rating_user_id_object_id_3584ee2d_uniq UNIQUE (user_id, object_id);


--
-- Name: products_sliderimage products_sliderimage_pkey; Type: CONSTRAINT; Schema: public; Owner: jeremih
--

ALTER TABLE ONLY public.products_sliderimage
    ADD CONSTRAINT products_sliderimage_pkey PRIMARY KEY (id);


--
-- Name: products_variation products_variation_pkey; Type: CONSTRAINT; Schema: public; Owner: jeremih
--

ALTER TABLE ONLY public.products_variation
    ADD CONSTRAINT products_variation_pkey PRIMARY KEY (id);


--
-- Name: products_variation products_variation_product_id_name_4c6a1fbb_uniq; Type: CONSTRAINT; Schema: public; Owner: jeremih
--

ALTER TABLE ONLY public.products_variation
    ADD CONSTRAINT products_variation_product_id_name_4c6a1fbb_uniq UNIQUE (product_id, name);


--
-- Name: socialaccount_socialaccount socialaccount_socialaccount_pkey; Type: CONSTRAINT; Schema: public; Owner: jeremih
--

ALTER TABLE ONLY public.socialaccount_socialaccount
    ADD CONSTRAINT socialaccount_socialaccount_pkey PRIMARY KEY (id);


--
-- Name: socialaccount_socialaccount socialaccount_socialaccount_provider_uid_fc810c6e_uniq; Type: CONSTRAINT; Schema: public; Owner: jeremih
--

ALTER TABLE ONLY public.socialaccount_socialaccount
    ADD CONSTRAINT socialaccount_socialaccount_provider_uid_fc810c6e_uniq UNIQUE (provider, uid);


--
-- Name: socialaccount_socialapp_sites socialaccount_socialapp__socialapp_id_site_id_71a9a768_uniq; Type: CONSTRAINT; Schema: public; Owner: jeremih
--

ALTER TABLE ONLY public.socialaccount_socialapp_sites
    ADD CONSTRAINT socialaccount_socialapp__socialapp_id_site_id_71a9a768_uniq UNIQUE (socialapp_id, site_id);


--
-- Name: socialaccount_socialapp socialaccount_socialapp_pkey; Type: CONSTRAINT; Schema: public; Owner: jeremih
--

ALTER TABLE ONLY public.socialaccount_socialapp
    ADD CONSTRAINT socialaccount_socialapp_pkey PRIMARY KEY (id);


--
-- Name: socialaccount_socialapp_sites socialaccount_socialapp_sites_pkey; Type: CONSTRAINT; Schema: public; Owner: jeremih
--

ALTER TABLE ONLY public.socialaccount_socialapp_sites
    ADD CONSTRAINT socialaccount_socialapp_sites_pkey PRIMARY KEY (id);


--
-- Name: socialaccount_socialtoken socialaccount_socialtoken_app_id_account_id_fca4e0ac_uniq; Type: CONSTRAINT; Schema: public; Owner: jeremih
--

ALTER TABLE ONLY public.socialaccount_socialtoken
    ADD CONSTRAINT socialaccount_socialtoken_app_id_account_id_fca4e0ac_uniq UNIQUE (app_id, account_id);


--
-- Name: socialaccount_socialtoken socialaccount_socialtoken_pkey; Type: CONSTRAINT; Schema: public; Owner: jeremih
--

ALTER TABLE ONLY public.socialaccount_socialtoken
    ADD CONSTRAINT socialaccount_socialtoken_pkey PRIMARY KEY (id);


--
-- Name: users_producerprofile_categoty users_producerprofile_ca_producerprofile_id_categ_08b2d963_uniq; Type: CONSTRAINT; Schema: public; Owner: jeremih
--

ALTER TABLE ONLY public.users_producerprofile_categoty
    ADD CONSTRAINT users_producerprofile_ca_producerprofile_id_categ_08b2d963_uniq UNIQUE (producerprofile_id, category_id);


--
-- Name: users_producerprofile_categoty users_producerprofile_categoty_pkey; Type: CONSTRAINT; Schema: public; Owner: jeremih
--

ALTER TABLE ONLY public.users_producerprofile_categoty
    ADD CONSTRAINT users_producerprofile_categoty_pkey PRIMARY KEY (id);


--
-- Name: users_producerprofile users_producerprofile_pkey; Type: CONSTRAINT; Schema: public; Owner: jeremih
--

ALTER TABLE ONLY public.users_producerprofile
    ADD CONSTRAINT users_producerprofile_pkey PRIMARY KEY (profile_ptr_id);


--
-- Name: users_profile users_profile_pkey; Type: CONSTRAINT; Schema: public; Owner: jeremih
--

ALTER TABLE ONLY public.users_profile
    ADD CONSTRAINT users_profile_pkey PRIMARY KEY (id);


--
-- Name: users_profile users_profile_user_id_key; Type: CONSTRAINT; Schema: public; Owner: jeremih
--

ALTER TABLE ONLY public.users_profile
    ADD CONSTRAINT users_profile_user_id_key UNIQUE (user_id);


--
-- Name: users_tokentfa users_tokentfa_pkey; Type: CONSTRAINT; Schema: public; Owner: jeremih
--

ALTER TABLE ONLY public.users_tokentfa
    ADD CONSTRAINT users_tokentfa_pkey PRIMARY KEY (id);


--
-- Name: users_twofactortoken users_twofactortoken_pkey; Type: CONSTRAINT; Schema: public; Owner: jeremih
--

ALTER TABLE ONLY public.users_twofactortoken
    ADD CONSTRAINT users_twofactortoken_pkey PRIMARY KEY (id);


--
-- Name: users_user_groups users_user_groups_pkey; Type: CONSTRAINT; Schema: public; Owner: jeremih
--

ALTER TABLE ONLY public.users_user_groups
    ADD CONSTRAINT users_user_groups_pkey PRIMARY KEY (id);


--
-- Name: users_user_groups users_user_groups_user_id_group_id_b88eab82_uniq; Type: CONSTRAINT; Schema: public; Owner: jeremih
--

ALTER TABLE ONLY public.users_user_groups
    ADD CONSTRAINT users_user_groups_user_id_group_id_b88eab82_uniq UNIQUE (user_id, group_id);


--
-- Name: users_user users_user_phone_number_key; Type: CONSTRAINT; Schema: public; Owner: jeremih
--

ALTER TABLE ONLY public.users_user
    ADD CONSTRAINT users_user_phone_number_key UNIQUE (phone_number);


--
-- Name: users_user users_user_pkey; Type: CONSTRAINT; Schema: public; Owner: jeremih
--

ALTER TABLE ONLY public.users_user
    ADD CONSTRAINT users_user_pkey PRIMARY KEY (id);


--
-- Name: users_user_user_permissions users_user_user_permissions_pkey; Type: CONSTRAINT; Schema: public; Owner: jeremih
--

ALTER TABLE ONLY public.users_user_user_permissions
    ADD CONSTRAINT users_user_user_permissions_pkey PRIMARY KEY (id);


--
-- Name: users_user_user_permissions users_user_user_permissions_user_id_permission_id_43338c45_uniq; Type: CONSTRAINT; Schema: public; Owner: jeremih
--

ALTER TABLE ONLY public.users_user_user_permissions
    ADD CONSTRAINT users_user_user_permissions_user_id_permission_id_43338c45_uniq UNIQUE (user_id, permission_id);


--
-- Name: users_user users_user_username_key; Type: CONSTRAINT; Schema: public; Owner: jeremih
--

ALTER TABLE ONLY public.users_user
    ADD CONSTRAINT users_user_username_key UNIQUE (username);


--
-- Name: account_emailaddress_email_03be32b2_like; Type: INDEX; Schema: public; Owner: jeremih
--

CREATE INDEX account_emailaddress_email_03be32b2_like ON public.account_emailaddress USING btree (email varchar_pattern_ops);


--
-- Name: account_emailaddress_user_id_2c513194; Type: INDEX; Schema: public; Owner: jeremih
--

CREATE INDEX account_emailaddress_user_id_2c513194 ON public.account_emailaddress USING btree (user_id);


--
-- Name: account_emailconfirmation_email_address_id_5b7f8c58; Type: INDEX; Schema: public; Owner: jeremih
--

CREATE INDEX account_emailconfirmation_email_address_id_5b7f8c58 ON public.account_emailconfirmation USING btree (email_address_id);


--
-- Name: account_emailconfirmation_key_f43612bd_like; Type: INDEX; Schema: public; Owner: jeremih
--

CREATE INDEX account_emailconfirmation_key_f43612bd_like ON public.account_emailconfirmation USING btree (key varchar_pattern_ops);


--
-- Name: auth_group_name_a6ea08ec_like; Type: INDEX; Schema: public; Owner: jeremih
--

CREATE INDEX auth_group_name_a6ea08ec_like ON public.auth_group USING btree (name varchar_pattern_ops);


--
-- Name: auth_group_permissions_group_id_b120cbf9; Type: INDEX; Schema: public; Owner: jeremih
--

CREATE INDEX auth_group_permissions_group_id_b120cbf9 ON public.auth_group_permissions USING btree (group_id);


--
-- Name: auth_group_permissions_permission_id_84c5c92e; Type: INDEX; Schema: public; Owner: jeremih
--

CREATE INDEX auth_group_permissions_permission_id_84c5c92e ON public.auth_group_permissions USING btree (permission_id);


--
-- Name: auth_permission_content_type_id_2f476e4b; Type: INDEX; Schema: public; Owner: jeremih
--

CREATE INDEX auth_permission_content_type_id_2f476e4b ON public.auth_permission USING btree (content_type_id);


--
-- Name: authtoken_token_key_10f0b77e_like; Type: INDEX; Schema: public; Owner: jeremih
--

CREATE INDEX authtoken_token_key_10f0b77e_like ON public.authtoken_token USING btree (key varchar_pattern_ops);


--
-- Name: blog_comment_post_id_580e96ef; Type: INDEX; Schema: public; Owner: jeremih
--

CREATE INDEX blog_comment_post_id_580e96ef ON public.blog_comment USING btree (post_id);


--
-- Name: blog_comment_user_id_59a54155; Type: INDEX; Schema: public; Owner: jeremih
--

CREATE INDEX blog_comment_user_id_59a54155 ON public.blog_comment USING btree (user_id);


--
-- Name: blog_post_author_id_dd7a8485; Type: INDEX; Schema: public; Owner: jeremih
--

CREATE INDEX blog_post_author_id_dd7a8485 ON public.blog_post USING btree (author_id);


--
-- Name: blog_post_categories_category_id_2211dae5; Type: INDEX; Schema: public; Owner: jeremih
--

CREATE INDEX blog_post_categories_category_id_2211dae5 ON public.blog_post_categories USING btree (category_id);


--
-- Name: blog_post_categories_post_id_c34e7be1; Type: INDEX; Schema: public; Owner: jeremih
--

CREATE INDEX blog_post_categories_post_id_c34e7be1 ON public.blog_post_categories USING btree (post_id);


--
-- Name: blog_post_slug_b95473f2; Type: INDEX; Schema: public; Owner: jeremih
--

CREATE INDEX blog_post_slug_b95473f2 ON public.blog_post USING btree (slug);


--
-- Name: blog_post_slug_b95473f2_like; Type: INDEX; Schema: public; Owner: jeremih
--

CREATE INDEX blog_post_slug_b95473f2_like ON public.blog_post USING btree (slug varchar_pattern_ops);


--
-- Name: categories_category_slug_6fddebb1; Type: INDEX; Schema: public; Owner: jeremih
--

CREATE INDEX categories_category_slug_6fddebb1 ON public.categories_category USING btree (slug);


--
-- Name: categories_category_slug_6fddebb1_like; Type: INDEX; Schema: public; Owner: jeremih
--

CREATE INDEX categories_category_slug_6fddebb1_like ON public.categories_category USING btree (slug varchar_pattern_ops);


--
-- Name: categories_category_sub_category_of_id_72576107; Type: INDEX; Schema: public; Owner: jeremih
--

CREATE INDEX categories_category_sub_category_of_id_72576107 ON public.categories_category USING btree (sub_category_of_id);


--
-- Name: categories_categoryvariation_variation_id_e66ef9ae; Type: INDEX; Schema: public; Owner: jeremih
--

CREATE INDEX categories_categoryvariation_variation_id_e66ef9ae ON public.categories_categoryvariation USING btree (variation_id);


--
-- Name: categories_faqcategory_category_id_6bef36a9; Type: INDEX; Schema: public; Owner: jeremih
--

CREATE INDEX categories_faqcategory_category_id_6bef36a9 ON public.categories_faqcategory USING btree (category_id);


--
-- Name: categories_faqmaincategory_main_category_id_890ee77a; Type: INDEX; Schema: public; Owner: jeremih
--

CREATE INDEX categories_faqmaincategory_main_category_id_890ee77a ON public.categories_faqmaincategory USING btree (main_category_id);


--
-- Name: categories_maincategory_mother_category_id_e6f2f895; Type: INDEX; Schema: public; Owner: jeremih
--

CREATE INDEX categories_maincategory_mother_category_id_e6f2f895 ON public.categories_maincategory USING btree (mother_category_id);


--
-- Name: categories_maincategory_slug_ed0e12ff; Type: INDEX; Schema: public; Owner: jeremih
--

CREATE INDEX categories_maincategory_slug_ed0e12ff ON public.categories_maincategory USING btree (slug);


--
-- Name: categories_maincategory_slug_ed0e12ff_like; Type: INDEX; Schema: public; Owner: jeremih
--

CREATE INDEX categories_maincategory_slug_ed0e12ff_like ON public.categories_maincategory USING btree (slug varchar_pattern_ops);


--
-- Name: categories_mothercategory_slug_43ec02da; Type: INDEX; Schema: public; Owner: jeremih
--

CREATE INDEX categories_mothercategory_slug_43ec02da ON public.categories_mothercategory USING btree (slug);


--
-- Name: categories_mothercategory_slug_43ec02da_like; Type: INDEX; Schema: public; Owner: jeremih
--

CREATE INDEX categories_mothercategory_slug_43ec02da_like ON public.categories_mothercategory USING btree (slug varchar_pattern_ops);


--
-- Name: categories_variation_category_id_a6dc6e92; Type: INDEX; Schema: public; Owner: jeremih
--

CREATE INDEX categories_variation_category_id_a6dc6e92 ON public.categories_variation USING btree (category_id);


--
-- Name: django_admin_log_content_type_id_c4bce8eb; Type: INDEX; Schema: public; Owner: jeremih
--

CREATE INDEX django_admin_log_content_type_id_c4bce8eb ON public.django_admin_log USING btree (content_type_id);


--
-- Name: django_admin_log_user_id_c564eba6; Type: INDEX; Schema: public; Owner: jeremih
--

CREATE INDEX django_admin_log_user_id_c564eba6 ON public.django_admin_log USING btree (user_id);


--
-- Name: django_session_expire_date_a5c62663; Type: INDEX; Schema: public; Owner: jeremih
--

CREATE INDEX django_session_expire_date_a5c62663 ON public.django_session USING btree (expire_date);


--
-- Name: django_session_session_key_c0390e0f_like; Type: INDEX; Schema: public; Owner: jeremih
--

CREATE INDEX django_session_session_key_c0390e0f_like ON public.django_session USING btree (session_key varchar_pattern_ops);


--
-- Name: django_site_domain_a2e37b91_like; Type: INDEX; Schema: public; Owner: jeremih
--

CREATE INDEX django_site_domain_a2e37b91_like ON public.django_site USING btree (domain varchar_pattern_ops);


--
-- Name: hitcount_blacklist_ip_ip_b1955e95_like; Type: INDEX; Schema: public; Owner: jeremih
--

CREATE INDEX hitcount_blacklist_ip_ip_b1955e95_like ON public.hitcount_blacklist_ip USING btree (ip varchar_pattern_ops);


--
-- Name: hitcount_blacklist_user_agent_user_agent_fbf2061c_like; Type: INDEX; Schema: public; Owner: jeremih
--

CREATE INDEX hitcount_blacklist_user_agent_user_agent_fbf2061c_like ON public.hitcount_blacklist_user_agent USING btree (user_agent varchar_pattern_ops);


--
-- Name: hitcount_hit_count_content_type_id_4a734fe1; Type: INDEX; Schema: public; Owner: jeremih
--

CREATE INDEX hitcount_hit_count_content_type_id_4a734fe1 ON public.hitcount_hit_count USING btree (content_type_id);


--
-- Name: hitcount_hit_created_79adf7bc; Type: INDEX; Schema: public; Owner: jeremih
--

CREATE INDEX hitcount_hit_created_79adf7bc ON public.hitcount_hit USING btree (created);


--
-- Name: hitcount_hit_hitcount_id_b7971910; Type: INDEX; Schema: public; Owner: jeremih
--

CREATE INDEX hitcount_hit_hitcount_id_b7971910 ON public.hitcount_hit USING btree (hitcount_id);


--
-- Name: hitcount_hit_ip_a52a62aa; Type: INDEX; Schema: public; Owner: jeremih
--

CREATE INDEX hitcount_hit_ip_a52a62aa ON public.hitcount_hit USING btree (ip);


--
-- Name: hitcount_hit_ip_a52a62aa_like; Type: INDEX; Schema: public; Owner: jeremih
--

CREATE INDEX hitcount_hit_ip_a52a62aa_like ON public.hitcount_hit USING btree (ip varchar_pattern_ops);


--
-- Name: hitcount_hit_session_5be83758; Type: INDEX; Schema: public; Owner: jeremih
--

CREATE INDEX hitcount_hit_session_5be83758 ON public.hitcount_hit USING btree (session);


--
-- Name: hitcount_hit_session_5be83758_like; Type: INDEX; Schema: public; Owner: jeremih
--

CREATE INDEX hitcount_hit_session_5be83758_like ON public.hitcount_hit USING btree (session varchar_pattern_ops);


--
-- Name: hitcount_hit_user_id_f7067f66; Type: INDEX; Schema: public; Owner: jeremih
--

CREATE INDEX hitcount_hit_user_id_f7067f66 ON public.hitcount_hit USING btree (user_id);


--
-- Name: merchandise_address_user_id_2c26b7e2; Type: INDEX; Schema: public; Owner: jeremih
--

CREATE INDEX merchandise_address_user_id_2c26b7e2 ON public.merchandise_address USING btree (user_id);


--
-- Name: merchandise_miniorder_product_id_8beaa3ee; Type: INDEX; Schema: public; Owner: jeremih
--

CREATE INDEX merchandise_miniorder_product_id_8beaa3ee ON public.merchandise_miniorder USING btree (product_id);


--
-- Name: merchandise_miniorder_user_id_6a857e16; Type: INDEX; Schema: public; Owner: jeremih
--

CREATE INDEX merchandise_miniorder_user_id_6a857e16 ON public.merchandise_miniorder USING btree (user_id);


--
-- Name: merchandise_order_billing_address_id_d8be1c1d; Type: INDEX; Schema: public; Owner: jeremih
--

CREATE INDEX merchandise_order_billing_address_id_d8be1c1d ON public.merchandise_order USING btree (billing_address_id);


--
-- Name: merchandise_order_coupon_id_cada80de; Type: INDEX; Schema: public; Owner: jeremih
--

CREATE INDEX merchandise_order_coupon_id_cada80de ON public.merchandise_order USING btree (coupon_id);


--
-- Name: merchandise_order_items_order_id_6c0860c8; Type: INDEX; Schema: public; Owner: jeremih
--

CREATE INDEX merchandise_order_items_order_id_6c0860c8 ON public.merchandise_order_items USING btree (order_id);


--
-- Name: merchandise_order_items_orderitem_id_4bd245ea; Type: INDEX; Schema: public; Owner: jeremih
--

CREATE INDEX merchandise_order_items_orderitem_id_4bd245ea ON public.merchandise_order_items USING btree (orderitem_id);


--
-- Name: merchandise_order_payment_id_925be8d7; Type: INDEX; Schema: public; Owner: jeremih
--

CREATE INDEX merchandise_order_payment_id_925be8d7 ON public.merchandise_order USING btree (payment_id);


--
-- Name: merchandise_order_producer_order_id_bca3755e; Type: INDEX; Schema: public; Owner: jeremih
--

CREATE INDEX merchandise_order_producer_order_id_bca3755e ON public.merchandise_order_producer USING btree (order_id);


--
-- Name: merchandise_order_producer_producerprofile_id_b83cb66a; Type: INDEX; Schema: public; Owner: jeremih
--

CREATE INDEX merchandise_order_producer_producerprofile_id_b83cb66a ON public.merchandise_order_producer USING btree (producerprofile_id);


--
-- Name: merchandise_order_shipping_address_id_b99f4678; Type: INDEX; Schema: public; Owner: jeremih
--

CREATE INDEX merchandise_order_shipping_address_id_b99f4678 ON public.merchandise_order USING btree (shipping_address_id);


--
-- Name: merchandise_order_user_id_fa8c8878; Type: INDEX; Schema: public; Owner: jeremih
--

CREATE INDEX merchandise_order_user_id_fa8c8878 ON public.merchandise_order USING btree (user_id);


--
-- Name: merchandise_orderitem_item_id_0b1de3f9; Type: INDEX; Schema: public; Owner: jeremih
--

CREATE INDEX merchandise_orderitem_item_id_0b1de3f9 ON public.merchandise_orderitem USING btree (item_id);


--
-- Name: merchandise_orderitem_user_id_2b363bf7; Type: INDEX; Schema: public; Owner: jeremih
--

CREATE INDEX merchandise_orderitem_user_id_2b363bf7 ON public.merchandise_orderitem USING btree (user_id);


--
-- Name: merchandise_payment_user_id_f0559efd; Type: INDEX; Schema: public; Owner: jeremih
--

CREATE INDEX merchandise_payment_user_id_f0559efd ON public.merchandise_payment USING btree (user_id);


--
-- Name: merchandise_refund_order_id_b6047679; Type: INDEX; Schema: public; Owner: jeremih
--

CREATE INDEX merchandise_refund_order_id_b6047679 ON public.merchandise_refund USING btree (order_id);


--
-- Name: pages_newstelleremails_user_id_3cd19fae; Type: INDEX; Schema: public; Owner: jeremih
--

CREATE INDEX pages_newstelleremails_user_id_3cd19fae ON public.pages_newstelleremails USING btree (user_id);


--
-- Name: products_label_slug_34f818d1; Type: INDEX; Schema: public; Owner: jeremih
--

CREATE INDEX products_label_slug_34f818d1 ON public.products_label USING btree (slug);


--
-- Name: products_label_slug_34f818d1_like; Type: INDEX; Schema: public; Owner: jeremih
--

CREATE INDEX products_label_slug_34f818d1_like ON public.products_label USING btree (slug varchar_pattern_ops);


--
-- Name: products_metadetail_user_id_3fcd6871; Type: INDEX; Schema: public; Owner: jeremih
--

CREATE INDEX products_metadetail_user_id_3fcd6871 ON public.products_metadetail USING btree (user_id);


--
-- Name: products_product_category_category_id_6bd7b606; Type: INDEX; Schema: public; Owner: jeremih
--

CREATE INDEX products_product_category_category_id_6bd7b606 ON public.products_product_category USING btree (category_id);


--
-- Name: products_product_category_product_id_08fb2842; Type: INDEX; Schema: public; Owner: jeremih
--

CREATE INDEX products_product_category_product_id_08fb2842 ON public.products_product_category USING btree (product_id);


--
-- Name: products_product_label_try_label_id_d0f0be05; Type: INDEX; Schema: public; Owner: jeremih
--

CREATE INDEX products_product_label_try_label_id_d0f0be05 ON public.products_product_label_try USING btree (label_id);


--
-- Name: products_product_label_try_product_id_c10885be; Type: INDEX; Schema: public; Owner: jeremih
--

CREATE INDEX products_product_label_try_product_id_c10885be ON public.products_product_label_try USING btree (product_id);


--
-- Name: products_product_producer_id_be45bf24; Type: INDEX; Schema: public; Owner: jeremih
--

CREATE INDEX products_product_producer_id_be45bf24 ON public.products_product USING btree (producer_id);


--
-- Name: products_product_slug_70d3148d; Type: INDEX; Schema: public; Owner: jeremih
--

CREATE INDEX products_product_slug_70d3148d ON public.products_product USING btree (slug);


--
-- Name: products_product_slug_70d3148d_like; Type: INDEX; Schema: public; Owner: jeremih
--

CREATE INDEX products_product_slug_70d3148d_like ON public.products_product USING btree (slug varchar_pattern_ops);


--
-- Name: products_productcomment_content_type_id_44e459d8; Type: INDEX; Schema: public; Owner: jeremih
--

CREATE INDEX products_productcomment_content_type_id_44e459d8 ON public.products_productcomment USING btree (content_type_id);


--
-- Name: products_productcomment_user_id_29c59a46; Type: INDEX; Schema: public; Owner: jeremih
--

CREATE INDEX products_productcomment_user_id_29c59a46 ON public.products_productcomment USING btree (user_id);


--
-- Name: products_productdetail_products_product_id_3ace9c6f; Type: INDEX; Schema: public; Owner: jeremih
--

CREATE INDEX products_productdetail_products_product_id_3ace9c6f ON public.products_productdetail_products USING btree (product_id);


--
-- Name: products_productdetail_products_productdetail_id_b6664917; Type: INDEX; Schema: public; Owner: jeremih
--

CREATE INDEX products_productdetail_products_productdetail_id_b6664917 ON public.products_productdetail_products USING btree (productdetail_id);


--
-- Name: products_productdetail_variation_id_8bc44520; Type: INDEX; Schema: public; Owner: jeremih
--

CREATE INDEX products_productdetail_variation_id_8bc44520 ON public.products_productdetail USING btree (variation_id);


--
-- Name: products_productvariation_variation_id_3abec4ae; Type: INDEX; Schema: public; Owner: jeremih
--

CREATE INDEX products_productvariation_variation_id_3abec4ae ON public.products_productvariation USING btree (variation_id);


--
-- Name: products_rating_content_type_id_9026441f; Type: INDEX; Schema: public; Owner: jeremih
--

CREATE INDEX products_rating_content_type_id_9026441f ON public.products_rating USING btree (content_type_id);


--
-- Name: products_rating_user_id_f9283a7e; Type: INDEX; Schema: public; Owner: jeremih
--

CREATE INDEX products_rating_user_id_f9283a7e ON public.products_rating USING btree (user_id);


--
-- Name: products_rating_user_id_object_id_3584ee2d_idx; Type: INDEX; Schema: public; Owner: jeremih
--

CREATE INDEX products_rating_user_id_object_id_3584ee2d_idx ON public.products_rating USING btree (user_id, object_id);


--
-- Name: products_sliderimage_content_type_id_e2733e46; Type: INDEX; Schema: public; Owner: jeremih
--

CREATE INDEX products_sliderimage_content_type_id_e2733e46 ON public.products_sliderimage USING btree (content_type_id);


--
-- Name: products_variation_product_id_58e457dc; Type: INDEX; Schema: public; Owner: jeremih
--

CREATE INDEX products_variation_product_id_58e457dc ON public.products_variation USING btree (product_id);


--
-- Name: socialaccount_socialaccount_user_id_8146e70c; Type: INDEX; Schema: public; Owner: jeremih
--

CREATE INDEX socialaccount_socialaccount_user_id_8146e70c ON public.socialaccount_socialaccount USING btree (user_id);


--
-- Name: socialaccount_socialapp_sites_site_id_2579dee5; Type: INDEX; Schema: public; Owner: jeremih
--

CREATE INDEX socialaccount_socialapp_sites_site_id_2579dee5 ON public.socialaccount_socialapp_sites USING btree (site_id);


--
-- Name: socialaccount_socialapp_sites_socialapp_id_97fb6e7d; Type: INDEX; Schema: public; Owner: jeremih
--

CREATE INDEX socialaccount_socialapp_sites_socialapp_id_97fb6e7d ON public.socialaccount_socialapp_sites USING btree (socialapp_id);


--
-- Name: socialaccount_socialtoken_account_id_951f210e; Type: INDEX; Schema: public; Owner: jeremih
--

CREATE INDEX socialaccount_socialtoken_account_id_951f210e ON public.socialaccount_socialtoken USING btree (account_id);


--
-- Name: socialaccount_socialtoken_app_id_636a42d7; Type: INDEX; Schema: public; Owner: jeremih
--

CREATE INDEX socialaccount_socialtoken_app_id_636a42d7 ON public.socialaccount_socialtoken USING btree (app_id);


--
-- Name: users_producerprofile_categoty_category_id_4b393d42; Type: INDEX; Schema: public; Owner: jeremih
--

CREATE INDEX users_producerprofile_categoty_category_id_4b393d42 ON public.users_producerprofile_categoty USING btree (category_id);


--
-- Name: users_producerprofile_categoty_producerprofile_id_62622dda; Type: INDEX; Schema: public; Owner: jeremih
--

CREATE INDEX users_producerprofile_categoty_producerprofile_id_62622dda ON public.users_producerprofile_categoty USING btree (producerprofile_id);


--
-- Name: users_tokentfa_user_id_bf4acbc5; Type: INDEX; Schema: public; Owner: jeremih
--

CREATE INDEX users_tokentfa_user_id_bf4acbc5 ON public.users_tokentfa USING btree (user_id);


--
-- Name: users_twofactortoken_user_id_95cd7ae3; Type: INDEX; Schema: public; Owner: jeremih
--

CREATE INDEX users_twofactortoken_user_id_95cd7ae3 ON public.users_twofactortoken USING btree (user_id);


--
-- Name: users_user_groups_group_id_9afc8d0e; Type: INDEX; Schema: public; Owner: jeremih
--

CREATE INDEX users_user_groups_group_id_9afc8d0e ON public.users_user_groups USING btree (group_id);


--
-- Name: users_user_groups_user_id_5f6f5a90; Type: INDEX; Schema: public; Owner: jeremih
--

CREATE INDEX users_user_groups_user_id_5f6f5a90 ON public.users_user_groups USING btree (user_id);


--
-- Name: users_user_phone_number_aff54ffd_like; Type: INDEX; Schema: public; Owner: jeremih
--

CREATE INDEX users_user_phone_number_aff54ffd_like ON public.users_user USING btree (phone_number varchar_pattern_ops);


--
-- Name: users_user_user_permissions_permission_id_0b93982e; Type: INDEX; Schema: public; Owner: jeremih
--

CREATE INDEX users_user_user_permissions_permission_id_0b93982e ON public.users_user_user_permissions USING btree (permission_id);


--
-- Name: users_user_user_permissions_user_id_20aca447; Type: INDEX; Schema: public; Owner: jeremih
--

CREATE INDEX users_user_user_permissions_user_id_20aca447 ON public.users_user_user_permissions USING btree (user_id);


--
-- Name: users_user_username_06e46fe6_like; Type: INDEX; Schema: public; Owner: jeremih
--

CREATE INDEX users_user_username_06e46fe6_like ON public.users_user USING btree (username varchar_pattern_ops);


--
-- Name: account_emailaddress account_emailaddress_user_id_2c513194_fk_users_user_id; Type: FK CONSTRAINT; Schema: public; Owner: jeremih
--

ALTER TABLE ONLY public.account_emailaddress
    ADD CONSTRAINT account_emailaddress_user_id_2c513194_fk_users_user_id FOREIGN KEY (user_id) REFERENCES public.users_user(id) DEFERRABLE INITIALLY DEFERRED;


--
-- Name: account_emailconfirmation account_emailconfirm_email_address_id_5b7f8c58_fk_account_e; Type: FK CONSTRAINT; Schema: public; Owner: jeremih
--

ALTER TABLE ONLY public.account_emailconfirmation
    ADD CONSTRAINT account_emailconfirm_email_address_id_5b7f8c58_fk_account_e FOREIGN KEY (email_address_id) REFERENCES public.account_emailaddress(id) DEFERRABLE INITIALLY DEFERRED;


--
-- Name: auth_group_permissions auth_group_permissio_permission_id_84c5c92e_fk_auth_perm; Type: FK CONSTRAINT; Schema: public; Owner: jeremih
--

ALTER TABLE ONLY public.auth_group_permissions
    ADD CONSTRAINT auth_group_permissio_permission_id_84c5c92e_fk_auth_perm FOREIGN KEY (permission_id) REFERENCES public.auth_permission(id) DEFERRABLE INITIALLY DEFERRED;


--
-- Name: auth_group_permissions auth_group_permissions_group_id_b120cbf9_fk_auth_group_id; Type: FK CONSTRAINT; Schema: public; Owner: jeremih
--

ALTER TABLE ONLY public.auth_group_permissions
    ADD CONSTRAINT auth_group_permissions_group_id_b120cbf9_fk_auth_group_id FOREIGN KEY (group_id) REFERENCES public.auth_group(id) DEFERRABLE INITIALLY DEFERRED;


--
-- Name: auth_permission auth_permission_content_type_id_2f476e4b_fk_django_co; Type: FK CONSTRAINT; Schema: public; Owner: jeremih
--

ALTER TABLE ONLY public.auth_permission
    ADD CONSTRAINT auth_permission_content_type_id_2f476e4b_fk_django_co FOREIGN KEY (content_type_id) REFERENCES public.django_content_type(id) DEFERRABLE INITIALLY DEFERRED;


--
-- Name: authtoken_token authtoken_token_user_id_35299eff_fk_users_user_id; Type: FK CONSTRAINT; Schema: public; Owner: jeremih
--

ALTER TABLE ONLY public.authtoken_token
    ADD CONSTRAINT authtoken_token_user_id_35299eff_fk_users_user_id FOREIGN KEY (user_id) REFERENCES public.users_user(id) DEFERRABLE INITIALLY DEFERRED;


--
-- Name: blog_comment blog_comment_post_id_580e96ef_fk_blog_post_id; Type: FK CONSTRAINT; Schema: public; Owner: jeremih
--

ALTER TABLE ONLY public.blog_comment
    ADD CONSTRAINT blog_comment_post_id_580e96ef_fk_blog_post_id FOREIGN KEY (post_id) REFERENCES public.blog_post(id) DEFERRABLE INITIALLY DEFERRED;


--
-- Name: blog_comment blog_comment_user_id_59a54155_fk_users_user_id; Type: FK CONSTRAINT; Schema: public; Owner: jeremih
--

ALTER TABLE ONLY public.blog_comment
    ADD CONSTRAINT blog_comment_user_id_59a54155_fk_users_user_id FOREIGN KEY (user_id) REFERENCES public.users_user(id) DEFERRABLE INITIALLY DEFERRED;


--
-- Name: blog_post blog_post_author_id_dd7a8485_fk_users_user_id; Type: FK CONSTRAINT; Schema: public; Owner: jeremih
--

ALTER TABLE ONLY public.blog_post
    ADD CONSTRAINT blog_post_author_id_dd7a8485_fk_users_user_id FOREIGN KEY (author_id) REFERENCES public.users_user(id) DEFERRABLE INITIALLY DEFERRED;


--
-- Name: blog_post_categories blog_post_categories_category_id_2211dae5_fk_categorie; Type: FK CONSTRAINT; Schema: public; Owner: jeremih
--

ALTER TABLE ONLY public.blog_post_categories
    ADD CONSTRAINT blog_post_categories_category_id_2211dae5_fk_categorie FOREIGN KEY (category_id) REFERENCES public.categories_category(id) DEFERRABLE INITIALLY DEFERRED;


--
-- Name: blog_post_categories blog_post_categories_post_id_c34e7be1_fk_blog_post_id; Type: FK CONSTRAINT; Schema: public; Owner: jeremih
--

ALTER TABLE ONLY public.blog_post_categories
    ADD CONSTRAINT blog_post_categories_post_id_c34e7be1_fk_blog_post_id FOREIGN KEY (post_id) REFERENCES public.blog_post(id) DEFERRABLE INITIALLY DEFERRED;


--
-- Name: categories_category categories_category_sub_category_of_id_72576107_fk_categorie; Type: FK CONSTRAINT; Schema: public; Owner: jeremih
--

ALTER TABLE ONLY public.categories_category
    ADD CONSTRAINT categories_category_sub_category_of_id_72576107_fk_categorie FOREIGN KEY (sub_category_of_id) REFERENCES public.categories_maincategory(id) DEFERRABLE INITIALLY DEFERRED;


--
-- Name: categories_categoryvariation categories_categoryv_variation_id_e66ef9ae_fk_categorie; Type: FK CONSTRAINT; Schema: public; Owner: jeremih
--

ALTER TABLE ONLY public.categories_categoryvariation
    ADD CONSTRAINT categories_categoryv_variation_id_e66ef9ae_fk_categorie FOREIGN KEY (variation_id) REFERENCES public.categories_variation(id) DEFERRABLE INITIALLY DEFERRED;


--
-- Name: categories_faqcategory categories_faqcatego_category_id_6bef36a9_fk_categorie; Type: FK CONSTRAINT; Schema: public; Owner: jeremih
--

ALTER TABLE ONLY public.categories_faqcategory
    ADD CONSTRAINT categories_faqcatego_category_id_6bef36a9_fk_categorie FOREIGN KEY (category_id) REFERENCES public.categories_category(id) DEFERRABLE INITIALLY DEFERRED;


--
-- Name: categories_faqmaincategory categories_faqmainca_main_category_id_890ee77a_fk_categorie; Type: FK CONSTRAINT; Schema: public; Owner: jeremih
--

ALTER TABLE ONLY public.categories_faqmaincategory
    ADD CONSTRAINT categories_faqmainca_main_category_id_890ee77a_fk_categorie FOREIGN KEY (main_category_id) REFERENCES public.categories_maincategory(id) DEFERRABLE INITIALLY DEFERRED;


--
-- Name: categories_maincategory categories_maincateg_mother_category_id_e6f2f895_fk_categorie; Type: FK CONSTRAINT; Schema: public; Owner: jeremih
--

ALTER TABLE ONLY public.categories_maincategory
    ADD CONSTRAINT categories_maincateg_mother_category_id_e6f2f895_fk_categorie FOREIGN KEY (mother_category_id) REFERENCES public.categories_mothercategory(id) DEFERRABLE INITIALLY DEFERRED;


--
-- Name: categories_variation categories_variation_category_id_a6dc6e92_fk_categorie; Type: FK CONSTRAINT; Schema: public; Owner: jeremih
--

ALTER TABLE ONLY public.categories_variation
    ADD CONSTRAINT categories_variation_category_id_a6dc6e92_fk_categorie FOREIGN KEY (category_id) REFERENCES public.categories_category(id) DEFERRABLE INITIALLY DEFERRED;


--
-- Name: django_admin_log django_admin_log_content_type_id_c4bce8eb_fk_django_co; Type: FK CONSTRAINT; Schema: public; Owner: jeremih
--

ALTER TABLE ONLY public.django_admin_log
    ADD CONSTRAINT django_admin_log_content_type_id_c4bce8eb_fk_django_co FOREIGN KEY (content_type_id) REFERENCES public.django_content_type(id) DEFERRABLE INITIALLY DEFERRED;


--
-- Name: django_admin_log django_admin_log_user_id_c564eba6_fk_users_user_id; Type: FK CONSTRAINT; Schema: public; Owner: jeremih
--

ALTER TABLE ONLY public.django_admin_log
    ADD CONSTRAINT django_admin_log_user_id_c564eba6_fk_users_user_id FOREIGN KEY (user_id) REFERENCES public.users_user(id) DEFERRABLE INITIALLY DEFERRED;


--
-- Name: hitcount_hit_count hitcount_hit_count_content_type_id_4a734fe1_fk_django_co; Type: FK CONSTRAINT; Schema: public; Owner: jeremih
--

ALTER TABLE ONLY public.hitcount_hit_count
    ADD CONSTRAINT hitcount_hit_count_content_type_id_4a734fe1_fk_django_co FOREIGN KEY (content_type_id) REFERENCES public.django_content_type(id) DEFERRABLE INITIALLY DEFERRED;


--
-- Name: hitcount_hit hitcount_hit_hitcount_id_b7971910_fk_hitcount_hit_count_id; Type: FK CONSTRAINT; Schema: public; Owner: jeremih
--

ALTER TABLE ONLY public.hitcount_hit
    ADD CONSTRAINT hitcount_hit_hitcount_id_b7971910_fk_hitcount_hit_count_id FOREIGN KEY (hitcount_id) REFERENCES public.hitcount_hit_count(id) DEFERRABLE INITIALLY DEFERRED;


--
-- Name: hitcount_hit hitcount_hit_user_id_f7067f66_fk_users_user_id; Type: FK CONSTRAINT; Schema: public; Owner: jeremih
--

ALTER TABLE ONLY public.hitcount_hit
    ADD CONSTRAINT hitcount_hit_user_id_f7067f66_fk_users_user_id FOREIGN KEY (user_id) REFERENCES public.users_user(id) DEFERRABLE INITIALLY DEFERRED;


--
-- Name: merchandise_address merchandise_address_user_id_2c26b7e2_fk_users_profile_id; Type: FK CONSTRAINT; Schema: public; Owner: jeremih
--

ALTER TABLE ONLY public.merchandise_address
    ADD CONSTRAINT merchandise_address_user_id_2c26b7e2_fk_users_profile_id FOREIGN KEY (user_id) REFERENCES public.users_profile(id) DEFERRABLE INITIALLY DEFERRED;


--
-- Name: merchandise_miniorder merchandise_miniorde_product_id_8beaa3ee_fk_products_; Type: FK CONSTRAINT; Schema: public; Owner: jeremih
--

ALTER TABLE ONLY public.merchandise_miniorder
    ADD CONSTRAINT merchandise_miniorde_product_id_8beaa3ee_fk_products_ FOREIGN KEY (product_id) REFERENCES public.products_product(id) DEFERRABLE INITIALLY DEFERRED;


--
-- Name: merchandise_miniorder merchandise_miniorder_user_id_6a857e16_fk_users_user_id; Type: FK CONSTRAINT; Schema: public; Owner: jeremih
--

ALTER TABLE ONLY public.merchandise_miniorder
    ADD CONSTRAINT merchandise_miniorder_user_id_6a857e16_fk_users_user_id FOREIGN KEY (user_id) REFERENCES public.users_user(id) DEFERRABLE INITIALLY DEFERRED;


--
-- Name: merchandise_order merchandise_order_billing_address_id_d8be1c1d_fk_merchandi; Type: FK CONSTRAINT; Schema: public; Owner: jeremih
--

ALTER TABLE ONLY public.merchandise_order
    ADD CONSTRAINT merchandise_order_billing_address_id_d8be1c1d_fk_merchandi FOREIGN KEY (billing_address_id) REFERENCES public.merchandise_address(id) DEFERRABLE INITIALLY DEFERRED;


--
-- Name: merchandise_order merchandise_order_coupon_id_cada80de_fk_merchandise_coupon_id; Type: FK CONSTRAINT; Schema: public; Owner: jeremih
--

ALTER TABLE ONLY public.merchandise_order
    ADD CONSTRAINT merchandise_order_coupon_id_cada80de_fk_merchandise_coupon_id FOREIGN KEY (coupon_id) REFERENCES public.merchandise_coupon(id) DEFERRABLE INITIALLY DEFERRED;


--
-- Name: merchandise_order_items merchandise_order_it_order_id_6c0860c8_fk_merchandi; Type: FK CONSTRAINT; Schema: public; Owner: jeremih
--

ALTER TABLE ONLY public.merchandise_order_items
    ADD CONSTRAINT merchandise_order_it_order_id_6c0860c8_fk_merchandi FOREIGN KEY (order_id) REFERENCES public.merchandise_order(id) DEFERRABLE INITIALLY DEFERRED;


--
-- Name: merchandise_order_items merchandise_order_it_orderitem_id_4bd245ea_fk_merchandi; Type: FK CONSTRAINT; Schema: public; Owner: jeremih
--

ALTER TABLE ONLY public.merchandise_order_items
    ADD CONSTRAINT merchandise_order_it_orderitem_id_4bd245ea_fk_merchandi FOREIGN KEY (orderitem_id) REFERENCES public.merchandise_orderitem(id) DEFERRABLE INITIALLY DEFERRED;


--
-- Name: merchandise_order merchandise_order_payment_id_925be8d7_fk_merchandise_payment_id; Type: FK CONSTRAINT; Schema: public; Owner: jeremih
--

ALTER TABLE ONLY public.merchandise_order
    ADD CONSTRAINT merchandise_order_payment_id_925be8d7_fk_merchandise_payment_id FOREIGN KEY (payment_id) REFERENCES public.merchandise_payment(id) DEFERRABLE INITIALLY DEFERRED;


--
-- Name: merchandise_order_producer merchandise_order_pr_order_id_bca3755e_fk_merchandi; Type: FK CONSTRAINT; Schema: public; Owner: jeremih
--

ALTER TABLE ONLY public.merchandise_order_producer
    ADD CONSTRAINT merchandise_order_pr_order_id_bca3755e_fk_merchandi FOREIGN KEY (order_id) REFERENCES public.merchandise_order(id) DEFERRABLE INITIALLY DEFERRED;


--
-- Name: merchandise_order_producer merchandise_order_pr_producerprofile_id_b83cb66a_fk_users_pro; Type: FK CONSTRAINT; Schema: public; Owner: jeremih
--

ALTER TABLE ONLY public.merchandise_order_producer
    ADD CONSTRAINT merchandise_order_pr_producerprofile_id_b83cb66a_fk_users_pro FOREIGN KEY (producerprofile_id) REFERENCES public.users_producerprofile(profile_ptr_id) DEFERRABLE INITIALLY DEFERRED;


--
-- Name: merchandise_order merchandise_order_shipping_address_id_b99f4678_fk_merchandi; Type: FK CONSTRAINT; Schema: public; Owner: jeremih
--

ALTER TABLE ONLY public.merchandise_order
    ADD CONSTRAINT merchandise_order_shipping_address_id_b99f4678_fk_merchandi FOREIGN KEY (shipping_address_id) REFERENCES public.merchandise_address(id) DEFERRABLE INITIALLY DEFERRED;


--
-- Name: merchandise_order merchandise_order_user_id_fa8c8878_fk_users_profile_id; Type: FK CONSTRAINT; Schema: public; Owner: jeremih
--

ALTER TABLE ONLY public.merchandise_order
    ADD CONSTRAINT merchandise_order_user_id_fa8c8878_fk_users_profile_id FOREIGN KEY (user_id) REFERENCES public.users_profile(id) DEFERRABLE INITIALLY DEFERRED;


--
-- Name: merchandise_orderitem merchandise_orderitem_item_id_0b1de3f9_fk_products_product_id; Type: FK CONSTRAINT; Schema: public; Owner: jeremih
--

ALTER TABLE ONLY public.merchandise_orderitem
    ADD CONSTRAINT merchandise_orderitem_item_id_0b1de3f9_fk_products_product_id FOREIGN KEY (item_id) REFERENCES public.products_product(id) DEFERRABLE INITIALLY DEFERRED;


--
-- Name: merchandise_orderitem merchandise_orderitem_user_id_2b363bf7_fk_users_profile_id; Type: FK CONSTRAINT; Schema: public; Owner: jeremih
--

ALTER TABLE ONLY public.merchandise_orderitem
    ADD CONSTRAINT merchandise_orderitem_user_id_2b363bf7_fk_users_profile_id FOREIGN KEY (user_id) REFERENCES public.users_profile(id) DEFERRABLE INITIALLY DEFERRED;


--
-- Name: merchandise_payment merchandise_payment_user_id_f0559efd_fk_users_profile_id; Type: FK CONSTRAINT; Schema: public; Owner: jeremih
--

ALTER TABLE ONLY public.merchandise_payment
    ADD CONSTRAINT merchandise_payment_user_id_f0559efd_fk_users_profile_id FOREIGN KEY (user_id) REFERENCES public.users_profile(id) DEFERRABLE INITIALLY DEFERRED;


--
-- Name: merchandise_refund merchandise_refund_order_id_b6047679_fk_merchandise_order_id; Type: FK CONSTRAINT; Schema: public; Owner: jeremih
--

ALTER TABLE ONLY public.merchandise_refund
    ADD CONSTRAINT merchandise_refund_order_id_b6047679_fk_merchandise_order_id FOREIGN KEY (order_id) REFERENCES public.merchandise_order(id) DEFERRABLE INITIALLY DEFERRED;


--
-- Name: pages_newstelleremails pages_newstelleremails_user_id_3cd19fae_fk_users_user_id; Type: FK CONSTRAINT; Schema: public; Owner: jeremih
--

ALTER TABLE ONLY public.pages_newstelleremails
    ADD CONSTRAINT pages_newstelleremails_user_id_3cd19fae_fk_users_user_id FOREIGN KEY (user_id) REFERENCES public.users_user(id) DEFERRABLE INITIALLY DEFERRED;


--
-- Name: products_metadetail products_metadetail_product_id_792f5ee0_fk_products_product_id; Type: FK CONSTRAINT; Schema: public; Owner: jeremih
--

ALTER TABLE ONLY public.products_metadetail
    ADD CONSTRAINT products_metadetail_product_id_792f5ee0_fk_products_product_id FOREIGN KEY (product_id) REFERENCES public.products_product(id) DEFERRABLE INITIALLY DEFERRED;


--
-- Name: products_metadetail products_metadetail_user_id_3fcd6871_fk_users_user_id; Type: FK CONSTRAINT; Schema: public; Owner: jeremih
--

ALTER TABLE ONLY public.products_metadetail
    ADD CONSTRAINT products_metadetail_user_id_3fcd6871_fk_users_user_id FOREIGN KEY (user_id) REFERENCES public.users_user(id) DEFERRABLE INITIALLY DEFERRED;


--
-- Name: products_product_category products_product_cat_category_id_6bd7b606_fk_categorie; Type: FK CONSTRAINT; Schema: public; Owner: jeremih
--

ALTER TABLE ONLY public.products_product_category
    ADD CONSTRAINT products_product_cat_category_id_6bd7b606_fk_categorie FOREIGN KEY (category_id) REFERENCES public.categories_category(id) DEFERRABLE INITIALLY DEFERRED;


--
-- Name: products_product_category products_product_cat_product_id_08fb2842_fk_products_; Type: FK CONSTRAINT; Schema: public; Owner: jeremih
--

ALTER TABLE ONLY public.products_product_category
    ADD CONSTRAINT products_product_cat_product_id_08fb2842_fk_products_ FOREIGN KEY (product_id) REFERENCES public.products_product(id) DEFERRABLE INITIALLY DEFERRED;


--
-- Name: products_product_label_try products_product_lab_label_id_d0f0be05_fk_products_; Type: FK CONSTRAINT; Schema: public; Owner: jeremih
--

ALTER TABLE ONLY public.products_product_label_try
    ADD CONSTRAINT products_product_lab_label_id_d0f0be05_fk_products_ FOREIGN KEY (label_id) REFERENCES public.products_label(id) DEFERRABLE INITIALLY DEFERRED;


--
-- Name: products_product_label_try products_product_lab_product_id_c10885be_fk_products_; Type: FK CONSTRAINT; Schema: public; Owner: jeremih
--

ALTER TABLE ONLY public.products_product_label_try
    ADD CONSTRAINT products_product_lab_product_id_c10885be_fk_products_ FOREIGN KEY (product_id) REFERENCES public.products_product(id) DEFERRABLE INITIALLY DEFERRED;


--
-- Name: products_product products_product_producer_id_be45bf24_fk_users_pro; Type: FK CONSTRAINT; Schema: public; Owner: jeremih
--

ALTER TABLE ONLY public.products_product
    ADD CONSTRAINT products_product_producer_id_be45bf24_fk_users_pro FOREIGN KEY (producer_id) REFERENCES public.users_producerprofile(profile_ptr_id) DEFERRABLE INITIALLY DEFERRED;


--
-- Name: products_productcomment products_productcomm_content_type_id_44e459d8_fk_django_co; Type: FK CONSTRAINT; Schema: public; Owner: jeremih
--

ALTER TABLE ONLY public.products_productcomment
    ADD CONSTRAINT products_productcomm_content_type_id_44e459d8_fk_django_co FOREIGN KEY (content_type_id) REFERENCES public.django_content_type(id) DEFERRABLE INITIALLY DEFERRED;


--
-- Name: products_productcomment products_productcomment_user_id_29c59a46_fk_users_user_id; Type: FK CONSTRAINT; Schema: public; Owner: jeremih
--

ALTER TABLE ONLY public.products_productcomment
    ADD CONSTRAINT products_productcomment_user_id_29c59a46_fk_users_user_id FOREIGN KEY (user_id) REFERENCES public.users_user(id) DEFERRABLE INITIALLY DEFERRED;


--
-- Name: products_productdetail_products products_productdeta_product_id_3ace9c6f_fk_products_; Type: FK CONSTRAINT; Schema: public; Owner: jeremih
--

ALTER TABLE ONLY public.products_productdetail_products
    ADD CONSTRAINT products_productdeta_product_id_3ace9c6f_fk_products_ FOREIGN KEY (product_id) REFERENCES public.products_product(id) DEFERRABLE INITIALLY DEFERRED;


--
-- Name: products_productdetail_products products_productdeta_productdetail_id_b6664917_fk_products_; Type: FK CONSTRAINT; Schema: public; Owner: jeremih
--

ALTER TABLE ONLY public.products_productdetail_products
    ADD CONSTRAINT products_productdeta_productdetail_id_b6664917_fk_products_ FOREIGN KEY (productdetail_id) REFERENCES public.products_productdetail(id) DEFERRABLE INITIALLY DEFERRED;


--
-- Name: products_productdetail products_productdeta_variation_id_8bc44520_fk_categorie; Type: FK CONSTRAINT; Schema: public; Owner: jeremih
--

ALTER TABLE ONLY public.products_productdetail
    ADD CONSTRAINT products_productdeta_variation_id_8bc44520_fk_categorie FOREIGN KEY (variation_id) REFERENCES public.categories_variation(id) DEFERRABLE INITIALLY DEFERRED;


--
-- Name: products_productvariation products_productvari_variation_id_3abec4ae_fk_products_; Type: FK CONSTRAINT; Schema: public; Owner: jeremih
--

ALTER TABLE ONLY public.products_productvariation
    ADD CONSTRAINT products_productvari_variation_id_3abec4ae_fk_products_ FOREIGN KEY (variation_id) REFERENCES public.products_variation(id) DEFERRABLE INITIALLY DEFERRED;


--
-- Name: products_rating products_rating_content_type_id_9026441f_fk_django_co; Type: FK CONSTRAINT; Schema: public; Owner: jeremih
--

ALTER TABLE ONLY public.products_rating
    ADD CONSTRAINT products_rating_content_type_id_9026441f_fk_django_co FOREIGN KEY (content_type_id) REFERENCES public.django_content_type(id) DEFERRABLE INITIALLY DEFERRED;


--
-- Name: products_rating products_rating_user_id_f9283a7e_fk_users_user_id; Type: FK CONSTRAINT; Schema: public; Owner: jeremih
--

ALTER TABLE ONLY public.products_rating
    ADD CONSTRAINT products_rating_user_id_f9283a7e_fk_users_user_id FOREIGN KEY (user_id) REFERENCES public.users_user(id) DEFERRABLE INITIALLY DEFERRED;


--
-- Name: products_sliderimage products_sliderimage_content_type_id_e2733e46_fk_django_co; Type: FK CONSTRAINT; Schema: public; Owner: jeremih
--

ALTER TABLE ONLY public.products_sliderimage
    ADD CONSTRAINT products_sliderimage_content_type_id_e2733e46_fk_django_co FOREIGN KEY (content_type_id) REFERENCES public.django_content_type(id) DEFERRABLE INITIALLY DEFERRED;


--
-- Name: products_variation products_variation_product_id_58e457dc_fk_products_product_id; Type: FK CONSTRAINT; Schema: public; Owner: jeremih
--

ALTER TABLE ONLY public.products_variation
    ADD CONSTRAINT products_variation_product_id_58e457dc_fk_products_product_id FOREIGN KEY (product_id) REFERENCES public.products_product(id) DEFERRABLE INITIALLY DEFERRED;


--
-- Name: socialaccount_socialtoken socialaccount_social_account_id_951f210e_fk_socialacc; Type: FK CONSTRAINT; Schema: public; Owner: jeremih
--

ALTER TABLE ONLY public.socialaccount_socialtoken
    ADD CONSTRAINT socialaccount_social_account_id_951f210e_fk_socialacc FOREIGN KEY (account_id) REFERENCES public.socialaccount_socialaccount(id) DEFERRABLE INITIALLY DEFERRED;


--
-- Name: socialaccount_socialtoken socialaccount_social_app_id_636a42d7_fk_socialacc; Type: FK CONSTRAINT; Schema: public; Owner: jeremih
--

ALTER TABLE ONLY public.socialaccount_socialtoken
    ADD CONSTRAINT socialaccount_social_app_id_636a42d7_fk_socialacc FOREIGN KEY (app_id) REFERENCES public.socialaccount_socialapp(id) DEFERRABLE INITIALLY DEFERRED;


--
-- Name: socialaccount_socialapp_sites socialaccount_social_site_id_2579dee5_fk_django_si; Type: FK CONSTRAINT; Schema: public; Owner: jeremih
--

ALTER TABLE ONLY public.socialaccount_socialapp_sites
    ADD CONSTRAINT socialaccount_social_site_id_2579dee5_fk_django_si FOREIGN KEY (site_id) REFERENCES public.django_site(id) DEFERRABLE INITIALLY DEFERRED;


--
-- Name: socialaccount_socialapp_sites socialaccount_social_socialapp_id_97fb6e7d_fk_socialacc; Type: FK CONSTRAINT; Schema: public; Owner: jeremih
--

ALTER TABLE ONLY public.socialaccount_socialapp_sites
    ADD CONSTRAINT socialaccount_social_socialapp_id_97fb6e7d_fk_socialacc FOREIGN KEY (socialapp_id) REFERENCES public.socialaccount_socialapp(id) DEFERRABLE INITIALLY DEFERRED;


--
-- Name: socialaccount_socialaccount socialaccount_socialaccount_user_id_8146e70c_fk_users_user_id; Type: FK CONSTRAINT; Schema: public; Owner: jeremih
--

ALTER TABLE ONLY public.socialaccount_socialaccount
    ADD CONSTRAINT socialaccount_socialaccount_user_id_8146e70c_fk_users_user_id FOREIGN KEY (user_id) REFERENCES public.users_user(id) DEFERRABLE INITIALLY DEFERRED;


--
-- Name: users_producerprofile_categoty users_producerprofil_category_id_4b393d42_fk_categorie; Type: FK CONSTRAINT; Schema: public; Owner: jeremih
--

ALTER TABLE ONLY public.users_producerprofile_categoty
    ADD CONSTRAINT users_producerprofil_category_id_4b393d42_fk_categorie FOREIGN KEY (category_id) REFERENCES public.categories_category(id) DEFERRABLE INITIALLY DEFERRED;


--
-- Name: users_producerprofile_categoty users_producerprofil_producerprofile_id_62622dda_fk_users_pro; Type: FK CONSTRAINT; Schema: public; Owner: jeremih
--

ALTER TABLE ONLY public.users_producerprofile_categoty
    ADD CONSTRAINT users_producerprofil_producerprofile_id_62622dda_fk_users_pro FOREIGN KEY (producerprofile_id) REFERENCES public.users_producerprofile(profile_ptr_id) DEFERRABLE INITIALLY DEFERRED;


--
-- Name: users_producerprofile users_producerprofil_profile_ptr_id_5a5586af_fk_users_pro; Type: FK CONSTRAINT; Schema: public; Owner: jeremih
--

ALTER TABLE ONLY public.users_producerprofile
    ADD CONSTRAINT users_producerprofil_profile_ptr_id_5a5586af_fk_users_pro FOREIGN KEY (profile_ptr_id) REFERENCES public.users_profile(id) DEFERRABLE INITIALLY DEFERRED;


--
-- Name: users_profile users_profile_user_id_2112e78d_fk_users_user_id; Type: FK CONSTRAINT; Schema: public; Owner: jeremih
--

ALTER TABLE ONLY public.users_profile
    ADD CONSTRAINT users_profile_user_id_2112e78d_fk_users_user_id FOREIGN KEY (user_id) REFERENCES public.users_user(id) DEFERRABLE INITIALLY DEFERRED;


--
-- Name: users_tokentfa users_tokentfa_user_id_bf4acbc5_fk_users_user_id; Type: FK CONSTRAINT; Schema: public; Owner: jeremih
--

ALTER TABLE ONLY public.users_tokentfa
    ADD CONSTRAINT users_tokentfa_user_id_bf4acbc5_fk_users_user_id FOREIGN KEY (user_id) REFERENCES public.users_user(id) DEFERRABLE INITIALLY DEFERRED;


--
-- Name: users_twofactortoken users_twofactortoken_user_id_95cd7ae3_fk_users_user_id; Type: FK CONSTRAINT; Schema: public; Owner: jeremih
--

ALTER TABLE ONLY public.users_twofactortoken
    ADD CONSTRAINT users_twofactortoken_user_id_95cd7ae3_fk_users_user_id FOREIGN KEY (user_id) REFERENCES public.users_user(id) DEFERRABLE INITIALLY DEFERRED;


--
-- Name: users_user_groups users_user_groups_group_id_9afc8d0e_fk_auth_group_id; Type: FK CONSTRAINT; Schema: public; Owner: jeremih
--

ALTER TABLE ONLY public.users_user_groups
    ADD CONSTRAINT users_user_groups_group_id_9afc8d0e_fk_auth_group_id FOREIGN KEY (group_id) REFERENCES public.auth_group(id) DEFERRABLE INITIALLY DEFERRED;


--
-- Name: users_user_groups users_user_groups_user_id_5f6f5a90_fk_users_user_id; Type: FK CONSTRAINT; Schema: public; Owner: jeremih
--

ALTER TABLE ONLY public.users_user_groups
    ADD CONSTRAINT users_user_groups_user_id_5f6f5a90_fk_users_user_id FOREIGN KEY (user_id) REFERENCES public.users_user(id) DEFERRABLE INITIALLY DEFERRED;


--
-- Name: users_user_user_permissions users_user_user_perm_permission_id_0b93982e_fk_auth_perm; Type: FK CONSTRAINT; Schema: public; Owner: jeremih
--

ALTER TABLE ONLY public.users_user_user_permissions
    ADD CONSTRAINT users_user_user_perm_permission_id_0b93982e_fk_auth_perm FOREIGN KEY (permission_id) REFERENCES public.auth_permission(id) DEFERRABLE INITIALLY DEFERRED;


--
-- Name: users_user_user_permissions users_user_user_permissions_user_id_20aca447_fk_users_user_id; Type: FK CONSTRAINT; Schema: public; Owner: jeremih
--

ALTER TABLE ONLY public.users_user_user_permissions
    ADD CONSTRAINT users_user_user_permissions_user_id_20aca447_fk_users_user_id FOREIGN KEY (user_id) REFERENCES public.users_user(id) DEFERRABLE INITIALLY DEFERRED;


--
-- PostgreSQL database dump complete
--

